date,hard_coal_tran_actual,gas_tran_actual,biomass_tran_actual,pumped_storage_tran_actual,hydro_tran_actual,other_conv_tran_actual,hard_coal_tran_fitted,gas_tran_fitted,biomass_tran_fitted,pumped_storage_tran_fitted,hydro_tran_fitted,other_conv_tran_fitted,hard_coal_tran_lower,gas_tran_lower,biomass_tran_lower,pumped_storage_tran_lower,hydro_tran_lower,other_conv_tran_lower,hard_coal_tran_upper,gas_tran_upper,biomass_tran_upper,pumped_storage_tran_upper,hydro_tran_upper,other_conv_tran_upper
2026-03-13 00:00:00+00:00,,,,,,,1172.2867498393323,338.87443696191195,405.5611849843599,232.31038536566658,573.8913985824942,111.12584334736522,1167.420260362171,337.94031014033726,412.57634673345655,322.70358383678763,577.7499313408988,110.19598543167115,1167.420260362171,337.94031014033726,412.57634673345655,322.70358383678763,577.7499313408988,110.19598543167115
2026-03-13 01:00:00+00:00,,,,,,,1172.2909686333576,338.9739936675156,406.93466971914313,240.19212065676174,573.8913985824942,111.12584334736522,1167.420260362171,337.94031014033726,412.57634673345655,322.70358383678763,577.7499313408988,110.19598543167115,1167.420260362171,337.94031014033726,412.57634673345655,322.70358383678763,577.7499313408988,110.19598543167115
2026-03-13 02:00:00+00:00,,,,,,,1187.917332639138,339.0553932480885,408.3988693692661,248.07385594785688,573.8913985824942,111.12584334736522,1167.420260362171,337.94031014033726,412.57634673345655,322.70358383678763,577.7499313408988,110.19598543167115,1167.420260362171,337.94031014033726,412.57634673345655,322.70358383678763,577.7499313408988,110.19598543167115
2026-03-13 03:00:00+00:00,,,,,,,1205.1305302123487,339.0213871041966,409.6912280423254,255.95559123895208,573.8913985824942,111.12584334736522,1167.420260362171,337.94031014033726,412.57634673345655,322.70358383678763,577.7499313408988,110.19598543167115,1167.420260362171,337.94031014033726,412.57634673345655,322.70358383678763,577.7499313408988,110.19598543167115
2026-03-13 04:00:00+00:00,,,,,,,1209.0414929027293,339.0606251054615,410.89351600801183,263.8373265300472,573.8913985824942,111.12584334736522,1167.420260362171,337.94031014033726,412.57634673345655,322.70358383678763,577.7499313408988,110.19598543167115,1167.420260362171,337.94031014033726,412.57634673345655,322.70358383678763,577.7499313408988,110.19598543167115
2026-03-13 05:00:00+00:00,,,,,,,1275.4208664756104,339.0784745209701,413.18169402751124,271.7190618211424,573.8913985824942,111.12584334736522,1167.420260362171,337.94031014033726,412.57634673345655,322.70358383678763,577.7499313408988,110.19598543167115,1167.420260362171,337.94031014033726,412.57634673345655,322.70358383678763,577.7499313408988,110.19598543167115
2026-03-13 06:00:00+00:00,,,,,,,1314.0238498256938,339.02431071305614,414.60752701099267,279.60079711223756,573.8913985824942,111.12584334736522,1167.420260362171,337.94031014033726,412.57634673345655,322.70358383678763,577.7499313408988,110.19598543167115,1167.420260362171,337.94031014033726,412.57634673345655,322.70358383678763,577.7499313408988,110.19598543167115
2026-03-13 07:00:00+00:00,,,,,,,1264.4796301501203,338.8842851739681,413.4184933597048,287.4825324033327,573.8913985824942,111.12584334736522,1167.420260362171,337.94031014033726,412.57634673345655,322.70358383678763,577.7499313408988,110.19598543167115,1167.420260362171,337.94031014033726,412.57634673345655,322.70358383678763,577.7499313408988,110.19598543167115
2026-03-13 08:00:00+00:00,,,,,,,1197.4745648141297,338.70656023405513,411.8288495772916,295.3642676944279,573.8913985824942,111.12584334736522,1167.420260362171,337.94031014033726,412.57634673345655,322.70358383678763,577.7499313408988,110.19598543167115,1167.420260362171,337.94031014033726,412.57634673345655,322.70358383678763,577.7499313408988,110.19598543167115
2026-03-13 09:00:00+00:00,,,,,,,1145.0670187150852,338.2016983992925,408.96922810024256,303.24600298552303,573.8913985824942,111.12584334736522,1167.420260362171,337.94031014033726,412.57634673345655,322.70358383678763,577.7499313408988,110.19598543167115,1167.420260362171,337.94031014033726,412.57634673345655,322.70358383678763,577.7499313408988,110.19598543167115
2026-03-13 10:00:00+00:00,,,,,,,1097.9552258629035,337.8203979283875,406.20509137059605,311.12773827661823,573.8913985824942,111.12584334736522,1167.420260362171,337.94031014033726,412.57634673345655,322.70358383678763,577.7499313408988,110.19598543167115,1167.420260362171,337.94031014033726,412.57634673345655,322.70358383678763,577.7499313408988,110.19598543167115
2026-03-13 11:00:00+00:00,,,,,,,1081.2237709422902,337.59374101005176,404.9633962452293,319.00947356771337,573.8913985824942,111.12584334736522,1167.420260362171,337.94031014033726,412.57634673345655,322.70358383678763,577.7499313408988,110.19598543167115,1167.420260362171,337.94031014033726,412.57634673345655,322.70358383678763,577.7499313408988,110.19598543167115
2026-03-13 12:00:00+00:00,,,,,,,1086.6360904094656,337.5146496501105,406.47171173687735,326.8912088588085,573.8913985824942,111.12584334736522,1167.420260362171,337.94031014033726,412.57634673345655,322.70358383678763,577.7499313408988,110.19598543167115,1167.420260362171,337.94031014033726,412.57634673345655,322.70358383678763,577.7499313408988,110.19598543167115
2026-03-13 13:00:00+00:00,,,,,,,1109.9064281663548,337.4183241733739,406.8855062249001,334.7729441499037,573.8913985824942,111.12584334736522,1167.420260362171,337.94031014033726,412.57634673345655,322.70358383678763,577.7499313408988,110.19598543167115,1167.420260362171,337.94031014033726,412.57634673345655,322.70358383678763,577.7499313408988,110.19598543167115
2026-03-13 14:00:00+00:00,,,,,,,1147.2981768797235,337.34692633817934,409.75246601562793,342.65467944099885,573.8913985824942,111.12584334736522,1167.420260362171,337.94031014033726,412.57634673345655,322.70358383678763,577.7499313408988,110.19598543167115,1167.420260362171,337.94031014033726,412.57634673345655,322.70358383678763,577.7499313408988,110.19598543167115
2026-03-13 15:00:00+00:00,,,,,,,1225.5375936349026,337.3021488874158,412.5740477294309,350.53641473209404,573.8913985824942,111.12584334736522,1167.420260362171,337.94031014033726,412.57634673345655,322.70358383678763,577.7499313408988,110.19598543167115,1167.420260362171,337.94031014033726,412.57634673345655,322.70358383678763,577.7499313408988,110.19598543167115
2026-03-13 16:00:00+00:00,,,,,,,1265.5507251951005,337.27752907279245,414.71645282472963,358.4181500231892,573.8913985824942,111.12584334736522,1167.420260362171,337.94031014033726,412.57634673345655,322.70358383678763,577.7499313408988,110.19598543167115,1167.420260362171,337.94031014033726,412.57634673345655,322.70358383678763,577.7499313408988,110.19598543167115
2026-03-13 17:00:00+00:00,,,,,,,1257.2825374916108,337.3990897215639,416.6530061880067,366.2998853142844,573.8913985824942,111.12584334736522,1167.420260362171,337.94031014033726,412.57634673345655,322.70358383678763,577.7499313408988,110.19598543167115,1167.420260362171,337.94031014033726,412.57634673345655,322.70358383678763,577.7499313408988,110.19598543167115
2026-03-13 18:00:00+00:00,,,,,,,1276.0771460132237,337.6014344174019,418.57100060893094,374.1816206053795,573.8913985824942,111.12584334736522,1167.420260362171,337.94031014033726,412.57634673345655,322.70358383678763,577.7499313408988,110.19598543167115,1167.420260362171,337.94031014033726,412.57634673345655,322.70358383678763,577.7499313408988,110.19598543167115
2026-03-13 19:00:00+00:00,,,,,,,1272.4309562763951,337.7800824829468,419.8476661521221,382.06335589647466,573.8913985824942,111.12584334736522,1167.420260362171,337.94031014033726,412.57634673345655,322.70358383678763,577.7499313408988,110.19598543167115,1167.420260362171,337.94031014033726,412.57634673345655,322.70358383678763,577.7499313408988,110.19598543167115
2026-03-13 20:00:00+00:00,,,,,,,1264.7284708354962,337.8631749267398,421.20106126282815,389.94509118756986,573.8913985824942,111.12584334736522,1167.420260362171,337.94031014033726,412.57634673345655,322.70358383678763,577.7499313408988,110.19598543167115,1167.420260362171,337.94031014033726,412.57634673345655,322.70358383678763,577.7499313408988,110.19598543167115
2026-03-13 21:00:00+00:00,,,,,,,1252.1293617404033,337.93549582886806,422.0724888129982,397.826826478665,573.8913985824942,111.12584334736522,1167.420260362171,337.94031014033726,412.57634673345655,322.70358383678763,577.7499313408988,110.19598543167115,1167.420260362171,337.94031014033726,412.57634673345655,322.70358383678763,577.7499313408988,110.19598543167115
2026-03-13 22:00:00+00:00,,,,,,,1237.8578463264128,337.97796517346194,422.6753194270992,405.7085617697602,573.8913985824942,111.12584334736522,1167.420260362171,337.94031014033726,412.57634673345655,322.70358383678763,577.7499313408988,110.19598543167115,1167.420260362171,337.94031014033726,412.57634673345655,322.70358383678763,577.7499313408988,110.19598543167115
2026-03-13 23:00:00+00:00,,,,,,,1213.5599239351611,338.01981910488064,422.6397850854142,413.59029706085533,573.8913985824942,111.12584334736522,1167.420260362171,337.94031014033726,412.57634673345655,322.70358383678763,577.7499313408988,110.19598543167115,1167.420260362171,337.94031014033726,412.57634673345655,322.70358383678763,577.7499313408988,110.19598543167115
2026-03-14 00:00:00+00:00,,,,,,,1184.1356648210774,338.0253586130776,399.876912634225,232.31038536566658,573.8913985824942,111.12584334736522,1167.420260362171,337.94031014033726,412.57634673345655,322.70358383678763,577.7499313408988,110.19598543167115,1167.420260362171,337.94031014033726,412.57634673345655,322.70358383678763,577.7499313408988,110.19598543167115
2026-03-14 01:00:00+00:00,,,,,,,1198.304370406142,338.0555179358978,400.6870194711481,240.19212065676174,573.8913985824942,111.12584334736522,1167.420260362171,337.94031014033726,412.57634673345655,322.70358383678763,577.7499313408988,110.19598543167115,1167.420260362171,337.94031014033726,412.57634673345655,322.70358383678763,577.7499313408988,110.19598543167115
2026-03-14 02:00:00+00:00,,,,,,,1210.6356618901923,338.29663883679314,402.693433711586,248.07385594785688,573.8913985824942,111.12584334736522,1167.420260362171,337.94031014033726,412.57634673345655,322.70358383678763,577.7499313408988,110.19598543167115,1167.420260362171,337.94031014033726,412.57634673345655,322.70358383678763,577.7499313408988,110.19598543167115
2026-03-14 03:00:00+00:00,,,,,,,1234.2948388789862,338.3488021027812,404.7936502950327,255.95559123895208,573.8913985824942,111.12584334736522,1167.420260362171,337.94031014033726,412.57634673345655,322.70358383678763,577.7499313408988,110.19598543167115,1167.420260362171,337.94031014033726,412.57634673345655,322.70358383678763,577.7499313408988,110.19598543167115
2026-03-14 04:00:00+00:00,,,,,,,1222.7333858341249,338.4574374281312,405.36565933268975,263.8373265300472,573.8913985824942,111.12584334736522,1167.420260362171,337.94031014033726,412.57634673345655,322.70358383678763,577.7499313408988,110.19598543167115,1167.420260362171,337.94031014033726,412.57634673345655,322.70358383678763,577.7499313408988,110.19598543167115
2026-03-14 05:00:00+00:00,,,,,,,1247.042553693975,338.65485809351486,407.44480134136205,271.7190618211424,573.8913985824942,111.12584334736522,1167.420260362171,337.94031014033726,412.57634673345655,322.70358383678763,577.7499313408988,110.19598543167115,1167.420260362171,337.94031014033726,412.57634673345655,322.70358383678763,577.7499313408988,110.19598543167115
2026-03-14 06:00:00+00:00,,,,,,,1260.2098820696478,338.79688414371236,408.8399061689875,279.60079711223756,573.8913985824942,111.12584334736522,1167.420260362171,337.94031014033726,412.57634673345655,322.70358383678763,577.7499313408988,110.19598543167115,1167.420260362171,337.94031014033726,412.57634673345655,322.70358383678763,577.7499313408988,110.19598543167115
2026-03-14 07:00:00+00:00,,,,,,,1278.1023808079476,338.857510613337,410.92237427458156,287.4825324033327,573.8913985824942,111.12584334736522,1167.420260362171,337.94031014033726,412.57634673345655,322.70358383678763,577.7499313408988,110.19598543167115,1167.420260362171,337.94031014033726,412.57634673345655,322.70358383678763,577.7499313408988,110.19598543167115
2026-03-14 08:00:00+00:00,,,,,,,1287.5867175687229,338.815041296625,412.13380358990224,295.3642676944279,573.8913985824942,111.12584334736522,1167.420260362171,337.94031014033726,412.57634673345655,322.70358383678763,577.7499313408988,110.19598543167115,1167.420260362171,337.94031014033726,412.57634673345655,322.70358383678763,577.7499313408988,110.19598543167115
2026-03-14 09:00:00+00:00,,,,,,,1274.1423732238636,338.80565502605475,412.9227446996552,303.24600298552303,573.8913985824942,111.12584334736522,1167.420260362171,337.94031014033726,412.57634673345655,322.70358383678763,577.7499313408988,110.19598543167115,1167.420260362171,337.94031014033726,412.57634673345655,322.70358383678763,577.7499313408988,110.19598543167115
2026-03-14 10:00:00+00:00,,,,,,,1266.8369339459398,338.7054828764595,413.1398075582716,311.12773827661823,573.8913985824942,111.12584334736522,1167.420260362171,337.94031014033726,412.57634673345655,322.70358383678763,577.7499313408988,110.19598543167115,1167.420260362171,337.94031014033726,412.57634673345655,322.70358383678763,577.7499313408988,110.19598543167115
2026-03-14 11:00:00+00:00,,,,,,,1247.7498593540256,338.6000787799765,413.1452680237209,319.00947356771337,573.8913985824942,111.12584334736522,1167.420260362171,337.94031014033726,412.57634673345655,322.70358383678763,577.7499313408988,110.19598543167115,1167.420260362171,337.94031014033726,412.57634673345655,322.70358383678763,577.7499313408988,110.19598543167115
2026-03-14 12:00:00+00:00,,,,,,,1223.9088398382594,338.4732863325303,413.1206178474889,326.8912088588085,573.8913985824942,111.12584334736522,1167.420260362171,337.94031014033726,412.57634673345655,322.70358383678763,577.7499313408988,110.19598543167115,1167.420260362171,337.94031014033726,412.57634673345655,322.70358383678763,577.7499313408988,110.19598543167115
2026-03-14 13:00:00+00:00,,,,,,,1220.1923104939215,338.35495708578617,413.85225013355955,334.7729441499037,573.8913985824942,111.12584334736522,1167.420260362171,337.94031014033726,412.57634673345655,322.70358383678763,577.7499313408988,110.19598543167115,1167.420260362171,337.94031014033726,412.57634673345655,322.70358383678763,577.7499313408988,110.19598543167115
2026-03-14 14:00:00+00:00,,,,,,,1223.5703974583616,338.35788066676383,414.45318825805583,342.65467944099885,573.8913985824942,111.12584334736522,1167.420260362171,337.94031014033726,412.57634673345655,322.70358383678763,577.7499313408988,110.19598543167115,1167.420260362171,337.94031014033726,412.57634673345655,322.70358383678763,577.7499313408988,110.19598543167115
2026-03-14 15:00:00+00:00,,,,,,,1252.2574210102798,338.36726693439954,416.3521873046717,350.53641473209404,573.8913985824942,111.12584334736522,1167.420260362171,337.94031014033726,412.57634673345655,322.70358383678763,577.7499313408988,110.19598543167115,1167.420260362171,337.94031014033726,412.57634673345655,322.70358383678763,577.7499313408988,110.19598543167115
2026-03-14 16:00:00+00:00,,,,,,,1280.7341027723005,338.43666431718293,418.25880062357413,358.4181500231892,573.8913985824942,111.12584334736522,1167.420260362171,337.94031014033726,412.57634673345655,322.70358383678763,577.7499313408988,110.19598543167115,1167.420260362171,337.94031014033726,412.57634673345655,322.70358383678763,577.7499313408988,110.19598543167115
2026-03-14 17:00:00+00:00,,,,,,,1307.4741104028737,338.5605331278877,420.48765007961765,366.2998853142844,573.8913985824942,111.12584334736522,1167.420260362171,337.94031014033726,412.57634673345655,322.70358383678763,577.7499313408988,110.19598543167115,1167.420260362171,337.94031014033726,412.57634673345655,322.70358383678763,577.7499313408988,110.19598543167115
2026-03-14 18:00:00+00:00,,,,,,,1324.4678340040434,338.7424125983944,423.3400459743418,374.1816206053795,573.8913985824942,111.12584334736522,1167.420260362171,337.94031014033726,412.57634673345655,322.70358383678763,577.7499313408988,110.19598543167115,1167.420260362171,337.94031014033726,412.57634673345655,322.70358383678763,577.7499313408988,110.19598543167115
2026-03-14 19:00:00+00:00,,,,,,,1310.6389292233416,338.87074364628063,424.3570757413227,382.06335589647466,573.8913985824942,111.12584334736522,1167.420260362171,337.94031014033726,412.57634673345655,322.70358383678763,577.7499313408988,110.19598543167115,1167.420260362171,337.94031014033726,412.57634673345655,322.70358383678763,577.7499313408988,110.19598543167115
2026-03-14 20:00:00+00:00,,,,,,,1318.2955071016734,338.9641454554594,426.11144921911125,389.94509118756986,573.8913985824942,111.12584334736522,1167.420260362171,337.94031014033726,412.57634673345655,322.70358383678763,577.7499313408988,110.19598543167115,1167.420260362171,337.94031014033726,412.57634673345655,322.70358383678763,577.7499313408988,110.19598543167115
2026-03-14 21:00:00+00:00,,,,,,,1285.5007940200449,339.0273877965396,427.0695886824313,397.826826478665,573.8913985824942,111.12584334736522,1167.420260362171,337.94031014033726,412.57634673345655,322.70358383678763,577.7499313408988,110.19598543167115,1167.420260362171,337.94031014033726,412.57634673345655,322.70358383678763,577.7499313408988,110.19598543167115
2026-03-14 22:00:00+00:00,,,,,,,1265.7860246231864,339.11555774834534,427.63370057402796,405.7085617697602,573.8913985824942,111.12584334736522,1167.420260362171,337.94031014033726,412.57634673345655,322.70358383678763,577.7499313408988,110.19598543167115,1167.420260362171,337.94031014033726,412.57634673345655,322.70358383678763,577.7499313408988,110.19598543167115
2026-03-14 23:00:00+00:00,,,,,,,1241.2286589535465,339.16125835262267,428.0183251402588,413.59029706085533,573.8913985824942,111.12584334736522,1167.420260362171,337.94031014033726,412.57634673345655,322.70358383678763,577.7499313408988,110.19598543167115,1167.420260362171,337.94031014033726,412.57634673345655,322.70358383678763,577.7499313408988,110.19598543167115
2026-03-15 00:00:00+00:00,,,,,,,1234.0615627798293,339.2682008734508,405.80275123593594,232.31038536566658,573.8913985824942,111.12584334736522,1167.420260362171,337.94031014033726,412.57634673345655,322.70358383678763,577.7499313408988,110.19598543167115,1167.420260362171,337.94031014033726,412.57634673345655,322.70358383678763,577.7499313408988,110.19598543167115
2026-03-15 01:00:00+00:00,,,,,,,1247.3205831564835,339.31067021951196,407.1218911427833,240.19212065676174,573.8913985824942,111.12584334736522,1167.420260362171,337.94031014033726,412.57634673345655,322.70358383678763,577.7499313408988,110.19598543167115,1167.420260362171,337.94031014033726,412.57634673345655,322.70358383678763,577.7499313408988,110.19598543167115
2026-03-15 02:00:00+00:00,,,,,,,1246.9459174474323,339.37775935231457,408.2720019851847,248.07385594785688,573.8913985824942,111.12584334736522,1167.420260362171,337.94031014033726,412.57634673345655,322.70358383678763,577.7499313408988,110.19598543167115,1167.420260362171,337.94031014033726,412.57634673345655,322.70358383678763,577.7499313408988,110.19598543167115
2026-03-15 03:00:00+00:00,,,,,,,1243.598114574812,339.41084234122536,409.33390918709557,255.95559123895208,573.8913985824942,111.12584334736522,1167.420260362171,337.94031014033726,412.57634673345655,322.70358383678763,577.7499313408988,110.19598543167115,1167.420260362171,337.94031014033726,412.57634673345655,322.70358383678763,577.7499313408988,110.19598543167115
2026-03-15 04:00:00+00:00,,,,,,,1255.1269562080909,339.47762379385495,410.37969610119706,263.8373265300472,573.8913985824942,111.12584334736522,1167.420260362171,337.94031014033726,412.57634673345655,322.70358383678763,577.7499313408988,110.19598543167115,1167.420260362171,337.94031014033726,412.57634673345655,322.70358383678763,577.7499313408988,110.19598543167115
2026-03-15 05:00:00+00:00,,,,,,,1266.0879830851454,339.541481580394,411.89143642478126,271.7190618211424,573.8913985824942,111.12584334736522,1167.420260362171,337.94031014033726,412.57634673345655,322.70358383678763,577.7499313408988,110.19598543167115,1167.420260362171,337.94031014033726,412.57634673345655,322.70358383678763,577.7499313408988,110.19598543167115
2026-03-15 06:00:00+00:00,,,,,,,1290.845100732994,339.5564074178595,412.890283786249,279.60079711223756,573.8913985824942,111.12584334736522,1167.420260362171,337.94031014033726,412.57634673345655,322.70358383678763,577.7499313408988,110.19598543167115,1167.420260362171,337.94031014033726,412.57634673345655,322.70358383678763,577.7499313408988,110.19598543167115
2026-03-15 07:00:00+00:00,,,,,,,1291.0889205440599,339.46146712417,413.7145061753081,287.4825324033327,573.8913985824942,111.12584334736522,1167.420260362171,337.94031014033726,412.57634673345655,322.70358383678763,577.7499313408988,110.19598543167115,1167.420260362171,337.94031014033726,412.57634673345655,322.70358383678763,577.7499313408988,110.19598543167115
2026-03-15 08:00:00+00:00,,,,,,,1255.1182850975613,339.2605074074024,413.06279835773955,295.3642676944279,573.8913985824942,111.12584334736522,1167.420260362171,337.94031014033726,412.57634673345655,322.70358383678763,577.7499313408988,110.19598543167115,1167.420260362171,337.94031014033726,412.57634673345655,322.70358383678763,577.7499313408988,110.19598543167115
2026-03-15 09:00:00+00:00,,,,,,,1207.8612981439028,339.0235410341662,411.86149673694797,303.24600298552303,573.8913985824942,111.12584334736522,1167.420260362171,337.94031014033726,412.57634673345655,322.70358383678763,577.7499313408988,110.19598543167115,1167.420260362171,337.94031014033726,412.57634673345655,322.70358383678763,577.7499313408988,110.19598543167115
2026-03-15 10:00:00+00:00,,,,,,,1165.1998471780128,338.7537432665547,411.18016944358936,311.12773827661823,573.8913985824942,111.12584334736522,1167.420260362171,337.94031014033726,412.57634673345655,322.70358383678763,577.7499313408988,110.19598543167115,1167.420260362171,337.94031014033726,412.57634673345655,322.70358383678763,577.7499313408988,110.19598543167115
2026-03-15 11:00:00+00:00,,,,,,,1140.1495986663228,338.56788381664694,411.01537707319284,319.00947356771337,573.8913985824942,111.12584334736522,1167.420260362171,337.94031014033726,412.57634673345655,322.70358383678763,577.7499313408988,110.19598543167115,1167.420260362171,337.94031014033726,412.57634673345655,322.70358383678763,577.7499313408988,110.19598543167115
2026-03-15 12:00:00+00:00,,,,,,,1111.503645897402,338.4775418197758,410.7650905115321,326.8912088588085,573.8913985824942,111.12584334736522,1167.420260362171,337.94031014033726,412.57634673345655,322.70358383678763,577.7499313408988,110.19598543167115,1167.420260362171,337.94031014033726,412.57634673345655,322.70358383678763,577.7499313408988,110.19598543167115
2026-03-15 13:00:00+00:00,,,,,,,1106.4985827310543,338.40135627210276,411.36588281072727,334.7729441499037,573.8913985824942,111.12584334736522,1167.420260362171,337.94031014033726,412.57634673345655,322.70358383678763,577.7499313408988,110.19598543167115,1167.420260362171,337.94031014033726,412.57634673345655,322.70358383678763,577.7499313408988,110.19598543167115
2026-03-15 14:00:00+00:00,,,,,,,1148.88344078288,338.3258039063144,413.67730417658,342.65467944099885,573.8913985824942,111.12584334736522,1167.420260362171,337.94031014033726,412.57634673345655,322.70358383678763,577.7499313408988,110.19598543167115,1167.420260362171,337.94031014033726,412.57634673345655,322.70358383678763,577.7499313408988,110.19598543167115
2026-03-15 15:00:00+00:00,,,,,,,1200.8377351706756,338.33872934713236,415.792695216042,350.53641473209404,573.8913985824942,111.12584334736522,1167.420260362171,337.94031014033726,412.57634673345655,322.70358383678763,577.7499313408988,110.19598543167115,1167.420260362171,337.94031014033726,412.57634673345655,322.70358383678763,577.7499313408988,110.19598543167115
2026-03-15 16:00:00+00:00,,,,,,,1267.7819416924192,338.3808909264404,418.50725258745683,358.4181500231892,573.8913985824942,111.12584334736522,1167.420260362171,337.94031014033726,412.57634673345655,322.70358383678763,577.7499313408988,110.19598543167115,1167.420260362171,337.94031014033726,412.57634673345655,322.70358383678763,577.7499313408988,110.19598543167115
2026-03-15 17:00:00+00:00,,,,,,,1298.3325239166672,338.56215486344075,421.2641358826499,366.2998853142844,573.8913985824942,111.12584334736522,1167.420260362171,337.94031014033726,412.57634673345655,322.70358383678763,577.7499313408988,110.19598543167115,1167.420260362171,337.94031014033726,412.57634673345655,322.70358383678763,577.7499313408988,110.19598543167115
2026-03-15 18:00:00+00:00,,,,,,,1293.3584544461812,339.0005428963977,423.793987957472,374.1816206053795,573.8913985824942,111.12584334736522,1167.420260362171,337.94031014033726,412.57634673345655,322.70358383678763,577.7499313408988,110.19598543167115,1167.420260362171,337.94031014033726,412.57634673345655,322.70358383678763,577.7499313408988,110.19598543167115
2026-03-15 19:00:00+00:00,,,,,,,1263.372584334911,339.2638218579626,425.62837696185716,382.06335589647466,573.8913985824942,111.12584334736522,1167.420260362171,337.94031014033726,412.57634673345655,322.70358383678763,577.7499313408988,110.19598543167115,1167.420260362171,337.94031014033726,412.57634673345655,322.70358383678763,577.7499313408988,110.19598543167115
2026-03-15 20:00:00+00:00,,,,,,,1241.8817080431722,339.3932302788527,427.15225015521213,389.94509118756986,573.8913985824942,111.12584334736522,1167.420260362171,337.94031014033726,412.57634673345655,322.70358383678763,577.7499313408988,110.19598543167115,1167.420260362171,337.94031014033726,412.57634673345655,322.70358383678763,577.7499313408988,110.19598543167115
2026-03-15 21:00:00+00:00,,,,,,,1238.9861199513405,339.5047892115949,428.1888148284914,397.826826478665,573.8913985824942,111.12584334736522,1167.420260362171,337.94031014033726,412.57634673345655,322.70358383678763,577.7499313408988,110.19598543167115,1167.420260362171,337.94031014033726,412.57634673345655,322.70358383678763,577.7499313408988,110.19598543167115
2026-03-15 22:00:00+00:00,,,,,,,1220.6126461417257,339.5648002651098,429.66245857197515,405.7085617697602,573.8913985824942,111.12584334736522,1167.420260362171,337.94031014033726,412.57634673345655,322.70358383678763,577.7499313408988,110.19598543167115,1167.420260362171,337.94031014033726,412.57634673345655,322.70358383678763,577.7499313408988,110.19598543167115
2026-03-15 23:00:00+00:00,,,,,,,1196.9098850331925,339.6377366713952,430.84328620478243,413.59029706085533,573.8913985824942,111.12584334736522,1167.420260362171,337.94031014033726,412.57634673345655,322.70358383678763,577.7499313408988,110.19598543167115,1167.420260362171,337.94031014033726,412.57634673345655,322.70358383678763,577.7499313408988,110.19598543167115
2026-03-16 00:00:00+00:00,,,,,,,1200.9394328034502,339.6538933410802,408.3210573368082,232.31038536566658,573.8913985824942,111.12584334736522,1167.420260362171,337.94031014033726,412.57634673345655,322.70358383678763,577.7499313408988,110.19598543167115,1167.420260362171,337.94031014033726,412.57634673345655,322.70358383678763,577.7499313408988,110.19598543167115
2026-03-16 01:00:00+00:00,,,,,,,1195.5705405815359,339.5384876459646,408.64956739752677,240.19212065676174,573.8913985824942,111.12584334736522,1167.420260362171,337.94031014033726,412.57634673345655,322.70358383678763,577.7499313408988,110.19598543167115,1167.420260362171,337.94031014033726,412.57634673345655,322.70358383678763,577.7499313408988,110.19598543167115
2026-03-16 02:00:00+00:00,,,,,,,1210.2121387542215,339.55110524739024,409.42720422530965,248.07385594785688,573.8913985824942,111.12584334736522,1167.420260362171,337.94031014033726,412.57634673345655,322.70358383678763,577.7499313408988,110.19598543167115,1167.420260362171,337.94031014033726,412.57634673345655,322.70358383678763,577.7499313408988,110.19598543167115
2026-03-16 03:00:00+00:00,,,,,,,1227.5249873130133,339.47847659244974,409.86787741011403,255.95559123895208,573.8913985824942,111.12584334736522,1167.420260362171,337.94031014033726,412.57634673345655,322.70358383678763,577.7499313408988,110.19598543167115,1167.420260362171,337.94031014033726,412.57634673345655,322.70358383678763,577.7499313408988,110.19598543167115
2026-03-16 04:00:00+00:00,,,,,,,1243.5454360662713,339.4327759588233,411.2817965777857,263.8373265300472,573.8913985824942,111.12584334736522,1167.420260362171,337.94031014033726,412.57634673345655,322.70358383678763,577.7499313408988,110.19598543167115,1167.420260362171,337.94031014033726,412.57634673345655,322.70358383678763,577.7499313408988,110.19598543167115
2026-03-16 05:00:00+00:00,,,,,,,1310.7473465020555,339.37445769442206,413.92514598963714,271.7190618211424,573.8913985824942,111.12584334736522,1167.420260362171,337.94031014033726,412.57634673345655,322.70358383678763,577.7499313408988,110.19598543167115,1167.420260362171,337.94031014033726,412.57634673345655,322.70358383678763,577.7499313408988,110.19598543167115
2026-03-16 06:00:00+00:00,,,,,,,1337.9751631879658,339.3624554812244,415.4279354638565,279.60079711223756,573.8913985824942,111.12584334736522,1167.420260362171,337.94031014033726,412.57634673345655,322.70358383678763,577.7499313408988,110.19598543167115,1167.420260362171,337.94031014033726,412.57634673345655,322.70358383678763,577.7499313408988,110.19598543167115
2026-03-16 07:00:00+00:00,,,,,,,1334.9808534909216,339.3079839791965,415.7067561234109,287.4825324033327,573.8913985824942,111.12584334736522,1167.420260362171,337.94031014033726,412.57634673345655,322.70358383678763,577.7499313408988,110.19598543167115,1167.420260362171,337.94031014033726,412.57634673345655,322.70358383678763,577.7499313408988,110.19598543167115
2026-03-16 08:00:00+00:00,,,,,,,1309.689758107739,339.15749478406065,414.34633776499896,295.3642676944279,573.8913985824942,111.12584334736522,1167.420260362171,337.94031014033726,412.57634673345655,322.70358383678763,577.7499313408988,110.19598543167115,1167.420260362171,337.94031014033726,412.57634673345655,322.70358383678763,577.7499313408988,110.19598543167115
2026-03-16 09:00:00+00:00,,,,,,,1281.6548249123052,338.8711345187977,414.570688764682,303.24600298552303,573.8913985824942,111.12584334736522,1167.420260362171,337.94031014033726,412.57634673345655,322.70358383678763,577.7499313408988,110.19598543167115,1167.420260362171,337.94031014033726,412.57634673345655,322.70358383678763,577.7499313408988,110.19598543167115
2026-03-16 10:00:00+00:00,,,,,,,1256.7663731159607,338.58415886530685,414.7664385948288,311.12773827661823,573.8913985824942,111.12584334736522,1167.420260362171,337.94031014033726,412.57634673345655,322.70358383678763,577.7499313408988,110.19598543167115,1167.420260362171,337.94031014033726,412.57634673345655,322.70358383678763,577.7499313408988,110.19598543167115
2026-03-16 11:00:00+00:00,,,,,,,1238.719501839768,338.36365687127784,414.13790855638183,319.00947356771337,573.8913985824942,111.12584334736522,1167.420260362171,337.94031014033726,412.57634673345655,322.70358383678763,577.7499313408988,110.19598543167115,1167.420260362171,337.94031014033726,412.57634673345655,322.70358383678763,577.7499313408988,110.19598543167115
2026-03-16 12:00:00+00:00,,,,,,,1240.6471726136192,338.253790769472,414.87554056771376,326.8912088588085,573.8913985824942,111.12584334736522,1167.420260362171,337.94031014033726,412.57634673345655,322.70358383678763,577.7499313408988,110.19598543167115,1167.420260362171,337.94031014033726,412.57634673345655,322.70358383678763,577.7499313408988,110.19598543167115
2026-03-16 13:00:00+00:00,,,,,,,1252.0195942712546,338.1996269336762,415.72694463266436,334.7729441499037,573.8913985824942,111.12584334736522,1167.420260362171,337.94031014033726,412.57634673345655,322.70358383678763,577.7499313408988,110.19598543167115,1167.420260362171,337.94031014033726,412.57634673345655,322.70358383678763,577.7499313408988,110.19598543167115
2026-03-16 14:00:00+00:00,,,,,,,1267.887442100072,338.21516812855316,416.8059312615126,342.65467944099885,573.8913985824942,111.12584334736522,1167.420260362171,337.94031014033726,412.57634673345655,322.70358383678763,577.7499313408988,110.19598543167115,1167.420260362171,337.94031014033726,412.57634673345655,322.70358383678763,577.7499313408988,110.19598543167115
2026-03-16 15:00:00+00:00,,,,,,,1284.5149008441588,338.2757946568761,418.27891721330906,350.53641473209404,573.8913985824942,111.12584334736522,1167.420260362171,337.94031014033726,412.57634673345655,322.70358383678763,577.7499313408988,110.19598543167115,1167.420260362171,337.94031014033726,412.57634673345655,322.70358383678763,577.7499313408988,110.19598543167115
2026-03-16 16:00:00+00:00,,,,,,,1333.1192881943166,338.38735350157094,421.2533062924255,358.4181500231892,573.8913985824942,111.12584334736522,1167.420260362171,337.94031014033726,412.57634673345655,322.70358383678763,577.7499313408988,110.19598543167115,1167.420260362171,337.94031014033726,412.57634673345655,322.70358383678763,577.7499313408988,110.19598543167115
2026-03-16 17:00:00+00:00,,,,,,,1379.1179068882425,338.5472290259753,423.6650754378197,366.2998853142844,573.8913985824942,111.12584334736522,1167.420260362171,337.94031014033726,412.57634673345655,322.70358383678763,577.7499313408988,110.19598543167115,1167.420260362171,337.94031014033726,412.57634673345655,322.70358383678763,577.7499313408988,110.19598543167115
2026-03-16 18:00:00+00:00,,,,,,,1373.9567626544695,338.69802596144973,424.906385420965,374.1816206053795,573.8913985824942,111.12584334736522,1167.420260362171,337.94031014033726,412.57634673345655,322.70358383678763,577.7499313408988,110.19598543167115,1167.420260362171,337.94031014033726,412.57634673345655,322.70358383678763,577.7499313408988,110.19598543167115
2026-03-16 19:00:00+00:00,,,,,,,1361.401611752385,338.8280498138578,426.0534572037451,382.06335589647466,573.8913985824942,111.12584334736522,1167.420260362171,337.94031014033726,412.57634673345655,322.70358383678763,577.7499313408988,110.19598543167115,1167.420260362171,337.94031014033726,412.57634673345655,322.70358383678763,577.7499313408988,110.19598543167115
2026-03-16 20:00:00+00:00,,,,,,,1334.0493741861678,338.9489950465194,426.56942463948025,389.94509118756986,573.8913985824942,111.12584334736522,1167.420260362171,337.94031014033726,412.57634673345655,322.70358383678763,577.7499313408988,110.19598543167115,1167.420260362171,337.94031014033726,412.57634673345655,322.70358383678763,577.7499313408988,110.19598543167115
2026-03-16 21:00:00+00:00,,,,,,,1306.3970465169298,339.042704534404,427.1299670597578,397.826826478665,573.8913985824942,111.12584334736522,1167.420260362171,337.94031014033726,412.57634673345655,322.70358383678763,577.7499313408988,110.19598543167115,1167.420260362171,337.94031014033726,412.57634673345655,322.70358383678763,577.7499313408988,110.19598543167115
2026-03-16 22:00:00+00:00,,,,,,,1289.174788718974,339.1121018584891,427.7043017820447,405.7085617697602,573.8913985824942,111.12584334736522,1167.420260362171,337.94031014033726,412.57634673345655,322.70358383678763,577.7499313408988,110.19598543167115,1167.420260362171,337.94031014033726,412.57634673345655,322.70358383678763,577.7499313408988,110.19598543167115
2026-03-16 23:00:00+00:00,,,,,,,1260.6214691814757,339.1542634377971,427.95871251498886,413.59029706085533,573.8913985824942,111.12584334736522,1167.420260362171,337.94031014033726,412.57634673345655,322.70358383678763,577.7499313408988,110.19598543167115,1167.420260362171,337.94031014033726,412.57634673345655,322.70358383678763,577.7499313408988,110.19598543167115
2026-03-17 00:00:00+00:00,,,,,,,1255.7678861783565,339.181191473052,405.86472636813136,232.31038536566658,573.8913985824942,111.12584334736522,1167.420260362171,337.94031014033726,412.57634673345655,322.70358383678763,577.7499313408988,110.19598543167115,1167.420260362171,337.94031014033726,412.57634673345655,322.70358383678763,577.7499313408988,110.19598543167115
2026-03-17 01:00:00+00:00,,,,,,,1255.9041355485751,339.19319370165795,407.09996961625194,240.19212065676174,573.8913985824942,111.12584334736522,1167.420260362171,337.94031014033726,412.57634673345655,322.70358383678763,577.7499313408988,110.19598543167115,1167.420260362171,337.94031014033726,412.57634673345655,322.70358383678763,577.7499313408988,110.19598543167115
2026-03-17 02:00:00+00:00,,,,,,,1261.861228028605,339.18703871865296,408.03053794668,248.07385594785688,573.8913985824942,111.12584334736522,1167.420260362171,337.94031014033726,412.57634673345655,322.70358383678763,577.7499313408988,110.19598543167115,1167.420260362171,337.94031014033726,412.57634673345655,322.70358383678763,577.7499313408988,110.19598543167115
2026-03-17 03:00:00+00:00,,,,,,,1276.3643286547392,339.1808837943463,409.4661281702593,255.95559123895208,573.8913985824942,111.12584334736522,1167.420260362171,337.94031014033726,412.57634673345655,322.70358383678763,577.7499313408988,110.19598543167115,1167.420260362171,337.94031014033726,412.57634673345655,322.70358383678763,577.7499313408988,110.19598543167115
2026-03-17 04:00:00+00:00,,,,,,,1307.0622472391822,339.19288596425395,411.12764485005425,263.8373265300472,573.8913985824942,111.12584334736522,1167.420260362171,337.94031014033726,412.57634673345655,322.70358383678763,577.7499313408988,110.19598543167115,1167.420260362171,337.94031014033726,412.57634673345655,322.70358383678763,577.7499313408988,110.19598543167115
2026-03-17 05:00:00+00:00,,,,,,,1373.4269820141612,339.19580960099535,414.3169716431622,271.7190618211424,573.8913985824942,111.12584334736522,1167.420260362171,337.94031014033726,412.57634673345655,322.70358383678763,577.7499313408988,110.19598543167115,1167.420260362171,337.94031014033726,412.57634673345655,322.70358383678763,577.7499313408988,110.19598543167115
2026-03-17 06:00:00+00:00,,,,,,,1390.969146700736,339.1413381143757,415.03515455948485,279.60079711223756,573.8913985824942,111.12584334736522,1167.420260362171,337.94031014033726,412.57634673345655,322.70358383678763,577.7499313408988,110.19598543167115,1167.420260362171,337.94031014033726,412.57634673345655,322.70358383678763,577.7499313408988,110.19598543167115
2026-03-17 07:00:00+00:00,,,,,,,1378.293508197809,339.0022357288014,415.1682718458151,287.4825324033327,573.8913985824942,111.12584334736522,1167.420260362171,337.94031014033726,412.57634673345655,322.70358383678763,577.7499313408988,110.19598543167115,1167.420260362171,337.94031014033726,412.57634673345655,322.70358383678763,577.7499313408988,110.19598543167115
2026-03-17 08:00:00+00:00,,,,,,,1351.5253030782696,338.7995832368611,414.6927792556355,295.3642676944279,573.8913985824942,111.12584334736522,1167.420260362171,337.94031014033726,412.57634673345655,322.70358383678763,577.7499313408988,110.19598543167115,1167.420260362171,337.94031014033726,412.57634673345655,322.70358383678763,577.7499313408988,110.19598543167115
2026-03-17 09:00:00+00:00,,,,,,,1306.5243196799192,338.58785218093817,413.5634874203406,303.24600298552303,573.8913985824942,111.12584334736522,1167.420260362171,337.94031014033726,412.57634673345655,322.70358383678763,577.7499313408988,110.19598543167115,1167.420260362171,337.94031014033726,412.57634673345655,322.70358383678763,577.7499313408988,110.19598543167115
2026-03-17 10:00:00+00:00,,,,,,,1278.8499173913094,338.35796379894236,412.76291958741996,311.12773827661823,573.8913985824942,111.12584334736522,1167.420260362171,337.94031014033726,412.57634673345655,322.70358383678763,577.7499313408988,110.19598543167115,1167.420260362171,337.94031014033726,412.57634673345655,322.70358383678763,577.7499313408988,110.19598543167115
2026-03-17 11:00:00+00:00,,,,,,,1261.1046794252836,338.1157656857297,412.28805731401525,319.00947356771337,573.8913985824942,111.12584334736522,1167.420260362171,337.94031014033726,412.57634673345655,322.70358383678763,577.7499313408988,110.19598543167115,1167.420260362171,337.94031014033726,412.57634673345655,322.70358383678763,577.7499313408988,110.19598543167115
2026-03-17 12:00:00+00:00,,,,,,,1251.1055116034688,337.93127034670204,412.5426263003367,326.8912088588085,573.8913985824942,111.12584334736522,1167.420260362171,337.94031014033726,412.57634673345655,322.70358383678763,577.7499313408988,110.19598543167115,1167.420260362171,337.94031014033726,412.57634673345655,322.70358383678763,577.7499313408988,110.19598543167115
2026-03-17 13:00:00+00:00,,,,,,,1241.5837187313202,337.8255586580934,412.92918962933925,334.7729441499037,573.8913985824942,111.12584334736522,1167.420260362171,337.94031014033726,412.57634673345655,322.70358383678763,577.7499313408988,110.19598543167115,1167.420260362171,337.94031014033726,412.57634673345655,322.70358383678763,577.7499313408988,110.19598543167115
2026-03-17 14:00:00+00:00,,,,,,,1252.273308929496,337.77139487806136,414.31278090596624,342.65467944099885,573.8913985824942,111.12584334736522,1167.420260362171,337.94031014033726,412.57634673345655,322.70358383678763,577.7499313408988,110.19598543167115,1167.420260362171,337.94031014033726,412.57634673345655,322.70358383678763,577.7499313408988,110.19598543167115
2026-03-17 15:00:00+00:00,,,,,,,1280.5688511395726,337.7927832906574,416.25599158105877,350.53641473209404,573.8913985824942,111.12584334736522,1167.420260362171,337.94031014033726,412.57634673345655,322.70358383678763,577.7499313408988,110.19598543167115,1167.420260362171,337.94031014033726,412.57634673345655,322.70358383678763,577.7499313408988,110.19598543167115
2026-03-17 16:00:00+00:00,,,,,,,1323.1745659014045,337.929269832658,419.0707679303543,358.4181500231892,573.8913985824942,111.12584334736522,1167.420260362171,337.94031014033726,412.57634673345655,322.70358383678763,577.7499313408988,110.19598543167115,1167.420260362171,337.94031014033726,412.57634673345655,322.70358383678763,577.7499313408988,110.19598543167115
2026-03-17 17:00:00+00:00,,,,,,,1351.7355289902146,338.14130856728667,421.6783729401451,366.2998853142844,573.8913985824942,111.12584334736522,1167.420260362171,337.94031014033726,412.57634673345655,322.70358383678763,577.7499313408988,110.19598543167115,1167.420260362171,337.94031014033726,412.57634673345655,322.70358383678763,577.7499313408988,110.19598543167115
2026-03-17 18:00:00+00:00,,,,,,,1350.4133923487373,338.32903525257797,423.5519237088044,374.1816206053795,573.8913985824942,111.12584334736522,1167.420260362171,337.94031014033726,412.57634673345655,322.70358383678763,577.7499313408988,110.19598543167115,1167.420260362171,337.94031014033726,412.57634673345655,322.70358383678763,577.7499313408988,110.19598543167115
2026-03-17 19:00:00+00:00,,,,,,,1333.528570525335,338.45290418067924,424.20493178374704,382.06335589647466,573.8913985824942,111.12584334736522,1167.420260362171,337.94031014033726,412.57634673345655,322.70358383678763,577.7499313408988,110.19598543167115,1167.420260362171,337.94031014033726,412.57634673345655,322.70358383678763,577.7499313408988,110.19598543167115
2026-03-17 20:00:00+00:00,,,,,,,1301.0222941529948,338.561539561793,424.9324557577699,389.94509118756986,573.8913985824942,111.12584334736522,1167.420260362171,337.94031014033726,412.57634673345655,322.70358383678763,577.7499313408988,110.19598543167115,1167.420260362171,337.94031014033726,412.57634673345655,322.70358383678763,577.7499313408988,110.19598543167115
2026-03-17 21:00:00+00:00,,,,,,,1284.8258775252402,338.6578648932512,426.2319813572392,397.826826478665,573.8913985824942,111.12584334736522,1167.420260362171,337.94031014033726,412.57634673345655,322.70358383678763,577.7499313408988,110.19598543167115,1167.420260362171,337.94031014033726,412.57634673345655,322.70358383678763,577.7499313408988,110.19598543167115
2026-03-17 22:00:00+00:00,,,,,,,1257.088756182578,338.7629611936319,426.34196188220994,405.7085617697602,573.8913985824942,111.12584334736522,1167.420260362171,337.94031014033726,412.57634673345655,322.70358383678763,577.7499313408988,110.19598543167115,1167.420260362171,337.94031014033726,412.57634673345655,322.70358383678763,577.7499313408988,110.19598543167115
2026-03-17 23:00:00+00:00,,,,,,,1242.5429617747025,338.8680574353143,427.03296999991153,413.59029706085533,573.8913985824942,111.12584334736522,1167.420260362171,337.94031014033726,412.57634673345655,322.70358383678763,577.7499313408988,110.19598543167115,1167.420260362171,337.94031014033726,412.57634673345655,322.70358383678763,577.7499313408988,110.19598543167115
2026-03-18 00:00:00+00:00,,,,,,,1236.7189911684718,338.94884159977744,404.94247158400844,232.31038536566658,573.8913985824942,111.12584334736522,1167.420260362171,337.94031014033726,412.57634673345655,322.70358383678763,577.7499313408988,110.19598543167115,1167.420260362171,337.94031014033726,412.57634673345655,322.70358383678763,577.7499313408988,110.19598543167115
2026-03-18 01:00:00+00:00,,,,,,,1247.0575440276602,339.0023899328833,406.3768747420529,240.19212065676174,573.8913985824942,111.12584334736522,1167.420260362171,337.94031014033726,412.57634673345655,322.70358383678763,577.7499313408988,110.19598543167115,1167.420260362171,337.94031014033726,412.57634673345655,322.70358383678763,577.7499313408988,110.19598543167115
2026-03-18 02:00:00+00:00,,,,,,,1248.3683381958174,339.0287025799104,407.4842316314059,248.07385594785688,573.8913985824942,111.12584334736522,1167.420260362171,337.94031014033726,412.57634673345655,322.70358383678763,577.7499313408988,110.19598543167115,1167.420260362171,337.94031014033726,412.57634673345655,322.70358383678763,577.7499313408988,110.19598543167115
2026-03-18 03:00:00+00:00,,,,,,,1260.7477008028,339.0611701960014,408.5942626451986,255.95559123895208,573.8913985824942,111.12584334736522,1167.420260362171,337.94031014033726,412.57634673345655,322.70358383678763,577.7499313408988,110.19598543167115,1167.420260362171,337.94031014033726,412.57634673345655,322.70358383678763,577.7499313408988,110.19598543167115
2026-03-18 04:00:00+00:00,,,,,,,1298.9946665112845,339.1547873900423,410.7840042891607,263.8373265300472,573.8913985824942,111.12584334736522,1167.420260362171,337.94031014033726,412.57634673345655,322.70358383678763,577.7499313408988,110.19598543167115,1167.420260362171,337.94031014033726,412.57634673345655,322.70358383678763,577.7499313408988,110.19598543167115
2026-03-18 05:00:00+00:00,,,,,,,1363.2455889303212,339.25471343579017,413.65273411681574,271.7190618211424,573.8913985824942,111.12584334736522,1167.420260362171,337.94031014033726,412.57634673345655,322.70358383678763,577.7499313408988,110.19598543167115,1167.420260362171,337.94031014033726,412.57634673345655,322.70358383678763,577.7499313408988,110.19598543167115
2026-03-18 06:00:00+00:00,,,,,,,1375.6945140519629,339.34432989673456,415.82088906166314,279.60079711223756,573.8913985824942,111.12584334736522,1167.420260362171,337.94031014033726,412.57634673345655,322.70358383678763,577.7499313408988,110.19598543167115,1167.420260362171,337.94031014033726,412.57634673345655,322.70358383678763,577.7499313408988,110.19598543167115
2026-03-18 07:00:00+00:00,,,,,,,1314.0972586628561,339.4536419936349,414.5562771173922,287.4825324033327,573.8913985824942,111.12584334736522,1167.420260362171,337.94031014033726,412.57634673345655,322.70358383678763,577.7499313408988,110.19598543167115,1167.420260362171,337.94031014033726,412.57634673345655,322.70358383678763,577.7499313408988,110.19598543167115
2026-03-18 08:00:00+00:00,,,,,,,1224.518519611794,338.87261255306896,410.8618675185231,295.3642676944279,573.8913985824942,111.12584334736522,1167.420260362171,337.94031014033726,412.57634673345655,322.70358383678763,577.7499313408988,110.19598543167115,1167.420260362171,337.94031014033726,412.57634673345655,322.70358383678763,577.7499313408988,110.19598543167115
2026-03-18 09:00:00+00:00,,,,,,,1149.7126859733496,338.3674431261807,407.66285395096565,303.24600298552303,573.8913985824942,111.12584334736522,1167.420260362171,337.94031014033726,412.57634673345655,322.70358383678763,577.7499313408988,110.19598543167115,1167.420260362171,337.94031014033726,412.57634673345655,322.70358383678763,577.7499313408988,110.19598543167115
2026-03-18 10:00:00+00:00,,,,,,,1092.8902581560947,338.02630369265785,405.5938991519422,311.12773827661823,573.8913985824942,111.12584334736522,1167.420260362171,337.94031014033726,412.57634673345655,322.70358383678763,577.7499313408988,110.19598543167115,1167.420260362171,337.94031014033726,412.57634673345655,322.70358383678763,577.7499313408988,110.19598543167115
2026-03-18 11:00:00+00:00,,,,,,,1098.9611417950005,337.7581005524256,406.22237885773797,319.00947356771337,573.8913985824942,111.12584334736522,1167.420260362171,337.94031014033726,412.57634673345655,322.70358383678763,577.7499313408988,110.19598543167115,1167.420260362171,337.94031014033726,412.57634673345655,322.70358383678763,577.7499313408988,110.19598543167115
2026-03-18 12:00:00+00:00,,,,,,,1046.7841551021074,337.5622184317182,404.38328277305527,326.8912088588085,573.8913985824942,111.12584334736522,1167.420260362171,337.94031014033726,412.57634673345655,322.70358383678763,577.7499313408988,110.19598543167115,1167.420260362171,337.94031014033726,412.57634673345655,322.70358383678763,577.7499313408988,110.19598543167115
2026-03-18 13:00:00+00:00,,,,,,,1046.1898260428597,337.4325022858978,405.44748955197167,334.7729441499037,573.8913985824942,111.12584334736522,1167.420260362171,337.94031014033726,412.57634673345655,322.70358383678763,577.7499313408988,110.19598543167115,1167.420260362171,337.94031014033726,412.57634673345655,322.70358383678763,577.7499313408988,110.19598543167115
2026-03-18 14:00:00+00:00,,,,,,,1089.033623990559,337.36895223823,407.9085950243539,342.65467944099885,573.8913985824942,111.12584334736522,1167.420260362171,337.94031014033726,412.57634673345655,322.70358383678763,577.7499313408988,110.19598543167115,1167.420260362171,337.94031014033726,412.57634673345655,322.70358383678763,577.7499313408988,110.19598543167115
2026-03-18 15:00:00+00:00,,,,,,,1149.5973098505895,337.4140374542794,411.2001909579141,350.53641473209404,573.8913985824942,111.12584334736522,1167.420260362171,337.94031014033726,412.57634673345655,322.70358383678763,577.7499313408988,110.19598543167115,1167.420260362171,337.94031014033726,412.57634673345655,322.70358383678763,577.7499313408988,110.19598543167115
2026-03-18 16:00:00+00:00,,,,,,,1244.9571464463004,337.5976096706097,415.7683956256561,358.4181500231892,573.8913985824942,111.12584334736522,1167.420260362171,337.94031014033726,412.57634673345655,322.70358383678763,577.7499313408988,110.19598543167115,1167.420260362171,337.94031014033726,412.57634673345655,322.70358383678763,577.7499313408988,110.19598543167115
2026-03-18 17:00:00+00:00,,,,,,,1280.9234872223014,337.8868935139158,418.8999551551492,366.2998853142844,573.8913985824942,111.12584334736522,1167.420260362171,337.94031014033726,412.57634673345655,322.70358383678763,577.7499313408988,110.19598543167115,1167.420260362171,337.94031014033726,412.57634673345655,322.70358383678763,577.7499313408988,110.19598543167115
2026-03-18 18:00:00+00:00,,,,,,,1275.5220889302116,338.1674065027614,420.58975273546423,374.1816206053795,573.8913985824942,111.12584334736522,1167.420260362171,337.94031014033726,412.57634673345655,322.70358383678763,577.7499313408988,110.19598543167115,1167.420260362171,337.94031014033726,412.57634673345655,322.70358383678763,577.7499313408988,110.19598543167115
2026-03-18 19:00:00+00:00,,,,,,,1260.016093266864,338.4274541796956,421.98919018866934,382.06335589647466,573.8913985824942,111.12584334736522,1167.420260362171,337.94031014033726,412.57634673345655,322.70358383678763,577.7499313408988,110.19598543167115,1167.420260362171,337.94031014033726,412.57634673345655,322.70358383678763,577.7499313408988,110.19598543167115
2026-03-18 20:00:00+00:00,,,,,,,1237.5083255842962,338.6816545215142,424.0712016719556,389.94509118756986,573.8913985824942,111.12584334736522,1167.420260362171,337.94031014033726,412.57634673345655,322.70358383678763,577.7499313408988,110.19598543167115,1167.420260362171,337.94031014033726,412.57634673345655,322.70358383678763,577.7499313408988,110.19598543167115
2026-03-18 21:00:00+00:00,,,,,,,1213.7132122406974,338.88784609712206,425.43931394599053,397.826826478665,573.8913985824942,111.12584334736522,1167.420260362171,337.94031014033726,412.57634673345655,322.70358383678763,577.7499313408988,110.19598543167115,1167.420260362171,337.94031014033726,412.57634673345655,322.70358383678763,577.7499313408988,110.19598543167115
2026-03-18 22:00:00+00:00,,,,,,,1210.1640760714092,339.01233035475303,426.2488356292753,405.7085617697602,573.8913985824942,111.12584334736522,1167.420260362171,337.94031014033726,412.57634673345655,322.70358383678763,577.7499313408988,110.19598543167115,1167.420260362171,337.94031014033726,412.57634673345655,322.70358383678763,577.7499313408988,110.19598543167115
2026-03-18 23:00:00+00:00,,,,,,,1203.2253976612192,339.08265083235193,427.5554684373563,413.59029706085533,573.8913985824942,111.12584334736522,1167.420260362171,337.94031014033726,412.57634673345655,322.70358383678763,577.7499313408988,110.19598543167115,1167.420260362171,337.94031014033726,412.57634673345655,322.70358383678763,577.7499313408988,110.19598543167115
2026-03-19 00:00:00+00:00,,,,,,,1208.0833082315685,339.15004767320943,405.08990467645833,232.31038536566658,573.8913985824942,111.12584334736522,1167.420260362171,337.94031014033726,412.57634673345655,322.70358383678763,577.7499313408988,110.19598543167115,1167.420260362171,337.94031014033726,412.57634673345655,322.70358383678763,577.7499313408988,110.19598543167115
2026-03-19 01:00:00+00:00,,,,,,,1202.851238305935,339.2206758295141,406.2005755944789,240.19212065676174,573.8913985824942,111.12584334736522,1167.420260362171,337.94031014033726,412.57634673345655,322.70358383678763,577.7499313408988,110.19598543167115,1167.420260362171,337.94031014033726,412.57634673345655,322.70358383678763,577.7499313408988,110.19598543167115
2026-03-19 02:00:00+00:00,,,,,,,1220.6524424314402,339.270223254863,408.2999310534993,248.07385594785688,573.8913985824942,111.12584334736522,1167.420260362171,337.94031014033726,412.57634673345655,322.70358383678763,577.7499313408988,110.19598543167115,1167.420260362171,337.94031014033726,412.57634673345655,322.70358383678763,577.7499313408988,110.19598543167115
2026-03-19 03:00:00+00:00,,,,,,,1223.3373743429106,339.3256178671146,409.5579412627424,255.95559123895208,573.8913985824942,111.12584334736522,1167.420260362171,337.94031014033726,412.57634673345655,322.70358383678763,577.7499313408988,110.19598543167115,1167.420260362171,337.94031014033726,412.57634673345655,322.70358383678763,577.7499313408988,110.19598543167115
2026-03-19 04:00:00+00:00,,,,,,,1264.8373620260027,339.4322526938288,411.7636293079706,263.8373265300472,573.8913985824942,111.12584334736522,1167.420260362171,337.94031014033726,412.57634673345655,322.70358383678763,577.7499313408988,110.19598543167115,1167.420260362171,337.94031014033726,412.57634673345655,322.70358383678763,577.7499313408988,110.19598543167115
2026-03-19 05:00:00+00:00,,,,,,,1338.5790311562037,339.52950123603176,414.94364600666404,271.7190618211424,573.8913985824942,111.12584334736522,1167.420260362171,337.94031014033726,412.57634673345655,322.70358383678763,577.7499313408988,110.19598543167115,1167.420260362171,337.94031014033726,412.57634673345655,322.70358383678763,577.7499313408988,110.19598543167115
2026-03-19 06:00:00+00:00,,,,,,,1360.9731825507265,339.45656482974636,416.1982146784809,279.60079711223756,573.8913985824942,111.12584334736522,1167.420260362171,337.94031014033726,412.57634673345655,322.70358383678763,577.7499313408988,110.19598543167115,1167.420260362171,337.94031014033726,412.57634673345655,322.70358383678763,577.7499313408988,110.19598543167115
2026-03-19 07:00:00+00:00,,,,,,,1317.090156406136,339.0828043069758,415.3717992003455,287.4825324033327,573.8913985824942,111.12584334736522,1167.420260362171,337.94031014033726,412.57634673345655,322.70358383678763,577.7499313408988,110.19598543167115,1167.420260362171,337.94031014033726,412.57634673345655,322.70358383678763,577.7499313408988,110.19598543167115
2026-03-19 08:00:00+00:00,,,,,,,1248.6350539804962,338.53885887900685,413.2652351307612,295.3642676944279,573.8913985824942,111.12584334736522,1167.420260362171,337.94031014033726,412.57634673345655,322.70358383678763,577.7499313408988,110.19598543167115,1167.420260362171,337.94031014033726,412.57634673345655,322.70358383678763,577.7499313408988,110.19598543167115
2026-03-19 09:00:00+00:00,,,,,,,1183.149545358325,338.04415316686465,410.4660670543434,303.24600298552303,573.8913985824942,111.12584334736522,1167.420260362171,337.94031014033726,412.57634673345655,322.70358383678763,577.7499313408988,110.19598543167115,1167.420260362171,337.94031014033726,412.57634673345655,322.70358383678763,577.7499313408988,110.19598543167115
2026-03-19 10:00:00+00:00,,,,,,,1143.6579212927259,337.6751624888093,408.84003023006215,311.12773827661823,573.8913985824942,111.12584334736522,1167.420260362171,337.94031014033726,412.57634673345655,322.70358383678763,577.7499313408988,110.19598543167115,1167.420260362171,337.94031014033726,412.57634673345655,322.70358383678763,577.7499313408988,110.19598543167115
2026-03-19 11:00:00+00:00,,,,,,,1099.758015719151,337.36156647876925,406.4256658097136,319.00947356771337,573.8913985824942,111.12584334736522,1167.420260362171,337.94031014033726,412.57634673345655,322.70358383678763,577.7499313408988,110.19598543167115,1167.420260362171,337.94031014033726,412.57634673345655,322.70358383678763,577.7499313408988,110.19598543167115
2026-03-19 12:00:00+00:00,,,,,,,1064.3882544597227,337.1293698174435,405.192560957246,326.8912088588085,573.8913985824942,111.12584334736522,1167.420260362171,337.94031014033726,412.57634673345655,322.70358383678763,577.7499313408988,110.19598543167115,1167.420260362171,337.94031014033726,412.57634673345655,322.70358383678763,577.7499313408988,110.19598543167115
2026-03-19 13:00:00+00:00,,,,,,,1057.4823366424084,336.9873438230097,405.3561960855366,334.7729441499037,573.8913985824942,111.12584334736522,1167.420260362171,337.94031014033726,412.57634673345655,322.70358383678763,577.7499313408988,110.19598543167115,1167.420260362171,337.94031014033726,412.57634673345655,322.70358383678763,577.7499313408988,110.19598543167115
2026-03-19 14:00:00+00:00,,,,,,,1110.215706751267,336.92671723892306,408.0407405118729,342.65467944099885,573.8913985824942,111.12584334736522,1167.420260362171,337.94031014033726,412.57634673345655,322.70358383678763,577.7499313408988,110.19598543167115,1167.420260362171,337.94031014033726,412.57634673345655,322.70358383678763,577.7499313408988,110.19598543167115
2026-03-19 15:00:00+00:00,,,,,,,1170.6618439559509,336.97795743797747,410.9963581777118,350.53641473209404,573.8913985824942,111.12584334736522,1167.420260362171,337.94031014033726,412.57634673345655,322.70358383678763,577.7499313408988,110.19598543167115,1167.420260362171,337.94031014033726,412.57634673345655,322.70358383678763,577.7499313408988,110.19598543167115
2026-03-19 16:00:00+00:00,,,,,,,1263.2946881396865,337.17707090494844,415.5125837942376,358.4181500231892,573.8913985824942,111.12584334736522,1167.420260362171,337.94031014033726,412.57634673345655,322.70358383678763,577.7499313408988,110.19598543167115,1167.420260362171,337.94031014033726,412.57634673345655,322.70358383678763,577.7499313408988,110.19598543167115
2026-03-19 17:00:00+00:00,,,,,,,1318.9087434698715,337.4848199320625,419.6826174987969,366.2998853142844,573.8913985824942,111.12584334736522,1167.420260362171,337.94031014033726,412.57634673345655,322.70358383678763,577.7499313408988,110.19598543167115,1167.420260362171,337.94031014033726,412.57634673345655,322.70358383678763,577.7499313408988,110.19598543167115
2026-03-19 18:00:00+00:00,,,,,,,1328.813030412152,337.80487857299687,422.00232405606835,374.1816206053795,573.8913985824942,111.12584334736522,1167.420260362171,337.94031014033726,412.57634673345655,322.70358383678763,577.7499313408988,110.19598543167115,1167.420260362171,337.94031014033726,412.57634673345655,322.70358383678763,577.7499313408988,110.19598543167115
2026-03-19 19:00:00+00:00,,,,,,,1320.589588859936,338.116166303707,423.7053950252442,382.06335589647466,573.8913985824942,111.12584334736522,1167.420260362171,337.94031014033726,412.57634673345655,322.70358383678763,577.7499313408988,110.19598543167115,1167.420260362171,337.94031014033726,412.57634673345655,322.70358383678763,577.7499313408988,110.19598543167115
2026-03-19 20:00:00+00:00,,,,,,,1306.3463537131984,338.43684039156756,425.2880507193015,389.94509118756986,573.8913985824942,111.12584334736522,1167.420260362171,337.94031014033726,412.57634673345655,322.70358383678763,577.7499313408988,110.19598543167115,1167.420260362171,337.94031014033726,412.57634673345655,322.70358383678763,577.7499313408988,110.19598543167115
2026-03-19 21:00:00+00:00,,,,,,,1280.5780855763983,338.6878095045191,426.3198796874942,397.826826478665,573.8913985824942,111.12584334736522,1167.420260362171,337.94031014033726,412.57634673345655,322.70358383678763,577.7499313408988,110.19598543167115,1167.420260362171,337.94031014033726,412.57634673345655,322.70358383678763,577.7499313408988,110.19598543167115
2026-03-19 22:00:00+00:00,,,,,,,1273.563810769801,338.8327591635762,427.4520644931477,405.7085617697602,573.8913985824942,111.12584334736522,1167.420260362171,337.94031014033726,412.57634673345655,322.70358383678763,577.7499313408988,110.19598543167115,1167.420260362171,337.94031014033726,412.57634673345655,322.70358383678763,577.7499313408988,110.19598543167115
2026-03-19 23:00:00+00:00,,,,,,,1264.5409804307676,338.91092737000366,428.2596313902574,413.59029706085533,573.8913985824942,111.12584334736522,1167.420260362171,337.94031014033726,412.57634673345655,322.70358383678763,577.7499313408988,110.19598543167115,1167.420260362171,337.94031014033726,412.57634673345655,322.70358383678763,577.7499313408988,110.19598543167115
