date,hard_coal_50hz_actual,lignite_50hz_actual,gas_50hz_actual,biomass_50hz_actual,pumped_storage_50hz_actual,hydro_50hz_actual,other_conv_50hz_actual,hard_coal_50hz_fitted,lignite_50hz_fitted,gas_50hz_fitted,biomass_50hz_fitted,pumped_storage_50hz_fitted,hydro_50hz_fitted,other_conv_50hz_fitted,hard_coal_50hz_lower,lignite_50hz_lower,gas_50hz_lower,biomass_50hz_lower,pumped_storage_50hz_lower,hydro_50hz_lower,other_conv_50hz_lower,hard_coal_50hz_upper,lignite_50hz_upper,gas_50hz_upper,biomass_50hz_upper,pumped_storage_50hz_upper,hydro_50hz_upper,other_conv_50hz_upper
2026-03-13 00:00:00+00:00,,,,,,,,309.1125606365085,2060.8004492758955,1330.7407306784721,1018.1351856138613,189.99691594593332,114.74467045799038,705.1363121546262,485.40961665471394,4427.640215661185,1769.5389932032995,988.6486797514416,408.8096869510114,116.93271488280523,711.2412697147188,485.40961665471394,4427.640215661185,1769.5389932032995,988.6486797514416,408.8096869510114,116.93271488280523,711.2412697147188
2026-03-13 01:00:00+00:00,,,,,,,,293.3962204952534,2133.279952534004,1282.558182940991,1010.7968393914322,149.55530439428372,115.81143191621682,700.0454318586023,485.40961665471394,4427.640215661185,1769.5389932032995,988.6486797514416,408.8096869510114,116.93271488280523,711.2412697147188,485.40961665471394,4427.640215661185,1769.5389932032995,988.6486797514416,408.8096869510114,116.93271488280523,711.2412697147188
2026-03-13 02:00:00+00:00,,,,,,,,324.5617270403655,2005.7081630101138,1149.4225516419046,1009.903985603448,188.31645570421333,114.03196091365436,708.6825160514228,485.40961665471394,4427.640215661185,1769.5389932032995,988.6486797514416,408.8096869510114,116.93271488280523,711.2412697147188,485.40961665471394,4427.640215661185,1769.5389932032995,988.6486797514416,408.8096869510114,116.93271488280523,711.2412697147188
2026-03-13 03:00:00+00:00,,,,,,,,342.66844347386746,2002.8686734196285,1258.288640348862,1009.3879836988003,167.12532497070757,114.40838603291841,736.1558072327824,485.40961665471394,4427.640215661185,1769.5389932032995,988.6486797514416,408.8096869510114,116.93271488280523,711.2412697147188,485.40961665471394,4427.640215661185,1769.5389932032995,988.6486797514416,408.8096869510114,116.93271488280523,711.2412697147188
2026-03-13 04:00:00+00:00,,,,,,,,323.1414749537561,1684.4926643819654,1448.986667804022,973.6468169733084,689.6008962099004,113.79114491839324,740.856141396223,485.40961665471394,4427.640215661185,1769.5389932032995,988.6486797514416,408.8096869510114,116.93271488280523,711.2412697147188,485.40961665471394,4427.640215661185,1769.5389932032995,988.6486797514416,408.8096869510114,116.93271488280523,711.2412697147188
2026-03-13 05:00:00+00:00,,,,,,,,377.28768601893,2475.802756157047,1933.1639131591694,956.2951836889079,604.8433416692519,112.531681461924,724.8094661692,485.40961665471394,4427.640215661185,1769.5389932032995,988.6486797514416,408.8096869510114,116.93271488280523,711.2412697147188,485.40961665471394,4427.640215661185,1769.5389932032995,988.6486797514416,408.8096869510114,116.93271488280523,711.2412697147188
2026-03-13 06:00:00+00:00,,,,,,,,477.45671050252776,2563.28341720952,2201.1535917169876,989.0823912393683,817.8216035494759,113.93539975943858,715.2462763294798,485.40961665471394,4427.640215661185,1769.5389932032995,988.6486797514416,408.8096869510114,116.93271488280523,711.2412697147188,485.40961665471394,4427.640215661185,1769.5389932032995,988.6486797514416,408.8096869510114,116.93271488280523,711.2412697147188
2026-03-13 07:00:00+00:00,,,,,,,,389.24455905765547,2134.93728507335,1877.1100647749247,973.1375745959492,645.8748281861294,115.50137660227752,718.9600337615649,485.40961665471394,4427.640215661185,1769.5389932032995,988.6486797514416,408.8096869510114,116.93271488280523,711.2412697147188,485.40961665471394,4427.640215661185,1769.5389932032995,988.6486797514416,408.8096869510114,116.93271488280523,711.2412697147188
2026-03-13 08:00:00+00:00,,,,,,,,273.4768634545569,1689.5089116592544,1295.177772014746,1003.6837410151127,163.433959362923,121.26583234630304,679.742391298624,485.40961665471394,4427.640215661185,1769.5389932032995,988.6486797514416,408.8096869510114,116.93271488280523,711.2412697147188,485.40961665471394,4427.640215661185,1769.5389932032995,988.6486797514416,408.8096869510114,116.93271488280523,711.2412697147188
2026-03-13 09:00:00+00:00,,,,,,,,240.06482192611404,1752.4737614288406,1045.5773969548795,1024.2466578075187,31.717474837746636,119.981159116084,716.8979233268311,485.40961665471394,4427.640215661185,1769.5389932032995,988.6486797514416,408.8096869510114,116.93271488280523,711.2412697147188,485.40961665471394,4427.640215661185,1769.5389932032995,988.6486797514416,408.8096869510114,116.93271488280523,711.2412697147188
2026-03-13 10:00:00+00:00,,,,,,,,194.88898080056958,1724.3061455381826,813.2172361439888,943.8398989725221,18.506416774861293,108.10163427763779,686.2357614100696,485.40961665471394,4427.640215661185,1769.5389932032995,988.6486797514416,408.8096869510114,116.93271488280523,711.2412697147188,485.40961665471394,4427.640215661185,1769.5389932032995,988.6486797514416,408.8096869510114,116.93271488280523,711.2412697147188
2026-03-13 11:00:00+00:00,,,,,,,,198.18055793538554,1891.9552112543547,827.0863385979789,914.0583303749561,35.60941783440859,106.45214524498078,685.7672721788797,485.40961665471394,4427.640215661185,1769.5389932032995,988.6486797514416,408.8096869510114,116.93271488280523,711.2412697147188,485.40961665471394,4427.640215661185,1769.5389932032995,988.6486797514416,408.8096869510114,116.93271488280523,711.2412697147188
2026-03-13 12:00:00+00:00,,,,,,,,168.08738162793264,1529.2488384514586,691.1618583678662,932.2875688219161,68.7797352895031,107.93688597063762,667.3882398362107,485.40961665471394,4427.640215661185,1769.5389932032995,988.6486797514416,408.8096869510114,116.93271488280523,711.2412697147188,485.40961665471394,4427.640215661185,1769.5389932032995,988.6486797514416,408.8096869510114,116.93271488280523,711.2412697147188
2026-03-13 13:00:00+00:00,,,,,,,,210.09135682584093,2371.4483361814614,931.7790423081999,934.3160705380803,73.49433236943634,105.21071841118129,671.1284930390467,485.40961665471394,4427.640215661185,1769.5389932032995,988.6486797514416,408.8096869510114,116.93271488280523,711.2412697147188,485.40961665471394,4427.640215661185,1769.5389932032995,988.6486797514416,408.8096869510114,116.93271488280523,711.2412697147188
2026-03-13 14:00:00+00:00,,,,,,,,289.87966505999873,2550.298837945018,964.1814165782354,952.7885263775485,106.46116262554875,107.16874685405757,680.8676449574594,485.40961665471394,4427.640215661185,1769.5389932032995,988.6486797514416,408.8096869510114,116.93271488280523,711.2412697147188,485.40961665471394,4427.640215661185,1769.5389932032995,988.6486797514416,408.8096869510114,116.93271488280523,711.2412697147188
2026-03-13 15:00:00+00:00,,,,,,,,420.98060877042906,3102.8836170146405,1189.9789660087351,971.4132998345674,485.39418295755627,111.07931799908516,638.5004598489496,485.40961665471394,4427.640215661185,1769.5389932032995,988.6486797514416,408.8096869510114,116.93271488280523,711.2412697147188,485.40961665471394,4427.640215661185,1769.5389932032995,988.6486797514416,408.8096869510114,116.93271488280523,711.2412697147188
2026-03-13 16:00:00+00:00,,,,,,,,599.589769070452,3630.542832499278,1605.4170667984604,999.9604228853264,1154.0748907856846,118.91697873249028,597.0193333594522,485.40961665471394,4427.640215661185,1769.5389932032995,988.6486797514416,408.8096869510114,116.93271488280523,711.2412697147188,485.40961665471394,4427.640215661185,1769.5389932032995,988.6486797514416,408.8096869510114,116.93271488280523,711.2412697147188
2026-03-13 17:00:00+00:00,,,,,,,,557.079334872533,4737.135216697282,1866.539803908113,1015.7453827373226,1199.4197629201558,122.83738379089354,574.8146764969058,485.40961665471394,4427.640215661185,1769.5389932032995,988.6486797514416,408.8096869510114,116.93271488280523,711.2412697147188,485.40961665471394,4427.640215661185,1769.5389932032995,988.6486797514416,408.8096869510114,116.93271488280523,711.2412697147188
2026-03-13 18:00:00+00:00,,,,,,,,735.909278903751,5575.267289689089,2194.485153709472,1028.8039688539586,1090.5103332422825,127.58387810411949,662.735922092185,485.40961665471394,4427.640215661185,1769.5389932032995,988.6486797514416,408.8096869510114,116.93271488280523,711.2412697147188,485.40961665471394,4427.640215661185,1769.5389932032995,988.6486797514416,408.8096869510114,116.93271488280523,711.2412697147188
2026-03-13 19:00:00+00:00,,,,,,,,726.941199960192,5437.660959168254,2229.695001351253,1049.9867857282354,584.7401916702685,125.89447470766834,619.5998355085725,485.40961665471394,4427.640215661185,1769.5389932032995,988.6486797514416,408.8096869510114,116.93271488280523,711.2412697147188,485.40961665471394,4427.640215661185,1769.5389932032995,988.6486797514416,408.8096869510114,116.93271488280523,711.2412697147188
2026-03-13 20:00:00+00:00,,,,,,,,713.43712962402,4992.046514833903,2213.9351549322864,1016.0885217732957,255.01315799498707,120.43950087251038,575.2006790302512,485.40961665471394,4427.640215661185,1769.5389932032995,988.6486797514416,408.8096869510114,116.93271488280523,711.2412697147188,485.40961665471394,4427.640215661185,1769.5389932032995,988.6486797514416,408.8096869510114,116.93271488280523,711.2412697147188
2026-03-13 21:00:00+00:00,,,,,,,,658.2347319431515,4672.24066241864,2191.8646502067604,1006.0011995379081,244.359991375897,119.3857565103507,578.4263588392581,485.40961665471394,4427.640215661185,1769.5389932032995,988.6486797514416,408.8096869510114,116.93271488280523,711.2412697147188,485.40961665471394,4427.640215661185,1769.5389932032995,988.6486797514416,408.8096869510114,116.93271488280523,711.2412697147188
2026-03-13 22:00:00+00:00,,,,,,,,722.3970388024898,4670.359179628164,2196.0542785080484,1011.2696943961099,201.15016652940685,117.00299246355743,625.6027627063086,485.40961665471394,4427.640215661185,1769.5389932032995,988.6486797514416,408.8096869510114,116.93271488280523,711.2412697147188,485.40961665471394,4427.640215661185,1769.5389932032995,988.6486797514416,408.8096869510114,116.93271488280523,711.2412697147188
2026-03-13 23:00:00+00:00,,,,,,,,575.2948777662006,4900.137738651007,1798.5955370045579,1036.6430580163226,110.88576977317621,117.13237942867114,587.8307174128441,485.40961665471394,4427.640215661185,1769.5389932032995,988.6486797514416,408.8096869510114,116.93271488280523,711.2412697147188,485.40961665471394,4427.640215661185,1769.5389932032995,988.6486797514416,408.8096869510114,116.93271488280523,711.2412697147188
2026-03-14 00:00:00+00:00,,,,,,,,538.8297169831427,4044.109645949798,1660.480572712479,1026.5809052722122,61.4435165914727,115.74183434429143,583.7295716475912,485.40961665471394,4427.640215661185,1769.5389932032995,988.6486797514416,408.8096869510114,116.93271488280523,711.2412697147188,485.40961665471394,4427.640215661185,1769.5389932032995,988.6486797514416,408.8096869510114,116.93271488280523,711.2412697147188
2026-03-14 01:00:00+00:00,,,,,,,,740.6321321116992,4766.446429792613,1803.0356710709523,1059.9384206187447,76.59473724436191,120.75145753574748,626.4031130989077,485.40961665471394,4427.640215661185,1769.5389932032995,988.6486797514416,408.8096869510114,116.93271488280523,711.2412697147188,485.40961665471394,4427.640215661185,1769.5389932032995,988.6486797514416,408.8096869510114,116.93271488280523,711.2412697147188
2026-03-14 02:00:00+00:00,,,,,,,,697.9652474878185,4646.588831473829,1730.521600395471,1110.647819341202,32.89076616035754,123.95224576800449,612.6891023834679,485.40961665471394,4427.640215661185,1769.5389932032995,988.6486797514416,408.8096869510114,116.93271488280523,711.2412697147188,485.40961665471394,4427.640215661185,1769.5389932032995,988.6486797514416,408.8096869510114,116.93271488280523,711.2412697147188
2026-03-14 03:00:00+00:00,,,,,,,,710.0470948326882,5350.659941070904,1882.732291043753,1087.57636589212,71.8750476436444,123.21936519145837,619.8845534172676,485.40961665471394,4427.640215661185,1769.5389932032995,988.6486797514416,408.8096869510114,116.93271488280523,711.2412697147188,485.40961665471394,4427.640215661185,1769.5389932032995,988.6486797514416,408.8096869510114,116.93271488280523,711.2412697147188
2026-03-14 04:00:00+00:00,,,,,,,,755.9271713070955,5035.84798459722,1994.4809048115405,1110.3809298108758,150.20447633578897,127.02751761150749,735.2043296402978,485.40961665471394,4427.640215661185,1769.5389932032995,988.6486797514416,408.8096869510114,116.93271488280523,711.2412697147188,485.40961665471394,4427.640215661185,1769.5389932032995,988.6486797514416,408.8096869510114,116.93271488280523,711.2412697147188
2026-03-14 05:00:00+00:00,,,,,,,,706.4945469447216,5154.237135025179,1981.9244573423075,1094.6052339070632,235.79926328896408,127.36475716062273,737.7458539462399,485.40961665471394,4427.640215661185,1769.5389932032995,988.6486797514416,408.8096869510114,116.93271488280523,711.2412697147188,485.40961665471394,4427.640215661185,1769.5389932032995,988.6486797514416,408.8096869510114,116.93271488280523,711.2412697147188
2026-03-14 06:00:00+00:00,,,,,,,,664.3691530350102,4921.822608881074,2014.213811391614,1110.452683459964,334.7386694593814,125.3135679919962,727.7384657300494,485.40961665471394,4427.640215661185,1769.5389932032995,988.6486797514416,408.8096869510114,116.93271488280523,711.2412697147188,485.40961665471394,4427.640215661185,1769.5389932032995,988.6486797514416,408.8096869510114,116.93271488280523,711.2412697147188
2026-03-14 07:00:00+00:00,,,,,,,,782.6059595857042,5098.2920371960645,2109.420972480893,1103.7185439669206,337.15097760292053,129.08877543315538,739.3014653802728,485.40961665471394,4427.640215661185,1769.5389932032995,988.6486797514416,408.8096869510114,116.93271488280523,711.2412697147188,485.40961665471394,4427.640215661185,1769.5389932032995,988.6486797514416,408.8096869510114,116.93271488280523,711.2412697147188
2026-03-14 08:00:00+00:00,,,,,,,,842.8737270999359,4955.29140304409,2289.5939031690446,1074.00314493084,205.7495524268147,122.26183909207825,735.7210658183441,485.40961665471394,4427.640215661185,1769.5389932032995,988.6486797514416,408.8096869510114,116.93271488280523,711.2412697147188,485.40961665471394,4427.640215661185,1769.5389932032995,988.6486797514416,408.8096869510114,116.93271488280523,711.2412697147188
2026-03-14 09:00:00+00:00,,,,,,,,775.0986820257939,4900.048921083381,2043.770617135653,1057.9549896172098,198.8757501311563,120.38603244974631,732.5721088600561,485.40961665471394,4427.640215661185,1769.5389932032995,988.6486797514416,408.8096869510114,116.93271488280523,711.2412697147188,485.40961665471394,4427.640215661185,1769.5389932032995,988.6486797514416,408.8096869510114,116.93271488280523,711.2412697147188
2026-03-14 10:00:00+00:00,,,,,,,,713.732152029551,4036.7017572722825,1800.3013952251213,1065.6166909639378,95.58238595188914,119.65940292951339,723.8302351305998,485.40961665471394,4427.640215661185,1769.5389932032995,988.6486797514416,408.8096869510114,116.93271488280523,711.2412697147188,485.40961665471394,4427.640215661185,1769.5389932032995,988.6486797514416,408.8096869510114,116.93271488280523,711.2412697147188
2026-03-14 11:00:00+00:00,,,,,,,,772.4121248871711,3690.389481763524,2034.1973921838003,1051.4483125471795,68.52949144723976,120.74970110455173,733.9618909886966,485.40961665471394,4427.640215661185,1769.5389932032995,988.6486797514416,408.8096869510114,116.93271488280523,711.2412697147188,485.40961665471394,4427.640215661185,1769.5389932032995,988.6486797514416,408.8096869510114,116.93271488280523,711.2412697147188
2026-03-14 12:00:00+00:00,,,,,,,,881.1300183288799,4583.049952984298,2012.6905272401223,1014.9899411576461,100.26522894406696,117.76144365131783,759.4832150711817,485.40961665471394,4427.640215661185,1769.5389932032995,988.6486797514416,408.8096869510114,116.93271488280523,711.2412697147188,485.40961665471394,4427.640215661185,1769.5389932032995,988.6486797514416,408.8096869510114,116.93271488280523,711.2412697147188
2026-03-14 13:00:00+00:00,,,,,,,,929.0271914213741,5161.507317405818,2168.1291736372978,1001.0979206840401,62.17518640062917,118.12485128848897,774.6885359443197,485.40961665471394,4427.640215661185,1769.5389932032995,988.6486797514416,408.8096869510114,116.93271488280523,711.2412697147188,485.40961665471394,4427.640215661185,1769.5389932032995,988.6486797514416,408.8096869510114,116.93271488280523,711.2412697147188
2026-03-14 14:00:00+00:00,,,,,,,,866.525072523444,5974.415394961425,2318.455456313768,1041.94921461347,227.80178987011436,118.98744548523874,851.2562795066697,485.40961665471394,4427.640215661185,1769.5389932032995,988.6486797514416,408.8096869510114,116.93271488280523,711.2412697147188,485.40961665471394,4427.640215661185,1769.5389932032995,988.6486797514416,408.8096869510114,116.93271488280523,711.2412697147188
2026-03-14 15:00:00+00:00,,,,,,,,917.8424391347687,6230.992937132414,2643.6232392734323,1057.7919899504036,787.0270330621133,123.13102213524992,859.5955692619141,485.40961665471394,4427.640215661185,1769.5389932032995,988.6486797514416,408.8096869510114,116.93271488280523,711.2412697147188,485.40961665471394,4427.640215661185,1769.5389932032995,988.6486797514416,408.8096869510114,116.93271488280523,711.2412697147188
2026-03-14 16:00:00+00:00,,,,,,,,943.8564198419994,6770.403650722061,2661.855264056655,1037.8728909455995,1387.2429486148085,127.23340316551669,843.2050947432891,485.40961665471394,4427.640215661185,1769.5389932032995,988.6486797514416,408.8096869510114,116.93271488280523,711.2412697147188,485.40961665471394,4427.640215661185,1769.5389932032995,988.6486797514416,408.8096869510114,116.93271488280523,711.2412697147188
2026-03-14 17:00:00+00:00,,,,,,,,1067.8056361218519,6976.956205777033,2848.9376286341308,1042.0258542638203,1683.1640868736042,130.3676523890472,838.9072457083707,485.40961665471394,4427.640215661185,1769.5389932032995,988.6486797514416,408.8096869510114,116.93271488280523,711.2412697147188,485.40961665471394,4427.640215661185,1769.5389932032995,988.6486797514416,408.8096869510114,116.93271488280523,711.2412697147188
2026-03-14 18:00:00+00:00,,,,,,,,892.6210018389991,6110.347954733152,3010.7644527168595,1059.9177276703156,1112.9071942389407,126.31408383370915,683.3666678886989,485.40961665471394,4427.640215661185,1769.5389932032995,988.6486797514416,408.8096869510114,116.93271488280523,711.2412697147188,485.40961665471394,4427.640215661185,1769.5389932032995,988.6486797514416,408.8096869510114,116.93271488280523,711.2412697147188
2026-03-14 19:00:00+00:00,,,,,,,,864.2558370973554,6314.84285308064,3143.006737574971,1064.2640384820454,739.4827308089203,122.83833147460025,693.4396171773027,485.40961665471394,4427.640215661185,1769.5389932032995,988.6486797514416,408.8096869510114,116.93271488280523,711.2412697147188,485.40961665471394,4427.640215661185,1769.5389932032995,988.6486797514416,408.8096869510114,116.93271488280523,711.2412697147188
2026-03-14 20:00:00+00:00,,,,,,,,879.3571199109624,5827.482979559623,3108.4611010998037,1056.6678357636754,398.2219734771299,121.661230255287,671.7757990291113,485.40961665471394,4427.640215661185,1769.5389932032995,988.6486797514416,408.8096869510114,116.93271488280523,711.2412697147188,485.40961665471394,4427.640215661185,1769.5389932032995,988.6486797514416,408.8096869510114,116.93271488280523,711.2412697147188
2026-03-14 21:00:00+00:00,,,,,,,,849.7431377686461,6101.764624609127,2855.5318749989747,1023.0503205091,186.71273657661175,117.46976442172794,721.4968575589246,485.40961665471394,4427.640215661185,1769.5389932032995,988.6486797514416,408.8096869510114,116.93271488280523,711.2412697147188,485.40961665471394,4427.640215661185,1769.5389932032995,988.6486797514416,408.8096869510114,116.93271488280523,711.2412697147188
2026-03-14 22:00:00+00:00,,,,,,,,876.0295246921603,6020.437352610573,2484.965619864113,993.9216179743482,116.10390077250719,113.86220694119756,823.1943998503185,485.40961665471394,4427.640215661185,1769.5389932032995,988.6486797514416,408.8096869510114,116.93271488280523,711.2412697147188,485.40961665471394,4427.640215661185,1769.5389932032995,988.6486797514416,408.8096869510114,116.93271488280523,711.2412697147188
2026-03-14 23:00:00+00:00,,,,,,,,629.5408666593335,5508.205403657142,2259.134127856309,991.951493990922,99.72810793241496,116.1381299911896,818.0975519563542,485.40961665471394,4427.640215661185,1769.5389932032995,988.6486797514416,408.8096869510114,116.93271488280523,711.2412697147188,485.40961665471394,4427.640215661185,1769.5389932032995,988.6486797514416,408.8096869510114,116.93271488280523,711.2412697147188
2026-03-15 00:00:00+00:00,,,,,,,,703.6148437557895,5362.589676257929,2230.5337669263354,1029.1743362228196,67.07177610595892,120.61086907122052,749.0235784885078,485.40961665471394,4427.640215661185,1769.5389932032995,988.6486797514416,408.8096869510114,116.93271488280523,711.2412697147188,485.40961665471394,4427.640215661185,1769.5389932032995,988.6486797514416,408.8096869510114,116.93271488280523,711.2412697147188
2026-03-15 01:00:00+00:00,,,,,,,,762.2331239312094,5597.68747534656,2320.7024979137004,995.4683652118829,30.72470298931654,116.86916924827436,801.2681401683586,485.40961665471394,4427.640215661185,1769.5389932032995,988.6486797514416,408.8096869510114,116.93271488280523,711.2412697147188,485.40961665471394,4427.640215661185,1769.5389932032995,988.6486797514416,408.8096869510114,116.93271488280523,711.2412697147188
2026-03-15 02:00:00+00:00,,,,,,,,854.9668330306226,5889.262646484964,2140.062091626352,981.378716474519,15.751224077529457,113.98481870788457,796.2516159681967,485.40961665471394,4427.640215661185,1769.5389932032995,988.6486797514416,408.8096869510114,116.93271488280523,711.2412697147188,485.40961665471394,4427.640215661185,1769.5389932032995,988.6486797514416,408.8096869510114,116.93271488280523,711.2412697147188
2026-03-15 03:00:00+00:00,,,,,,,,711.7365644008705,4973.8248879420335,2007.1736948616026,995.5885338130848,142.47982047734234,116.42135434569549,809.8132876508673,485.40961665471394,4427.640215661185,1769.5389932032995,988.6486797514416,408.8096869510114,116.93271488280523,711.2412697147188,485.40961665471394,4427.640215661185,1769.5389932032995,988.6486797514416,408.8096869510114,116.93271488280523,711.2412697147188
2026-03-15 04:00:00+00:00,,,,,,,,899.8782780331826,5662.745979371166,2051.0386904703983,960.5362222683956,249.25755684661786,118.55277804169482,838.1581992061311,485.40961665471394,4427.640215661185,1769.5389932032995,988.6486797514416,408.8096869510114,116.93271488280523,711.2412697147188,485.40961665471394,4427.640215661185,1769.5389932032995,988.6486797514416,408.8096869510114,116.93271488280523,711.2412697147188
2026-03-15 05:00:00+00:00,,,,,,,,955.6200931957828,5589.70437364607,2156.5018247169073,991.7765723851255,270.6546243519339,120.20347159607091,843.849500650151,485.40961665471394,4427.640215661185,1769.5389932032995,988.6486797514416,408.8096869510114,116.93271488280523,711.2412697147188,485.40961665471394,4427.640215661185,1769.5389932032995,988.6486797514416,408.8096869510114,116.93271488280523,711.2412697147188
2026-03-15 06:00:00+00:00,,,,,,,,971.3416344522922,5958.452023298821,2452.7351880815495,1010.1250316680914,433.6312210335747,121.50905853053771,834.2980343680863,485.40961665471394,4427.640215661185,1769.5389932032995,988.6486797514416,408.8096869510114,116.93271488280523,711.2412697147188,485.40961665471394,4427.640215661185,1769.5389932032995,988.6486797514416,408.8096869510114,116.93271488280523,711.2412697147188
2026-03-15 07:00:00+00:00,,,,,,,,1053.1363885139272,6159.761388925022,2544.900517016358,1009.0682699808323,251.27528393821805,119.26937266221215,831.4778677344775,485.40961665471394,4427.640215661185,1769.5389932032995,988.6486797514416,408.8096869510114,116.93271488280523,711.2412697147188,485.40961665471394,4427.640215661185,1769.5389932032995,988.6486797514416,408.8096869510114,116.93271488280523,711.2412697147188
2026-03-15 08:00:00+00:00,,,,,,,,883.5371821644835,5966.402312237155,2450.2661040507264,1011.3807956701385,72.06977722640158,119.30405371165239,830.2255475626978,485.40961665471394,4427.640215661185,1769.5389932032995,988.6486797514416,408.8096869510114,116.93271488280523,711.2412697147188,485.40961665471394,4427.640215661185,1769.5389932032995,988.6486797514416,408.8096869510114,116.93271488280523,711.2412697147188
2026-03-15 09:00:00+00:00,,,,,,,,695.6900495574154,5237.166767987064,2083.043423348198,993.8547634302827,1.7058506114577767,116.52385966461121,800.9507211340558,485.40961665471394,4427.640215661185,1769.5389932032995,988.6486797514416,408.8096869510114,116.93271488280523,711.2412697147188,485.40961665471394,4427.640215661185,1769.5389932032995,988.6486797514416,408.8096869510114,116.93271488280523,711.2412697147188
2026-03-15 10:00:00+00:00,,,,,,,,540.3614530497166,4248.65689383441,1675.0694171041982,984.4551703399951,-37.06470497243845,115.6117424929337,812.0540412018428,485.40961665471394,4427.640215661185,1769.5389932032995,988.6486797514416,408.8096869510114,116.93271488280523,711.2412697147188,485.40961665471394,4427.640215661185,1769.5389932032995,988.6486797514416,408.8096869510114,116.93271488280523,711.2412697147188
2026-03-15 11:00:00+00:00,,,,,,,,459.0465522873419,3804.3508821860037,1595.1203689036831,976.7986638761544,-23.060962422662556,117.52623594247537,779.2034838144208,485.40961665471394,4427.640215661185,1769.5389932032995,988.6486797514416,408.8096869510114,116.93271488280523,711.2412697147188,485.40961665471394,4427.640215661185,1769.5389932032995,988.6486797514416,408.8096869510114,116.93271488280523,711.2412697147188
2026-03-15 12:00:00+00:00,,,,,,,,354.26978318938865,3767.983226561985,1520.1587406666513,952.7572801546465,-4.921500160082928,112.30636344341663,837.8497706220136,485.40961665471394,4427.640215661185,1769.5389932032995,988.6486797514416,408.8096869510114,116.93271488280523,711.2412697147188,485.40961665471394,4427.640215661185,1769.5389932032995,988.6486797514416,408.8096869510114,116.93271488280523,711.2412697147188
2026-03-15 13:00:00+00:00,,,,,,,,357.7462820640639,3596.276198089898,1479.7114694580946,960.9565289022868,-9.077416052291255,113.2214275394353,839.4473203071653,485.40961665471394,4427.640215661185,1769.5389932032995,988.6486797514416,408.8096869510114,116.93271488280523,711.2412697147188,485.40961665471394,4427.640215661185,1769.5389932032995,988.6486797514416,408.8096869510114,116.93271488280523,711.2412697147188
2026-03-15 14:00:00+00:00,,,,,,,,394.95533374504515,4453.351866123399,1547.7177830224016,978.9672480530797,28.56191183073298,114.23017292171087,863.212152338712,485.40961665471394,4427.640215661185,1769.5389932032995,988.6486797514416,408.8096869510114,116.93271488280523,711.2412697147188,485.40961665471394,4427.640215661185,1769.5389932032995,988.6486797514416,408.8096869510114,116.93271488280523,711.2412697147188
2026-03-15 15:00:00+00:00,,,,,,,,659.0145467422042,5534.692149349033,2132.356916718912,983.4369416002403,297.85528982529695,117.00900903832493,821.2900806456967,485.40961665471394,4427.640215661185,1769.5389932032995,988.6486797514416,408.8096869510114,116.93271488280523,711.2412697147188,485.40961665471394,4427.640215661185,1769.5389932032995,988.6486797514416,408.8096869510114,116.93271488280523,711.2412697147188
2026-03-15 16:00:00+00:00,,,,,,,,737.9275829922512,6039.680661144541,2481.8757563134636,1019.0855309367099,1170.8590892374673,121.87717641239657,795.351748462885,485.40961665471394,4427.640215661185,1769.5389932032995,988.6486797514416,408.8096869510114,116.93271488280523,711.2412697147188,485.40961665471394,4427.640215661185,1769.5389932032995,988.6486797514416,408.8096869510114,116.93271488280523,711.2412697147188
2026-03-15 17:00:00+00:00,,,,,,,,768.5887055153139,5888.715085784008,2484.3848304552384,1043.1600943322824,1624.9873296420299,124.77439559606968,785.5884775836815,485.40961665471394,4427.640215661185,1769.5389932032995,988.6486797514416,408.8096869510114,116.93271488280523,711.2412697147188,485.40961665471394,4427.640215661185,1769.5389932032995,988.6486797514416,408.8096869510114,116.93271488280523,711.2412697147188
2026-03-15 18:00:00+00:00,,,,,,,,690.595460724052,5491.860306879982,2404.039170801442,1029.1689582401245,1651.1483846941624,125.17222855284345,775.290742292289,485.40961665471394,4427.640215661185,1769.5389932032995,988.6486797514416,408.8096869510114,116.93271488280523,711.2412697147188,485.40961665471394,4427.640215661185,1769.5389932032995,988.6486797514416,408.8096869510114,116.93271488280523,711.2412697147188
2026-03-15 19:00:00+00:00,,,,,,,,561.320366071927,5538.811884018923,2574.3727620830973,1061.8693842795242,293.06434304796653,121.73887088674213,640.8871559116268,485.40961665471394,4427.640215661185,1769.5389932032995,988.6486797514416,408.8096869510114,116.93271488280523,711.2412697147188,485.40961665471394,4427.640215661185,1769.5389932032995,988.6486797514416,408.8096869510114,116.93271488280523,711.2412697147188
2026-03-15 20:00:00+00:00,,,,,,,,441.6228197488979,4485.575782416817,2187.96343030144,1049.508984837468,758.9590874372029,117.68479992669273,764.5611441102626,485.40961665471394,4427.640215661185,1769.5389932032995,988.6486797514416,408.8096869510114,116.93271488280523,711.2412697147188,485.40961665471394,4427.640215661185,1769.5389932032995,988.6486797514416,408.8096869510114,116.93271488280523,711.2412697147188
2026-03-15 21:00:00+00:00,,,,,,,,438.9919002701111,4492.506239097725,1972.4873463418496,1051.8104785092007,513.6410048666793,119.87700457636008,762.9825036158371,485.40961665471394,4427.640215661185,1769.5389932032995,988.6486797514416,408.8096869510114,116.93271488280523,711.2412697147188,485.40961665471394,4427.640215661185,1769.5389932032995,988.6486797514416,408.8096869510114,116.93271488280523,711.2412697147188
2026-03-15 22:00:00+00:00,,,,,,,,356.99623059826774,3754.803686230226,1877.0850011065281,1052.0302050618227,347.8819725419079,120.30633339750213,804.1028604376279,485.40961665471394,4427.640215661185,1769.5389932032995,988.6486797514416,408.8096869510114,116.93271488280523,711.2412697147188,485.40961665471394,4427.640215661185,1769.5389932032995,988.6486797514416,408.8096869510114,116.93271488280523,711.2412697147188
2026-03-15 23:00:00+00:00,,,,,,,,458.47268949925206,3282.3455617039317,1921.1791108900152,1031.7822695403868,102.60585222898146,115.7449460856755,660.4980278481273,485.40961665471394,4427.640215661185,1769.5389932032995,988.6486797514416,408.8096869510114,116.93271488280523,711.2412697147188,485.40961665471394,4427.640215661185,1769.5389932032995,988.6486797514416,408.8096869510114,116.93271488280523,711.2412697147188
2026-03-16 00:00:00+00:00,,,,,,,,351.6941912333507,2824.491780094043,1675.6836467397377,1005.4527911125008,210.34639130388337,113.84666699059105,809.3611894188798,485.40961665471394,4427.640215661185,1769.5389932032995,988.6486797514416,408.8096869510114,116.93271488280523,711.2412697147188,485.40961665471394,4427.640215661185,1769.5389932032995,988.6486797514416,408.8096869510114,116.93271488280523,711.2412697147188
2026-03-16 01:00:00+00:00,,,,,,,,377.66870508036624,3245.0010221094903,1524.5217553963703,976.708195386138,204.32876524420053,109.76442908601798,801.2835042394552,485.40961665471394,4427.640215661185,1769.5389932032995,988.6486797514416,408.8096869510114,116.93271488280523,711.2412697147188,485.40961665471394,4427.640215661185,1769.5389932032995,988.6486797514416,408.8096869510114,116.93271488280523,711.2412697147188
2026-03-16 02:00:00+00:00,,,,,,,,373.5847840315942,3038.259516160997,1452.3353700824825,969.9866885028935,195.82162473936387,108.89743823265906,808.8667914253745,485.40961665471394,4427.640215661185,1769.5389932032995,988.6486797514416,408.8096869510114,116.93271488280523,711.2412697147188,485.40961665471394,4427.640215661185,1769.5389932032995,988.6486797514416,408.8096869510114,116.93271488280523,711.2412697147188
2026-03-16 03:00:00+00:00,,,,,,,,419.7140636189096,3705.2925089739606,1566.3090413831262,952.0931687630059,227.58605291606156,111.62092206126181,833.8519444053077,485.40961665471394,4427.640215661185,1769.5389932032995,988.6486797514416,408.8096869510114,116.93271488280523,711.2412697147188,485.40961665471394,4427.640215661185,1769.5389932032995,988.6486797514416,408.8096869510114,116.93271488280523,711.2412697147188
2026-03-16 04:00:00+00:00,,,,,,,,477.8810471446786,4363.160854386409,2025.483928933635,981.4319334286214,766.0499465570222,118.9803689067519,827.6684359868757,485.40961665471394,4427.640215661185,1769.5389932032995,988.6486797514416,408.8096869510114,116.93271488280523,711.2412697147188,485.40961665471394,4427.640215661185,1769.5389932032995,988.6486797514416,408.8096869510114,116.93271488280523,711.2412697147188
2026-03-16 05:00:00+00:00,,,,,,,,641.6793295738987,5204.797818245963,2392.2174714652733,974.3574987154706,884.5082153282581,112.9325365160229,818.0097419898553,485.40961665471394,4427.640215661185,1769.5389932032995,988.6486797514416,408.8096869510114,116.93271488280523,711.2412697147188,485.40961665471394,4427.640215661185,1769.5389932032995,988.6486797514416,408.8096869510114,116.93271488280523,711.2412697147188
2026-03-16 06:00:00+00:00,,,,,,,,789.2040595359272,6166.901617600367,2871.407413992165,1027.5944720040764,1168.8581296346606,119.49270606730705,820.4607409217075,485.40961665471394,4427.640215661185,1769.5389932032995,988.6486797514416,408.8096869510114,116.93271488280523,711.2412697147188,485.40961665471394,4427.640215661185,1769.5389932032995,988.6486797514416,408.8096869510114,116.93271488280523,711.2412697147188
2026-03-16 07:00:00+00:00,,,,,,,,625.3656022237042,5692.431886691403,2921.785027255621,1035.9796602717006,992.9361645744717,122.18661307465163,753.9339473305856,485.40961665471394,4427.640215661185,1769.5389932032995,988.6486797514416,408.8096869510114,116.93271488280523,711.2412697147188,485.40961665471394,4427.640215661185,1769.5389932032995,988.6486797514416,408.8096869510114,116.93271488280523,711.2412697147188
2026-03-16 08:00:00+00:00,,,,,,,,666.7810382930712,5223.552075999671,2651.7682040643595,1016.5616940505229,366.7463236934083,121.36641660241806,712.2232102779873,485.40961665471394,4427.640215661185,1769.5389932032995,988.6486797514416,408.8096869510114,116.93271488280523,711.2412697147188,485.40961665471394,4427.640215661185,1769.5389932032995,988.6486797514416,408.8096869510114,116.93271488280523,711.2412697147188
2026-03-16 09:00:00+00:00,,,,,,,,566.9362167820822,3575.9246978109854,2247.691900031211,987.2864884278107,139.1981962739714,117.56490009518271,679.7497799085864,485.40961665471394,4427.640215661185,1769.5389932032995,988.6486797514416,408.8096869510114,116.93271488280523,711.2412697147188,485.40961665471394,4427.640215661185,1769.5389932032995,988.6486797514416,408.8096869510114,116.93271488280523,711.2412697147188
2026-03-16 10:00:00+00:00,,,,,,,,559.0624037457419,3539.7786019524615,2144.25891906859,1014.195407037209,30.921971326550022,120.13629917777114,686.9176444979843,485.40961665471394,4427.640215661185,1769.5389932032995,988.6486797514416,408.8096869510114,116.93271488280523,711.2412697147188,485.40961665471394,4427.640215661185,1769.5389932032995,988.6486797514416,408.8096869510114,116.93271488280523,711.2412697147188
2026-03-16 11:00:00+00:00,,,,,,,,519.4508338705563,3586.4576614230295,1917.108976040394,995.5122431784542,43.12386654073953,114.96243036705563,704.9813995243906,485.40961665471394,4427.640215661185,1769.5389932032995,988.6486797514416,408.8096869510114,116.93271488280523,711.2412697147188,485.40961665471394,4427.640215661185,1769.5389932032995,988.6486797514416,408.8096869510114,116.93271488280523,711.2412697147188
2026-03-16 12:00:00+00:00,,,,,,,,466.5193110310854,4065.1188936820113,2025.6110144996271,1008.2024282016988,39.521080841262915,120.19495499327289,725.489155092545,485.40961665471394,4427.640215661185,1769.5389932032995,988.6486797514416,408.8096869510114,116.93271488280523,711.2412697147188,485.40961665471394,4427.640215661185,1769.5389932032995,988.6486797514416,408.8096869510114,116.93271488280523,711.2412697147188
2026-03-16 13:00:00+00:00,,,,,,,,590.1805409415335,4220.132773010119,2081.7778168415584,1003.047226293971,59.152623305721704,119.70771315171946,760.355468298866,485.40961665471394,4427.640215661185,1769.5389932032995,988.6486797514416,408.8096869510114,116.93271488280523,711.2412697147188,485.40961665471394,4427.640215661185,1769.5389932032995,988.6486797514416,408.8096869510114,116.93271488280523,711.2412697147188
2026-03-16 14:00:00+00:00,,,,,,,,627.1165975465258,4814.270085282003,2134.7354572039803,1010.889982836945,183.1837016041546,119.79437802958482,815.0462998619412,485.40961665471394,4427.640215661185,1769.5389932032995,988.6486797514416,408.8096869510114,116.93271488280523,711.2412697147188,485.40961665471394,4427.640215661185,1769.5389932032995,988.6486797514416,408.8096869510114,116.93271488280523,711.2412697147188
2026-03-16 15:00:00+00:00,,,,,,,,597.245087251449,4711.362929874617,2589.544853829908,1024.4554122247478,484.19859906714953,122.19382855007338,798.9419620176269,485.40961665471394,4427.640215661185,1769.5389932032995,988.6486797514416,408.8096869510114,116.93271488280523,711.2412697147188,485.40961665471394,4427.640215661185,1769.5389932032995,988.6486797514416,408.8096869510114,116.93271488280523,711.2412697147188
2026-03-16 16:00:00+00:00,,,,,,,,774.8952863010596,5765.417867089647,2957.9982815255453,1052.8760869760795,1424.215820221181,120.73296422443283,812.653811907132,485.40961665471394,4427.640215661185,1769.5389932032995,988.6486797514416,408.8096869510114,116.93271488280523,711.2412697147188,485.40961665471394,4427.640215661185,1769.5389932032995,988.6486797514416,408.8096869510114,116.93271488280523,711.2412697147188
2026-03-16 17:00:00+00:00,,,,,,,,962.1381441377944,6751.704986800871,3083.8485534698243,1052.8967000803277,1804.4042908375477,128.94561321153145,841.9523933546593,485.40961665471394,4427.640215661185,1769.5389932032995,988.6486797514416,408.8096869510114,116.93271488280523,711.2412697147188,485.40961665471394,4427.640215661185,1769.5389932032995,988.6486797514416,408.8096869510114,116.93271488280523,711.2412697147188
2026-03-16 18:00:00+00:00,,,,,,,,1005.995902775428,6650.524447630125,3302.1833954108724,1052.9827475797017,1663.278328585623,125.5870356357528,691.4189930959188,485.40961665471394,4427.640215661185,1769.5389932032995,988.6486797514416,408.8096869510114,116.93271488280523,711.2412697147188,485.40961665471394,4427.640215661185,1769.5389932032995,988.6486797514416,408.8096869510114,116.93271488280523,711.2412697147188
2026-03-16 19:00:00+00:00,,,,,,,,1053.3990093459352,6871.475142873358,3299.5198940311543,1023.6391391222203,824.4384951281988,121.8037495470468,701.4637262597281,485.40961665471394,4427.640215661185,1769.5389932032995,988.6486797514416,408.8096869510114,116.93271488280523,711.2412697147188,485.40961665471394,4427.640215661185,1769.5389932032995,988.6486797514416,408.8096869510114,116.93271488280523,711.2412697147188
2026-03-16 20:00:00+00:00,,,,,,,,982.2406880392515,6572.22325639629,3086.5096658240855,980.194575594125,487.9401879676823,117.51734079516233,848.7036598960227,485.40961665471394,4427.640215661185,1769.5389932032995,988.6486797514416,408.8096869510114,116.93271488280523,711.2412697147188,485.40961665471394,4427.640215661185,1769.5389932032995,988.6486797514416,408.8096869510114,116.93271488280523,711.2412697147188
2026-03-16 21:00:00+00:00,,,,,,,,826.7159898735338,6297.819732363564,2964.0347061320517,971.9876551064843,370.82647974126485,118.09204853550804,829.2124115394278,485.40961665471394,4427.640215661185,1769.5389932032995,988.6486797514416,408.8096869510114,116.93271488280523,711.2412697147188,485.40961665471394,4427.640215661185,1769.5389932032995,988.6486797514416,408.8096869510114,116.93271488280523,711.2412697147188
2026-03-16 22:00:00+00:00,,,,,,,,1002.6530200642635,6486.406276861573,2614.314210757875,1022.2030453548543,364.93762067091507,114.77654342310971,798.7182033319776,485.40961665471394,4427.640215661185,1769.5389932032995,988.6486797514416,408.8096869510114,116.93271488280523,711.2412697147188,485.40961665471394,4427.640215661185,1769.5389932032995,988.6486797514416,408.8096869510114,116.93271488280523,711.2412697147188
2026-03-16 23:00:00+00:00,,,,,,,,867.6447154437994,6407.373003023884,2336.299734808136,1021.8607102812292,113.65072893293717,116.20810629372032,798.5296924048852,485.40961665471394,4427.640215661185,1769.5389932032995,988.6486797514416,408.8096869510114,116.93271488280523,711.2412697147188,485.40961665471394,4427.640215661185,1769.5389932032995,988.6486797514416,408.8096869510114,116.93271488280523,711.2412697147188
2026-03-17 00:00:00+00:00,,,,,,,,844.5056721896301,6291.629023809484,2379.551344438477,1027.5276656243077,275.79625303489433,120.82272142596825,814.3040981155224,485.40961665471394,4427.640215661185,1769.5389932032995,988.6486797514416,408.8096869510114,116.93271488280523,711.2412697147188,485.40961665471394,4427.640215661185,1769.5389932032995,988.6486797514416,408.8096869510114,116.93271488280523,711.2412697147188
2026-03-17 01:00:00+00:00,,,,,,,,902.6595291258731,6221.73507463532,2450.569905340509,1021.9588405149235,290.96481159321127,119.69552507810471,827.5026627967618,485.40961665471394,4427.640215661185,1769.5389932032995,988.6486797514416,408.8096869510114,116.93271488280523,711.2412697147188,485.40961665471394,4427.640215661185,1769.5389932032995,988.6486797514416,408.8096869510114,116.93271488280523,711.2412697147188
2026-03-17 02:00:00+00:00,,,,,,,,849.1335887851053,6263.9527812062715,2322.949165841187,1013.2643678671192,286.98886385449333,119.13574788790737,808.5673661379839,485.40961665471394,4427.640215661185,1769.5389932032995,988.6486797514416,408.8096869510114,116.93271488280523,711.2412697147188,485.40961665471394,4427.640215661185,1769.5389932032995,988.6486797514416,408.8096869510114,116.93271488280523,711.2412697147188
2026-03-17 03:00:00+00:00,,,,,,,,808.923939544786,6092.650484259379,2504.6546278397836,1017.7514452305413,358.0167152469697,121.4632928826598,820.4280643458292,485.40961665471394,4427.640215661185,1769.5389932032995,988.6486797514416,408.8096869510114,116.93271488280523,711.2412697147188,485.40961665471394,4427.640215661185,1769.5389932032995,988.6486797514416,408.8096869510114,116.93271488280523,711.2412697147188
2026-03-17 04:00:00+00:00,,,,,,,,904.3024988221349,6226.541481232767,2884.3590398615997,1016.404080476568,1061.2140141466925,123.12293183892157,845.0759749794672,485.40961665471394,4427.640215661185,1769.5389932032995,988.6486797514416,408.8096869510114,116.93271488280523,711.2412697147188,485.40961665471394,4427.640215661185,1769.5389932032995,988.6486797514416,408.8096869510114,116.93271488280523,711.2412697147188
2026-03-17 05:00:00+00:00,,,,,,,,919.7892627802485,6711.110446536544,3368.1115032205653,1030.8444749316502,1278.6189785333486,120.26609597098609,844.1116105696167,485.40961665471394,4427.640215661185,1769.5389932032995,988.6486797514416,408.8096869510114,116.93271488280523,711.2412697147188,485.40961665471394,4427.640215661185,1769.5389932032995,988.6486797514416,408.8096869510114,116.93271488280523,711.2412697147188
2026-03-17 06:00:00+00:00,,,,,,,,949.6106800400502,6729.030593676822,3404.105850544736,1029.2235083307207,1365.8589005939841,121.6468754768405,849.3591387958865,485.40961665471394,4427.640215661185,1769.5389932032995,988.6486797514416,408.8096869510114,116.93271488280523,711.2412697147188,485.40961665471394,4427.640215661185,1769.5389932032995,988.6486797514416,408.8096869510114,116.93271488280523,711.2412697147188
2026-03-17 07:00:00+00:00,,,,,,,,925.5408275529387,6513.497630639848,3274.0316656755854,1003.7798019098384,1167.8943809550226,119.43969555868173,847.4535906638962,485.40961665471394,4427.640215661185,1769.5389932032995,988.6486797514416,408.8096869510114,116.93271488280523,711.2412697147188,485.40961665471394,4427.640215661185,1769.5389932032995,988.6486797514416,408.8096869510114,116.93271488280523,711.2412697147188
2026-03-17 08:00:00+00:00,,,,,,,,795.3532324701634,6322.840964420127,3093.664493960518,1015.282830389369,317.8543173495458,117.70677742459982,820.0550049938578,485.40961665471394,4427.640215661185,1769.5389932032995,988.6486797514416,408.8096869510114,116.93271488280523,711.2412697147188,485.40961665471394,4427.640215661185,1769.5389932032995,988.6486797514416,408.8096869510114,116.93271488280523,711.2412697147188
2026-03-17 09:00:00+00:00,,,,,,,,875.6460720701343,6134.167351244142,2545.4306560865616,1034.0116710415184,58.51393000992522,118.45238874292795,780.9050810051338,485.40961665471394,4427.640215661185,1769.5389932032995,988.6486797514416,408.8096869510114,116.93271488280523,711.2412697147188,485.40961665471394,4427.640215661185,1769.5389932032995,988.6486797514416,408.8096869510114,116.93271488280523,711.2412697147188
2026-03-17 10:00:00+00:00,,,,,,,,835.2334666183759,5273.1721303293225,2424.5566299141556,1037.6008484927208,20.142502600403702,118.9472802860703,774.934707339158,485.40961665471394,4427.640215661185,1769.5389932032995,988.6486797514416,408.8096869510114,116.93271488280523,711.2412697147188,485.40961665471394,4427.640215661185,1769.5389932032995,988.6486797514416,408.8096869510114,116.93271488280523,711.2412697147188
2026-03-17 11:00:00+00:00,,,,,,,,880.9080998311595,5033.387253850449,2189.9376442328494,1028.383666164951,30.952614413548588,119.4499992162029,803.5104574766085,485.40961665471394,4427.640215661185,1769.5389932032995,988.6486797514416,408.8096869510114,116.93271488280523,711.2412697147188,485.40961665471394,4427.640215661185,1769.5389932032995,988.6486797514416,408.8096869510114,116.93271488280523,711.2412697147188
2026-03-17 12:00:00+00:00,,,,,,,,756.7016075860556,5074.032272226547,2060.5393932848806,1020.7134518476336,40.160114860986766,118.74986017628613,810.609699431591,485.40961665471394,4427.640215661185,1769.5389932032995,988.6486797514416,408.8096869510114,116.93271488280523,711.2412697147188,485.40961665471394,4427.640215661185,1769.5389932032995,988.6486797514416,408.8096869510114,116.93271488280523,711.2412697147188
2026-03-17 13:00:00+00:00,,,,,,,,727.0688421967303,5202.216259138359,1960.5075134315853,1018.2129851451722,42.473169114256564,119.09423526739796,771.6269814385771,485.40961665471394,4427.640215661185,1769.5389932032995,988.6486797514416,408.8096869510114,116.93271488280523,711.2412697147188,485.40961665471394,4427.640215661185,1769.5389932032995,988.6486797514416,408.8096869510114,116.93271488280523,711.2412697147188
2026-03-17 14:00:00+00:00,,,,,,,,745.8651224840149,5174.248279665582,2166.8227356826196,1009.8979334729856,119.60210078332602,117.31596308839704,789.5661578317881,485.40961665471394,4427.640215661185,1769.5389932032995,988.6486797514416,408.8096869510114,116.93271488280523,711.2412697147188,485.40961665471394,4427.640215661185,1769.5389932032995,988.6486797514416,408.8096869510114,116.93271488280523,711.2412697147188
2026-03-17 15:00:00+00:00,,,,,,,,870.5691274600032,5553.00480717551,2630.858848602282,999.3323098378737,511.21424636631286,117.9147548749901,793.3689083977122,485.40961665471394,4427.640215661185,1769.5389932032995,988.6486797514416,408.8096869510114,116.93271488280523,711.2412697147188,485.40961665471394,4427.640215661185,1769.5389932032995,988.6486797514416,408.8096869510114,116.93271488280523,711.2412697147188
2026-03-17 16:00:00+00:00,,,,,,,,942.5757447014088,6241.648427321478,2849.748479260492,998.4619468830632,1317.8033274408622,122.4470352405928,844.233840468236,485.40961665471394,4427.640215661185,1769.5389932032995,988.6486797514416,408.8096869510114,116.93271488280523,711.2412697147188,485.40961665471394,4427.640215661185,1769.5389932032995,988.6486797514416,408.8096869510114,116.93271488280523,711.2412697147188
2026-03-17 17:00:00+00:00,,,,,,,,951.6061632570193,6278.1452753515305,2833.712307489814,1011.2219610502391,1668.098660632033,126.29481589936002,818.7392249539688,485.40961665471394,4427.640215661185,1769.5389932032995,988.6486797514416,408.8096869510114,116.93271488280523,711.2412697147188,485.40961665471394,4427.640215661185,1769.5389932032995,988.6486797514416,408.8096869510114,116.93271488280523,711.2412697147188
2026-03-17 18:00:00+00:00,,,,,,,,977.1599386316907,6629.330743061862,2864.5102729135047,1047.564302338708,1475.926582584491,121.69933766215887,792.8767460545221,485.40961665471394,4427.640215661185,1769.5389932032995,988.6486797514416,408.8096869510114,116.93271488280523,711.2412697147188,485.40961665471394,4427.640215661185,1769.5389932032995,988.6486797514416,408.8096869510114,116.93271488280523,711.2412697147188
2026-03-17 19:00:00+00:00,,,,,,,,900.6912240535069,6461.486077409891,2922.5919498880553,1030.56649895298,1287.3183710273825,121.84291375906442,780.3716863113798,485.40961665471394,4427.640215661185,1769.5389932032995,988.6486797514416,408.8096869510114,116.93271488280523,711.2412697147188,485.40961665471394,4427.640215661185,1769.5389932032995,988.6486797514416,408.8096869510114,116.93271488280523,711.2412697147188
2026-03-17 20:00:00+00:00,,,,,,,,738.2246560304288,5688.17924556121,2568.547144514981,1038.3655960962317,1209.4812753006308,119.1840505305092,764.5275155335078,485.40961665471394,4427.640215661185,1769.5389932032995,988.6486797514416,408.8096869510114,116.93271488280523,711.2412697147188,485.40961665471394,4427.640215661185,1769.5389932032995,988.6486797514416,408.8096869510114,116.93271488280523,711.2412697147188
2026-03-17 21:00:00+00:00,,,,,,,,634.5580912242701,5280.784988251588,2226.893456766977,1047.167642452226,718.4691313691579,120.46723172910933,750.2796347495353,485.40961665471394,4427.640215661185,1769.5389932032995,988.6486797514416,408.8096869510114,116.93271488280523,711.2412697147188,485.40961665471394,4427.640215661185,1769.5389932032995,988.6486797514416,408.8096869510114,116.93271488280523,711.2412697147188
2026-03-17 22:00:00+00:00,,,,,,,,597.3128729551636,5117.828771686212,2124.2813671919716,1043.7699347117436,305.1628180980353,119.28678405386766,748.4987662451434,485.40961665471394,4427.640215661185,1769.5389932032995,988.6486797514416,408.8096869510114,116.93271488280523,711.2412697147188,485.40961665471394,4427.640215661185,1769.5389932032995,988.6486797514416,408.8096869510114,116.93271488280523,711.2412697147188
2026-03-17 23:00:00+00:00,,,,,,,,676.0025139801578,5020.368447055692,1982.4622500684848,1045.1797376388904,230.4787698467014,118.91768682781509,742.4511625112314,485.40961665471394,4427.640215661185,1769.5389932032995,988.6486797514416,408.8096869510114,116.93271488280523,711.2412697147188,485.40961665471394,4427.640215661185,1769.5389932032995,988.6486797514416,408.8096869510114,116.93271488280523,711.2412697147188
2026-03-18 00:00:00+00:00,,,,,,,,619.354264200618,5038.522920204986,1920.1527399087122,1035.0364678692617,177.4744821938254,118.6275776585721,716.247976239487,485.40961665471394,4427.640215661185,1769.5389932032995,988.6486797514416,408.8096869510114,116.93271488280523,711.2412697147188,485.40961665471394,4427.640215661185,1769.5389932032995,988.6486797514416,408.8096869510114,116.93271488280523,711.2412697147188
2026-03-18 01:00:00+00:00,,,,,,,,662.4389972526423,5387.032116423043,1971.7028404713499,1034.3017308500682,246.4842037027221,120.63397319031549,732.3227786845173,485.40961665471394,4427.640215661185,1769.5389932032995,988.6486797514416,408.8096869510114,116.93271488280523,711.2412697147188,485.40961665471394,4427.640215661185,1769.5389932032995,988.6486797514416,408.8096869510114,116.93271488280523,711.2412697147188
2026-03-18 02:00:00+00:00,,,,,,,,557.0867843447357,5748.179978398955,1798.6795579185637,1008.3465318894165,300.0465216164832,117.6630351270191,735.5309181160426,485.40961665471394,4427.640215661185,1769.5389932032995,988.6486797514416,408.8096869510114,116.93271488280523,711.2412697147188,485.40961665471394,4427.640215661185,1769.5389932032995,988.6486797514416,408.8096869510114,116.93271488280523,711.2412697147188
2026-03-18 03:00:00+00:00,,,,,,,,639.3842105123978,5837.660573109026,1899.2386248261062,1005.5480439197196,325.47822712102953,118.600261832952,744.5616575322314,485.40961665471394,4427.640215661185,1769.5389932032995,988.6486797514416,408.8096869510114,116.93271488280523,711.2412697147188,485.40961665471394,4427.640215661185,1769.5389932032995,988.6486797514416,408.8096869510114,116.93271488280523,711.2412697147188
2026-03-18 04:00:00+00:00,,,,,,,,778.2777072112503,6142.841870594697,2325.8942421543106,985.2003621890201,1107.0251846094334,117.56667724176256,736.705600970381,485.40961665471394,4427.640215661185,1769.5389932032995,988.6486797514416,408.8096869510114,116.93271488280523,711.2412697147188,485.40961665471394,4427.640215661185,1769.5389932032995,988.6486797514416,408.8096869510114,116.93271488280523,711.2412697147188
2026-03-18 05:00:00+00:00,,,,,,,,936.9620176153458,6306.130981070963,3147.010768382205,987.3821449087704,1314.2938484930423,114.58662085566885,798.5993866568035,485.40961665471394,4427.640215661185,1769.5389932032995,988.6486797514416,408.8096869510114,116.93271488280523,711.2412697147188,485.40961665471394,4427.640215661185,1769.5389932032995,988.6486797514416,408.8096869510114,116.93271488280523,711.2412697147188
2026-03-18 06:00:00+00:00,,,,,,,,944.4190964037189,6303.0087215327585,3212.9236056051177,972.8892460273338,1210.8241772588542,112.08406557373038,780.1731963522715,485.40961665471394,4427.640215661185,1769.5389932032995,988.6486797514416,408.8096869510114,116.93271488280523,711.2412697147188,485.40961665471394,4427.640215661185,1769.5389932032995,988.6486797514416,408.8096869510114,116.93271488280523,711.2412697147188
2026-03-18 07:00:00+00:00,,,,,,,,730.378990551819,5955.517702357492,2393.634455943209,984.3687670309979,740.1507181530444,112.17827669758995,774.9989228512495,485.40961665471394,4427.640215661185,1769.5389932032995,988.6486797514416,408.8096869510114,116.93271488280523,711.2412697147188,485.40961665471394,4427.640215661185,1769.5389932032995,988.6486797514416,408.8096869510114,116.93271488280523,711.2412697147188
2026-03-18 08:00:00+00:00,,,,,,,,623.9007189273768,5152.5204954570745,1981.2123989811412,989.2861597043438,71.38579195541399,110.78838510401765,746.3906411571597,485.40961665471394,4427.640215661185,1769.5389932032995,988.6486797514416,408.8096869510114,116.93271488280523,711.2412697147188,485.40961665471394,4427.640215661185,1769.5389932032995,988.6486797514416,408.8096869510114,116.93271488280523,711.2412697147188
2026-03-18 09:00:00+00:00,,,,,,,,440.82723354070976,3822.6719422131473,1720.764408544074,923.7367649374363,98.28995125987439,103.01645795346363,731.0470246396499,485.40961665471394,4427.640215661185,1769.5389932032995,988.6486797514416,408.8096869510114,116.93271488280523,711.2412697147188,485.40961665471394,4427.640215661185,1769.5389932032995,988.6486797514416,408.8096869510114,116.93271488280523,711.2412697147188
2026-03-18 10:00:00+00:00,,,,,,,,385.7920889098571,3116.8483242932634,1356.8211216404493,908.0231445317509,36.808232879164166,103.17438029738156,727.1497643069796,485.40961665471394,4427.640215661185,1769.5389932032995,988.6486797514416,408.8096869510114,116.93271488280523,711.2412697147188,485.40961665471394,4427.640215661185,1769.5389932032995,988.6486797514416,408.8096869510114,116.93271488280523,711.2412697147188
2026-03-18 11:00:00+00:00,,,,,,,,463.46348698031073,3136.0959873921292,1179.5586627864336,954.1517527981621,5.613043549759482,102.30768466694215,738.5258974870865,485.40961665471394,4427.640215661185,1769.5389932032995,988.6486797514416,408.8096869510114,116.93271488280523,711.2412697147188,485.40961665471394,4427.640215661185,1769.5389932032995,988.6486797514416,408.8096869510114,116.93271488280523,711.2412697147188
2026-03-18 12:00:00+00:00,,,,,,,,327.5065101271905,2619.333117538938,1090.956154710213,911.5491870225001,29.806331600329884,103.22598202615413,696.4080716170599,485.40961665471394,4427.640215661185,1769.5389932032995,988.6486797514416,408.8096869510114,116.93271488280523,711.2412697147188,485.40961665471394,4427.640215661185,1769.5389932032995,988.6486797514416,408.8096869510114,116.93271488280523,711.2412697147188
2026-03-18 13:00:00+00:00,,,,,,,,332.18555779263556,3083.158001691919,1182.9300093043603,942.9928542010442,12.135739537514837,104.72308325766676,720.3444288258497,485.40961665471394,4427.640215661185,1769.5389932032995,988.6486797514416,408.8096869510114,116.93271488280523,711.2412697147188,485.40961665471394,4427.640215661185,1769.5389932032995,988.6486797514416,408.8096869510114,116.93271488280523,711.2412697147188
2026-03-18 14:00:00+00:00,,,,,,,,416.04722553356174,3880.1451898362793,1309.0980382824537,951.9206042024581,68.18611109635003,106.52760238286061,724.3684789625437,485.40961665471394,4427.640215661185,1769.5389932032995,988.6486797514416,408.8096869510114,116.93271488280523,711.2412697147188,485.40961665471394,4427.640215661185,1769.5389932032995,988.6486797514416,408.8096869510114,116.93271488280523,711.2412697147188
2026-03-18 15:00:00+00:00,,,,,,,,610.068655832426,5090.020025155552,1823.531118684191,927.4705886840137,136.99591512009619,109.28994197302798,711.8490150683532,485.40961665471394,4427.640215661185,1769.5389932032995,988.6486797514416,408.8096869510114,116.93271488280523,711.2412697147188,485.40961665471394,4427.640215661185,1769.5389932032995,988.6486797514416,408.8096869510114,116.93271488280523,711.2412697147188
2026-03-18 16:00:00+00:00,,,,,,,,913.4270944499583,5859.873184857831,2304.103292775228,958.5038998887143,1333.2925917801433,116.69964635440645,805.7505060733974,485.40961665471394,4427.640215661185,1769.5389932032995,988.6486797514416,408.8096869510114,116.93271488280523,711.2412697147188,485.40961665471394,4427.640215661185,1769.5389932032995,988.6486797514416,408.8096869510114,116.93271488280523,711.2412697147188
2026-03-18 17:00:00+00:00,,,,,,,,988.7663869715515,5876.942501163243,2464.381123640515,955.7176317788665,1974.9943962427383,118.51007387972903,849.0284446106584,485.40961665471394,4427.640215661185,1769.5389932032995,988.6486797514416,408.8096869510114,116.93271488280523,711.2412697147188,485.40961665471394,4427.640215661185,1769.5389932032995,988.6486797514416,408.8096869510114,116.93271488280523,711.2412697147188
2026-03-18 18:00:00+00:00,,,,,,,,918.1236718719474,5784.1274093916,2466.038243483235,901.183527817096,2127.611751414669,111.73766060467088,855.8382648652779,485.40961665471394,4427.640215661185,1769.5389932032995,988.6486797514416,408.8096869510114,116.93271488280523,711.2412697147188,485.40961665471394,4427.640215661185,1769.5389932032995,988.6486797514416,408.8096869510114,116.93271488280523,711.2412697147188
2026-03-18 19:00:00+00:00,,,,,,,,784.1001320707619,6016.737317366169,2156.137139604311,899.8136616859122,1836.8032732290746,106.02457235826473,828.237146221757,485.40961665471394,4427.640215661185,1769.5389932032995,988.6486797514416,408.8096869510114,116.93271488280523,711.2412697147188,485.40961665471394,4427.640215661185,1769.5389932032995,988.6486797514416,408.8096869510114,116.93271488280523,711.2412697147188
2026-03-18 20:00:00+00:00,,,,,,,,647.4601480517085,5997.950888211255,2206.801860648601,920.1022474565476,1558.3568914416578,110.25222076546456,813.6107020482025,485.40961665471394,4427.640215661185,1769.5389932032995,988.6486797514416,408.8096869510114,116.93271488280523,711.2412697147188,485.40961665471394,4427.640215661185,1769.5389932032995,988.6486797514416,408.8096869510114,116.93271488280523,711.2412697147188
2026-03-18 21:00:00+00:00,,,,,,,,691.8789669154196,5083.257417054455,1977.271840405695,953.5367011692973,918.640655714434,116.00108428337019,804.5773978252018,485.40961665471394,4427.640215661185,1769.5389932032995,988.6486797514416,408.8096869510114,116.93271488280523,711.2412697147188,485.40961665471394,4427.640215661185,1769.5389932032995,988.6486797514416,408.8096869510114,116.93271488280523,711.2412697147188
2026-03-18 22:00:00+00:00,,,,,,,,644.5908757871695,4930.302643037195,1725.8167826276974,951.7914895179922,560.0054860744602,114.83949346308117,818.4420780120446,485.40961665471394,4427.640215661185,1769.5389932032995,988.6486797514416,408.8096869510114,116.93271488280523,711.2412697147188,485.40961665471394,4427.640215661185,1769.5389932032995,988.6486797514416,408.8096869510114,116.93271488280523,711.2412697147188
2026-03-18 23:00:00+00:00,,,,,,,,693.724856221371,4782.644985390871,1795.802200723388,987.6200279259692,446.61433354633147,116.6732380947637,789.1634925603125,485.40961665471394,4427.640215661185,1769.5389932032995,988.6486797514416,408.8096869510114,116.93271488280523,711.2412697147188,485.40961665471394,4427.640215661185,1769.5389932032995,988.6486797514416,408.8096869510114,116.93271488280523,711.2412697147188
2026-03-19 00:00:00+00:00,,,,,,,,735.3001865054856,4732.035692066673,1846.1511892284427,975.641632121167,421.116202127835,114.01288743211433,727.4468991982894,485.40961665471394,4427.640215661185,1769.5389932032995,988.6486797514416,408.8096869510114,116.93271488280523,711.2412697147188,485.40961665471394,4427.640215661185,1769.5389932032995,988.6486797514416,408.8096869510114,116.93271488280523,711.2412697147188
2026-03-19 01:00:00+00:00,,,,,,,,849.2267521827139,5060.333157912411,1674.4368481169536,986.12992222843,428.94383026675507,115.2466316497975,772.8380095959029,485.40961665471394,4427.640215661185,1769.5389932032995,988.6486797514416,408.8096869510114,116.93271488280523,711.2412697147188,485.40961665471394,4427.640215661185,1769.5389932032995,988.6486797514416,408.8096869510114,116.93271488280523,711.2412697147188
2026-03-19 02:00:00+00:00,,,,,,,,813.0509833605408,5319.93217348695,1810.4309915570293,966.7404571476433,334.22227164034746,116.14889904028286,763.2015581805786,485.40961665471394,4427.640215661185,1769.5389932032995,988.6486797514416,408.8096869510114,116.93271488280523,711.2412697147188,485.40961665471394,4427.640215661185,1769.5389932032995,988.6486797514416,408.8096869510114,116.93271488280523,711.2412697147188
2026-03-19 03:00:00+00:00,,,,,,,,821.6329640559793,5627.967487476115,1841.0218683916835,991.5604871962115,487.0668930102053,116.11950665241173,813.4905044522195,485.40961665471394,4427.640215661185,1769.5389932032995,988.6486797514416,408.8096869510114,116.93271488280523,711.2412697147188,485.40961665471394,4427.640215661185,1769.5389932032995,988.6486797514416,408.8096869510114,116.93271488280523,711.2412697147188
2026-03-19 04:00:00+00:00,,,,,,,,961.5747251833541,6003.63246555202,2473.832086081026,973.764317680771,1226.4388696825354,116.38870854868931,829.5401310927041,485.40961665471394,4427.640215661185,1769.5389932032995,988.6486797514416,408.8096869510114,116.93271488280523,711.2412697147188,485.40961665471394,4427.640215661185,1769.5389932032995,988.6486797514416,408.8096869510114,116.93271488280523,711.2412697147188
2026-03-19 05:00:00+00:00,,,,,,,,1115.3325754770622,6669.461152348089,2918.7562322290632,987.5487771980717,1437.0718235079034,116.03345586296346,841.2848889947327,485.40961665471394,4427.640215661185,1769.5389932032995,988.6486797514416,408.8096869510114,116.93271488280523,711.2412697147188,485.40961665471394,4427.640215661185,1769.5389932032995,988.6486797514416,408.8096869510114,116.93271488280523,711.2412697147188
2026-03-19 06:00:00+00:00,,,,,,,,1105.6647268742993,6701.609083122808,2913.3817158387833,1018.5060416824602,1573.2012089255059,118.7675555708676,810.1161123056871,485.40961665471394,4427.640215661185,1769.5389932032995,988.6486797514416,408.8096869510114,116.93271488280523,711.2412697147188,485.40961665471394,4427.640215661185,1769.5389932032995,988.6486797514416,408.8096869510114,116.93271488280523,711.2412697147188
2026-03-19 07:00:00+00:00,,,,,,,,1043.008773970928,6607.2310113104,3064.973519877136,967.9123053329224,903.9671008502041,113.94148924433331,777.3778931248655,485.40961665471394,4427.640215661185,1769.5389932032995,988.6486797514416,408.8096869510114,116.93271488280523,711.2412697147188,485.40961665471394,4427.640215661185,1769.5389932032995,988.6486797514416,408.8096869510114,116.93271488280523,711.2412697147188
2026-03-19 08:00:00+00:00,,,,,,,,785.448190708433,6263.007614958886,2195.3153249138063,975.3106056680894,98.36684097899155,112.28040097118023,743.576215138063,485.40961665471394,4427.640215661185,1769.5389932032995,988.6486797514416,408.8096869510114,116.93271488280523,711.2412697147188,485.40961665471394,4427.640215661185,1769.5389932032995,988.6486797514416,408.8096869510114,116.93271488280523,711.2412697147188
2026-03-19 09:00:00+00:00,,,,,,,,565.777316317343,5660.554605848567,1599.7555065030829,965.7356045863157,-6.583023921950144,113.5539898656637,675.62119815445,485.40961665471394,4427.640215661185,1769.5389932032995,988.6486797514416,408.8096869510114,116.93271488280523,711.2412697147188,485.40961665471394,4427.640215661185,1769.5389932032995,988.6486797514416,408.8096869510114,116.93271488280523,711.2412697147188
2026-03-19 10:00:00+00:00,,,,,,,,551.4702305737413,4412.745861873241,1355.4212462238959,961.5935803989706,-15.455746496692825,111.12398280261662,746.94470573709,485.40961665471394,4427.640215661185,1769.5389932032995,988.6486797514416,408.8096869510114,116.93271488280523,711.2412697147188,485.40961665471394,4427.640215661185,1769.5389932032995,988.6486797514416,408.8096869510114,116.93271488280523,711.2412697147188
2026-03-19 11:00:00+00:00,,,,,,,,631.7048642304801,3907.666682766323,1212.6318824416794,974.0118010096074,-0.5308319354390392,113.11456245426979,716.2475040395811,485.40961665471394,4427.640215661185,1769.5389932032995,988.6486797514416,408.8096869510114,116.93271488280523,711.2412697147188,485.40961665471394,4427.640215661185,1769.5389932032995,988.6486797514416,408.8096869510114,116.93271488280523,711.2412697147188
2026-03-19 12:00:00+00:00,,,,,,,,516.3205142119226,3618.1037327325457,1132.4902678285598,972.9752863213025,1.0857293480457315,114.18167221926198,661.8620089513763,485.40961665471394,4427.640215661185,1769.5389932032995,988.6486797514416,408.8096869510114,116.93271488280523,711.2412697147188,485.40961665471394,4427.640215661185,1769.5389932032995,988.6486797514416,408.8096869510114,116.93271488280523,711.2412697147188
2026-03-19 13:00:00+00:00,,,,,,,,579.7672432034776,3826.3171190158523,1262.4701677959597,970.8295393444967,3.116917658482862,110.22941498156098,650.9968084109641,485.40961665471394,4427.640215661185,1769.5389932032995,988.6486797514416,408.8096869510114,116.93271488280523,711.2412697147188,485.40961665471394,4427.640215661185,1769.5389932032995,988.6486797514416,408.8096869510114,116.93271488280523,711.2412697147188
2026-03-19 14:00:00+00:00,,,,,,,,616.5643432105564,5004.995635180634,1417.7243856394216,969.6642214924293,56.37741230435017,112.22507065303415,628.7554857008698,485.40961665471394,4427.640215661185,1769.5389932032995,988.6486797514416,408.8096869510114,116.93271488280523,711.2412697147188,485.40961665471394,4427.640215661185,1769.5389932032995,988.6486797514416,408.8096869510114,116.93271488280523,711.2412697147188
2026-03-19 15:00:00+00:00,,,,,,,,736.4647814996057,5679.57662427102,1759.1054019421588,964.6785692023203,262.4913902856307,113.37729865073872,601.64362039944,485.40961665471394,4427.640215661185,1769.5389932032995,988.6486797514416,408.8096869510114,116.93271488280523,711.2412697147188,485.40961665471394,4427.640215661185,1769.5389932032995,988.6486797514416,408.8096869510114,116.93271488280523,711.2412697147188
2026-03-19 16:00:00+00:00,,,,,,,,918.8197438334187,6049.462246469895,2245.7848069431134,978.5779847481518,1289.7838268030623,120.26185935141898,755.0763255359706,485.40961665471394,4427.640215661185,1769.5389932032995,988.6486797514416,408.8096869510114,116.93271488280523,711.2412697147188,485.40961665471394,4427.640215661185,1769.5389932032995,988.6486797514416,408.8096869510114,116.93271488280523,711.2412697147188
2026-03-19 17:00:00+00:00,,,,,,,,954.3873717508968,6242.206584522263,2730.1447691462745,1000.9289930427492,1802.7133424778224,125.15040431228462,734.8963296390045,485.40961665471394,4427.640215661185,1769.5389932032995,988.6486797514416,408.8096869510114,116.93271488280523,711.2412697147188,485.40961665471394,4427.640215661185,1769.5389932032995,988.6486797514416,408.8096869510114,116.93271488280523,711.2412697147188
2026-03-19 18:00:00+00:00,,,,,,,,1036.3427436002983,6210.307097797872,2573.5363823981234,993.4965465478531,1788.078273402512,121.69022899834926,816.3857969937559,485.40961665471394,4427.640215661185,1769.5389932032995,988.6486797514416,408.8096869510114,116.93271488280523,711.2412697147188,485.40961665471394,4427.640215661185,1769.5389932032995,988.6486797514416,408.8096869510114,116.93271488280523,711.2412697147188
2026-03-19 19:00:00+00:00,,,,,,,,1108.5855983038643,6279.033624013888,2614.0088747101304,994.5099980037401,1411.7493892933621,117.26804311541926,783.6411871909697,485.40961665471394,4427.640215661185,1769.5389932032995,988.6486797514416,408.8096869510114,116.93271488280523,711.2412697147188,485.40961665471394,4427.640215661185,1769.5389932032995,988.6486797514416,408.8096869510114,116.93271488280523,711.2412697147188
2026-03-19 20:00:00+00:00,,,,,,,,1045.3906053419223,6602.721029892798,2433.9085677610938,1001.0559229271972,1333.0029771012187,116.92254071388037,760.3499975536499,485.40961665471394,4427.640215661185,1769.5389932032995,988.6486797514416,408.8096869510114,116.93271488280523,711.2412697147188,485.40961665471394,4427.640215661185,1769.5389932032995,988.6486797514416,408.8096869510114,116.93271488280523,711.2412697147188
2026-03-19 21:00:00+00:00,,,,,,,,950.7450705729451,6577.850842797385,2318.5569220620787,996.2133812337853,911.131485496338,116.0846545398953,782.3589253577071,485.40961665471394,4427.640215661185,1769.5389932032995,988.6486797514416,408.8096869510114,116.93271488280523,711.2412697147188,485.40961665471394,4427.640215661185,1769.5389932032995,988.6486797514416,408.8096869510114,116.93271488280523,711.2412697147188
2026-03-19 22:00:00+00:00,,,,,,,,905.5287178151578,6554.447174475813,2091.4195378474933,1009.22160725123,560.5628381805086,115.33462425237397,802.112173152197,485.40961665471394,4427.640215661185,1769.5389932032995,988.6486797514416,408.8096869510114,116.93271488280523,711.2412697147188,485.40961665471394,4427.640215661185,1769.5389932032995,988.6486797514416,408.8096869510114,116.93271488280523,711.2412697147188
2026-03-19 23:00:00+00:00,,,,,,,,841.559847033516,6288.947659777767,1954.3629769552622,1015.0518528708177,383.4717883659154,115.87372100665505,772.6742063882932,485.40961665471394,4427.640215661185,1769.5389932032995,988.6486797514416,408.8096869510114,116.93271488280523,711.2412697147188,485.40961665471394,4427.640215661185,1769.5389932032995,988.6486797514416,408.8096869510114,116.93271488280523,711.2412697147188
