date,solar_tenn_actual,solar_tenn_fitted,solar_tenn_lower,solar_tenn_upper
2026-01-24 00:00:00+00:00,-4.511996e-05,6.9440037854487855,-746.8473566554599,760.7353642263574
2026-01-24 01:00:00+00:00,-4.511996e-05,2.6396831684082827,-751.1516772725008,756.4310436093169
2026-01-24 02:00:00+00:00,-4.511996e-05,4.89135155546137,-748.9000088854477,758.68271199637
2026-01-24 03:00:00+00:00,-4.511996e-05,6.075188874111063,-747.7161715667976,759.8665493150197
2026-01-24 04:00:00+00:00,-4.511996e-05,13.197531395391252,-740.5938290455174,766.9888918362999
2026-01-24 05:00:00+00:00,-4.511996e-05,7.152845680682731,-746.6385147602259,760.9442061215914
2026-01-24 06:00:00+00:00,1.3400428,16.562800149837585,-737.2285602910715,770.3541605907462
2026-01-24 07:00:00+00:00,285.97995,117.76186006308717,-636.0295003778215,871.5532205039958
2026-01-24 08:00:00+00:00,1388.95,1133.852271487022,380.0609110461137,1887.643631927931
2026-01-24 09:00:00+00:00,2585.33,2228.9730048888396,1475.181644447931,2982.764365329748
2026-01-24 10:00:00+00:00,3311.24,2520.474721664827,1766.6833612239184,3274.2660821057357
2026-01-24 11:00:00+00:00,3628.51,3031.970101830694,2278.1787413897855,3785.761462271603
2026-01-24 12:00:00+00:00,3631.47,3661.8569663155567,2908.0656058746476,4415.648326756465
2026-01-24 13:00:00+00:00,3056.15,1832.2665396541393,1078.4751792132306,2586.057900095048
2026-01-24 14:00:00+00:00,1795.3,1070.5748938585753,316.7835334176666,1824.366254299484
2026-01-24 15:00:00+00:00,413.24997,321.7664393434684,-432.02492109744026,1075.5577997843773
2026-01-24 16:00:00+00:00,1.1798866,-5.453014419236752,-759.2443748601454,748.3383460216724
2026-01-24 17:00:00+00:00,-4.511996e-05,9.09524884545499,-744.6961115954537,762.8866092863636
2026-01-24 18:00:00+00:00,-4.511996e-05,-0.1418406294333181,-753.933201070342,753.6495198114753
2026-01-24 19:00:00+00:00,-4.511996e-05,-0.1418406294333181,-753.933201070342,753.6495198114753
2026-01-24 20:00:00+00:00,-4.511996e-05,-0.1418406294333181,-753.933201070342,753.6495198114753
2026-01-24 21:00:00+00:00,-4.511996e-05,0.36098567456565434,-753.430374766343,754.1523461154743
2026-01-24 22:00:00+00:00,-4.511996e-05,4.665306291606157,-749.1260541493025,758.4566667325148
2026-01-24 23:00:00+00:00,-4.511996e-05,4.162479987607185,-749.6288804533015,757.9538404285163
2026-01-25 00:00:00+00:00,-4.511996e-05,3.5759431099208996,-750.2154173309877,757.36730355083
2026-01-25 01:00:00+00:00,-4.511996e-05,3.073116805922382,-750.7182436349867,756.864477246831
2026-01-25 02:00:00+00:00,-4.511996e-05,5.827611496974441,-747.9637489439347,759.6189719378831
2026-01-25 03:00:00+00:00,-4.511996e-05,10.951548072642709,-742.8398123682659,764.7429085135518
2026-01-25 04:00:00+00:00,-4.511996e-05,14.316816827089042,-739.4745436138201,768.1081772679977
2026-01-25 05:00:00+00:00,-4.511996e-05,14.316816827089042,-739.4745436138201,768.1081772679977
2026-01-25 06:00:00+00:00,1.3000038,8.463209016083056,-745.328151424826,762.2545694569917
2026-01-25 07:00:00+00:00,212.79,105.56614320187145,-648.2252172390376,859.3575036427801
2026-01-25 08:00:00+00:00,1010.38995,1378.7704521643727,624.9790917234641,2132.5618126052814
2026-01-25 09:00:00+00:00,1927.17,2402.595328751231,1648.8039683103223,3156.38668919214
2026-01-25 10:00:00+00:00,2442.05,3023.15144211737,2269.360081676461,3776.942802558279
2026-01-25 11:00:00+00:00,2479.4,3927.924675106804,3174.1333146658953,4681.716035547713
2026-01-25 12:00:00+00:00,1903.5,3222.137649452719,2468.3462890118103,3975.9290098936276
2026-01-25 13:00:00+00:00,1224.17,1833.1430948319294,1079.3517343910205,2586.934455272838
2026-01-25 14:00:00+00:00,619.76996,1146.5657716497356,392.7744112088267,1900.3571320906444
2026-01-25 15:00:00+00:00,89.01973,241.11357613337032,-512.6777843075388,994.904936574279
2026-01-25 16:00:00+00:00,0.9999549,19.340671744277643,-734.450688696631,773.1320321851867
2026-01-25 17:00:00+00:00,-4.511996e-05,13.39677754141394,-740.3945828994947,767.1881379823226
2026-01-25 18:00:00+00:00,-4.511996e-05,4.159688066525632,-749.631672374383,757.9510485074343
2026-01-25 19:00:00+00:00,-4.511996e-05,4.159688066525632,-749.631672374383,757.9510485074343
2026-01-25 20:00:00+00:00,-4.511996e-05,4.159688066525632,-749.631672374383,757.9510485074343
2026-01-25 21:00:00+00:00,-4.511996e-05,4.159688066525632,-749.631672374383,757.9510485074343
2026-01-25 22:00:00+00:00,-4.511996e-05,3.6568617625266597,-750.134498678382,757.4482222034358
2026-01-25 23:00:00+00:00,-4.511996e-05,3.6568617625266597,-750.134498678382,757.4482222034358
2026-01-26 00:00:00+00:00,-4.511996e-05,7.057846695910484,-746.7335137449982,760.8492071368191
2026-01-26 01:00:00+00:00,-4.511996e-05,6.555020391911512,-747.2363400489971,760.3463808328206
2026-01-26 02:00:00+00:00,-4.511996e-05,9.309515082963571,-744.4818453579451,763.1008755238722
2026-01-26 03:00:00+00:00,-4.511996e-05,11.105382271921371,-742.6859781689873,764.89674271283
2026-01-26 04:00:00+00:00,-4.511996e-05,11.105382271921371,-742.6859781689873,764.89674271283
2026-01-26 05:00:00+00:00,-4.511996e-05,11.105382271921371,-742.6859781689873,764.89674271283
2026-01-26 06:00:00+00:00,0.8100135,-6.43633953405606,-760.2276999749647,747.355020906853
2026-01-26 07:00:00+00:00,69.07002,-14.547251275934286,-768.3386117168429,739.2441091649748
2026-01-26 08:00:00+00:00,304.25998,716.2015571036331,-37.5898033372755,1469.992917544542
2026-01-26 09:00:00+00:00,772.60004,1522.564509335909,768.7731488950003,2276.3558697768176
2026-01-26 10:00:00+00:00,973.2399,1549.2831792089557,795.4918187680469,2303.0745396498646
2026-01-26 11:00:00+00:00,989.96,1793.4116329508715,1039.6202725099627,2547.20299339178
2026-01-26 12:00:00+00:00,750.74994,1805.0727198072775,1051.2813593663689,2558.8640802481864
2026-01-26 13:00:00+00:00,564.9799,1055.3559977043362,301.5646372634278,1809.147358145245
2026-01-26 14:00:00+00:00,335.49997,824.0465042344545,70.25514379354581,1577.837864675363
2026-01-26 15:00:00+00:00,71.58003,234.68823619817385,-519.1031242427348,988.4795966390825
2026-01-26 16:00:00+00:00,0.97993535,23.548358847679083,-730.2430015932296,777.3397192885877
2026-01-26 17:00:00+00:00,-4.511996e-05,17.010228311480205,-736.7811321294284,770.8015887523893
2026-01-26 18:00:00+00:00,-4.511996e-05,8.572961866423157,-745.2183985744855,762.3643223073318
2026-01-26 19:00:00+00:00,-4.511996e-05,8.572961866423157,-745.2183985744855,762.3643223073318
2026-01-26 20:00:00+00:00,-4.511996e-05,8.572961866423157,-745.2183985744855,762.3643223073318
2026-01-26 21:00:00+00:00,-4.511996e-05,7.138765348516245,-746.6525950923924,760.9301257894249
2026-01-26 22:00:00+00:00,-4.511996e-05,7.138765348516245,-746.6525950923924,760.9301257894249
2026-01-26 23:00:00+00:00,-4.511996e-05,7.138765348516245,-746.6525950923924,760.9301257894249
2026-01-27 00:00:00+00:00,-4.511996e-05,6.555020391911512,-747.2363400489971,760.3463808328206
2026-01-27 01:00:00+00:00,-4.511996e-05,6.555020391911512,-747.2363400489971,760.3463808328206
2026-01-27 02:00:00+00:00,-4.511996e-05,8.806688778964599,-744.984671661944,762.5980492198737
2026-01-27 03:00:00+00:00,-4.511996e-05,18.798461620540365,-734.9928988203683,772.5898220614495
2026-01-27 04:00:00+00:00,-4.511996e-05,18.798461620540365,-734.9928988203683,772.5898220614495
2026-01-27 05:00:00+00:00,-4.511996e-05,18.798461620540365,-734.9928988203683,772.5898220614495
2026-01-27 06:00:00+00:00,2.5700233,21.538424329334703,-732.252936111574,775.3297847702434
2026-01-27 07:00:00+00:00,501.95993,200.79134246932972,-553.0000179715789,954.5827029102386
2026-01-27 08:00:00+00:00,1704.07,2265.7691703550245,1511.9778099141154,3019.560530795933
2026-01-27 09:00:00+00:00,3048.6,4568.079762396971,3814.2884019560624,5321.87112283788
2026-01-27 10:00:00+00:00,4034.68,5627.362953833066,4873.5715933921565,6381.154314273974
2026-01-27 11:00:00+00:00,4663.22,4976.727539378393,4222.936178937484,5730.518899819302
2026-01-27 12:00:00+00:00,4555.36,4731.529506661574,3977.738146220665,5485.320867102482
2026-01-27 13:00:00+00:00,3562.47,2627.5253497724607,1873.7339893315518,3381.3167102133693
2026-01-27 14:00:00+00:00,1623.21,1848.6125593852348,1094.8211989443262,2602.4039198261435
2026-01-27 15:00:00+00:00,275.32004,379.28973154540336,-374.50162889550575,1133.0810919863118
2026-01-27 16:00:00+00:00,0.45991582,0.1456687318850527,-753.645691709024,753.9370291727937
2026-01-27 17:00:00+00:00,-4.511996e-05,16.878681127403524,-736.9126793135056,770.6700415683122
2026-01-27 18:00:00+00:00,-4.511996e-05,9.075788170422129,-744.715572270487,762.8671486113308
2026-01-27 19:00:00+00:00,-4.511996e-05,7.641591652515217,-746.1497687883934,761.4329520934239
2026-01-27 20:00:00+00:00,-4.511996e-05,9.075788170422129,-744.715572270487,762.8671486113308
2026-01-27 21:00:00+00:00,-4.511996e-05,7.641591652515217,-746.1497687883934,761.4329520934239
2026-01-27 22:00:00+00:00,-4.511996e-05,7.641591652515217,-746.1497687883934,761.4329520934239
2026-01-27 23:00:00+00:00,-4.511996e-05,7.641591652515217,-746.1497687883934,761.4329520934239
2026-01-28 00:00:00+00:00,-4.511996e-05,8.492043213817396,-745.2993172270913,762.283403654726
2026-01-28 01:00:00+00:00,-4.511996e-05,8.492043213817396,-745.2993172270913,762.283403654726
2026-01-28 02:00:00+00:00,-4.511996e-05,9.309515082963571,-744.4818453579451,763.1008755238722
2026-01-28 03:00:00+00:00,-4.511996e-05,14.433451658632293,-739.3579087822764,768.2248120995409
2026-01-28 04:00:00+00:00,-4.511996e-05,14.433451658632293,-739.3579087822764,768.2248120995409
2026-01-28 05:00:00+00:00,-4.511996e-05,16.17381675630031,-737.6175436846083,769.965177197209
2026-01-28 06:00:00+00:00,1.7902381,1.2567398145633888,-752.5346206263457,755.048100255472
2026-01-28 07:00:00+00:00,288.97995,64.27223281554552,-689.5191276253631,818.0635932564542
2026-01-28 08:00:00+00:00,1194.96,1611.464920871455,857.6735604305463,2365.256281312364
2026-01-28 09:00:00+00:00,2417.03,3240.7568681331522,2486.9655076922436,3994.548228574061
2026-01-28 10:00:00+00:00,3749.23,4252.588737801836,3498.797377360927,5006.380098242744
2026-01-28 11:00:00+00:00,4159.41,4237.890680071136,3484.099319630227,4991.682040512044
2026-01-28 12:00:00+00:00,3375.1,3125.2030742463203,2371.4117138054116,3878.994434687229
2026-01-28 13:00:00+00:00,2077.25,2650.2670381372877,1896.475677696379,3404.058398578197
2026-01-28 14:00:00+00:00,881.7299,1551.972739477388,798.181379036479,2305.764099918297
2026-01-28 15:00:00+00:00,164.9001,375.7604810835901,-378.03087935731855,1129.5518415244987
2026-01-28 16:00:00+00:00,0.84004277,-16.803575417045067,-770.5949358579542,736.9877850238636
2026-01-28 17:00:00+00:00,-4.511996e-05,16.878681127403524,-736.9126793135056,770.6700415683122
2026-01-28 18:00:00+00:00,-4.511996e-05,7.641591652515217,-746.1497687883934,761.4329520934239
2026-01-28 19:00:00+00:00,-4.511996e-05,7.641591652515217,-746.1497687883934,761.4329520934239
2026-01-28 20:00:00+00:00,-4.511996e-05,7.641591652515217,-746.1497687883934,761.4329520934239
2026-01-28 21:00:00+00:00,-4.511996e-05,7.641591652515217,-746.1497687883934,761.4329520934239
2026-01-28 22:00:00+00:00,-4.511996e-05,7.641591652515217,-746.1497687883934,761.4329520934239
2026-01-28 23:00:00+00:00,-4.511996e-05,7.641591652515217,-746.1497687883934,761.4329520934239
2026-01-29 00:00:00+00:00,-4.511996e-05,7.6722125761775715,-746.1191478647311,761.4635730170867
2026-01-29 01:00:00+00:00,-4.511996e-05,7.6722125761775715,-746.1191478647311,761.4635730170867
2026-01-29 02:00:00+00:00,-4.511996e-05,9.923880963230658,-743.867479477678,763.7152414041398
2026-01-29 03:00:00+00:00,-4.511996e-05,11.719748152188458,-742.0716122887202,765.5111085930971
2026-01-29 04:00:00+00:00,-4.511996e-05,11.719748152188458,-742.0716122887202,765.5111085930971
2026-01-29 05:00:00+00:00,-4.511996e-05,11.719748152188458,-742.0716122887202,765.5111085930971
2026-01-29 06:00:00+00:00,0.32002324,-5.187600165712865,-758.9789606066215,748.6037602751958
2026-01-29 07:00:00+00:00,12.849809,7.1168445833545775,-746.6745158575541,760.9082050242632
2026-01-29 08:00:00+00:00,68.62984,794.3125932192711,40.5212327783629,1548.10395366018
2026-01-29 09:00:00+00:00,177.24995,1370.468227994715,616.6768675538065,2124.2595884356238
2026-01-29 10:00:00+00:00,331.41013,1792.5792943149115,1038.7879338740029,2546.3706547558204
2026-01-29 11:00:00+00:00,453.48996,1643.3277105590878,889.5363501181791,2397.1190709999964
2026-01-29 12:00:00+00:00,467.36984,1744.8511844622853,991.0598240213765,2498.642544903194
2026-01-29 13:00:00+00:00,389.47018,1223.6145992835345,469.82323884262587,1977.4059597244432
2026-01-29 14:00:00+00:00,237.47017,788.0199857008365,34.22862525992741,1541.8113461417452
2026-01-29 15:00:00+00:00,54.919876,76.85676603437241,-676.9345944065362,830.6481264752815
2026-01-29 16:00:00+00:00,0.8600623,-5.588768880299995,-759.3801293212086,748.2025915606091
2026-01-29 17:00:00+00:00,-4.511996e-05,17.49304700767061,-736.298313433238,771.2844074485793
2026-01-29 18:00:00+00:00,-4.511996e-05,8.255957532782304,-745.5354029081263,762.047317973691
2026-01-29 19:00:00+00:00,-4.511996e-05,7.753131228783332,-746.0382292121253,761.5444916696924
2026-01-29 20:00:00+00:00,-4.511996e-05,8.255957532782304,-745.5354029081263,762.047317973691
2026-01-29 21:00:00+00:00,-4.511996e-05,7.753131228783332,-746.0382292121253,761.5444916696924
2026-01-29 22:00:00+00:00,-4.511996e-05,7.753131228783332,-746.0382292121253,761.5444916696924
2026-01-29 23:00:00+00:00,-4.511996e-05,7.753131228783332,-746.0382292121253,761.5444916696924
2026-01-30 00:00:00+00:00,-4.511996e-05,7.169386272179054,-746.62197416873,760.9607467130877
2026-01-30 01:00:00+00:00,-4.511996e-05,7.169386272179054,-746.62197416873,760.9607467130877
2026-01-30 02:00:00+00:00,-4.511996e-05,9.42105465923214,-744.370305781677,763.2124151001408
2026-01-30 03:00:00+00:00,-4.511996e-05,9.66584011528721,-744.1255203256214,763.4572005561959
2026-01-30 04:00:00+00:00,-4.511996e-05,9.66584011528721,-744.1255203256214,763.4572005561959
2026-01-30 05:00:00+00:00,-4.511996e-05,9.66584011528721,-744.1255203256214,763.4572005561959
2026-01-30 06:00:00+00:00,1.8100135,29.297794716122098,-724.4935657247865,783.0891551570307
2026-01-30 07:00:00+00:00,161.63008,150.1794423987194,-603.6119180421897,903.970802839628
2026-01-30 08:00:00+00:00,617.1999,1702.6977969402856,948.9064364993767,2456.489157381194
2026-01-30 09:00:00+00:00,1316.93,3066.3255541670933,2312.5341937261846,3820.116914608002
2026-01-30 10:00:00+00:00,2217.17,4112.177864801847,3358.386504360938,4865.969225242756
2026-01-30 11:00:00+00:00,3039.85,3316.7410959536874,2562.9497355127787,4070.532456394596
2026-01-30 12:00:00+00:00,3328.74,3294.966112775364,2541.174752334455,4048.757473216273
2026-01-30 13:00:00+00:00,2737.97,2368.924810411144,1615.1334499702352,3122.7161708520525
2026-01-30 14:00:00+00:00,1551.9,1374.7572528627445,620.9658924218356,2128.5486133036534
2026-01-30 15:00:00+00:00,347.46994,282.0250629627917,-471.76629747811694,1035.8164234037004
2026-01-30 16:00:00+00:00,3.3200233,27.605620282027303,-726.1857401588818,781.396980722936
2026-01-30 17:00:00+00:00,-4.511996e-05,16.99022070367164,-736.801139737237,770.7815811445803
2026-01-30 18:00:00+00:00,-4.511996e-05,8.255957532782304,-745.5354029081263,762.047317973691
2026-01-30 19:00:00+00:00,-4.511996e-05,8.255957532782304,-745.5354029081263,762.047317973691
2026-01-30 20:00:00+00:00,-4.511996e-05,7.753131228783332,-746.0382292121253,761.5444916696924
2026-01-30 21:00:00+00:00,-4.511996e-05,7.753131228783332,-746.0382292121253,761.5444916696924
2026-01-30 22:00:00+00:00,-4.511996e-05,7.753131228783332,-746.0382292121253,761.5444916696924
2026-01-30 23:00:00+00:00,-4.511996e-05,8.255957532782304,-745.5354029081263,762.047317973691
2026-01-31 00:00:00+00:00,-4.511996e-05,-3.4045841602078326,-725.6599911420885,718.8508228216724
2026-01-31 01:00:00+00:00,-4.511996e-05,-3.4045841602078326,-725.6599911420885,718.8508228216724
2026-01-31 02:00:00+00:00,-4.511996e-05,3.09357604113211,-719.1618309407486,725.3489830230128
2026-01-31 03:00:00+00:00,-4.511996e-05,3.7423225861393803,-718.5130843957409,725.9977295680201
2026-01-31 04:00:00+00:00,-4.511996e-05,2.687201598124375,-719.5682053837563,724.9426085800046
2026-01-31 05:00:00+00:00,-4.511996e-05,3.654018291193097,-718.6013886906871,725.9094252730738
2026-01-31 06:00:00+00:00,4.0500035,1.4127773999093733,-720.8426295819709,723.6681843817901
2026-01-31 07:00:00+00:00,348.9399,298.4765503696817,-423.7788566121985,1020.7319573515624
2026-01-31 08:00:00+00:00,1220.43,1010.2446725173938,287.98926553551337,1732.5000794992743
2026-01-31 09:00:00+00:00,2264.76,2168.897951636429,1446.6425446545484,2891.1533586183095
2026-01-31 10:00:00+00:00,3148.0,2529.7927047519015,1807.5372977700208,3252.0481117337818
2026-01-31 11:00:00+00:00,3604.28,2660.0288487335615,1937.7734417516808,3382.2842557154418
2026-01-31 12:00:00+00:00,3491.76,2784.777745914532,2062.522338932651,3507.0331528964125
2026-01-31 13:00:00+00:00,2816.68,2408.6932936225403,1686.4378866406596,3130.9487006044205
2026-01-31 14:00:00+00:00,1572.24,1171.305068183726,449.04966120184554,1893.5604751656065
2026-01-31 15:00:00+00:00,366.61008,408.80282050424285,-313.45258647763785,1131.058227486123
2026-01-31 16:00:00+00:00,3.080033,48.12342687996352,-674.1319801019172,770.3788338618438
2026-01-31 17:00:00+00:00,-4.511996e-05,0.5528635063292313,-721.7025434755515,722.8082704882099
2026-01-31 18:00:00+00:00,-4.511996e-05,-3.9549821150685602,-726.2103890969493,718.3004248668121
2026-01-31 19:00:00+00:00,-4.511996e-05,-0.13698363102730582,-722.3923906129075,722.1184233508534
2026-01-31 20:00:00+00:00,-4.511996e-05,-2.0537787729263073,-724.3091857548065,720.2016282089544
2026-01-31 21:00:00+00:00,-4.511996e-05,-2.0537787729263073,-724.3091857548065,720.2016282089544
2026-01-31 22:00:00+00:00,-4.511996e-05,-2.1812615671206004,-724.4366685490013,720.0741454147601
2026-01-31 23:00:00+00:00,-4.511996e-05,-6.296493689600084,-728.5519006714803,715.9589132922806
2026-02-01 00:00:00+00:00,-4.511996e-05,-7.2617611434975515,-729.5171681253782,714.9936458383831
2026-02-01 01:00:00+00:00,-4.511996e-05,-7.2617611434975515,-729.5171681253782,714.9936458383831
2026-02-01 02:00:00+00:00,-4.511996e-05,1.99927655386864,-720.2561304280116,724.2546835357493
2026-02-01 03:00:00+00:00,-4.511996e-05,3.614839791945087,-718.6405671899356,725.8702467738258
2026-02-01 04:00:00+00:00,-4.511996e-05,4.955456589585538,-717.2999503922947,727.2108635714662
2026-02-01 05:00:00+00:00,-4.511996e-05,-1.169975385165344,-723.425382367046,721.0854315967154
2026-02-01 06:00:00+00:00,2.0500038,0.44596070684065126,-721.80944627504,722.7013676887209
2026-02-01 07:00:00+00:00,199.75972,431.3206540206306,-290.93475296125007,1153.576061002511
2026-02-01 08:00:00+00:00,882.49994,1691.2980466576248,969.0426396757443,2413.5534536395053
2026-02-01 09:00:00+00:00,1776.75,2347.2428472605134,1624.987440278633,3069.498254242394
2026-02-01 10:00:00+00:00,2623.22,3014.6944403902944,2292.439033408414,3736.949847372175
2026-02-01 11:00:00+00:00,3114.28,3891.5537426280785,3169.2983356461978,4613.809149609959
2026-02-01 12:00:00+00:00,3004.87,2620.0003434115906,1897.7449364297104,3342.2557503934713
2026-02-01 13:00:00+00:00,2303.45,2373.717695597864,1651.4622886159832,3095.973102579744
2026-02-01 14:00:00+00:00,1184.78,1332.500358208137,610.2449512262565,2054.7557651900174
2026-02-01 15:00:00+00:00,283.61008,512.9572996261168,-209.29810735576348,1235.2127066079975
2026-02-01 16:00:00+00:00,3.8000038,64.57640720595691,-657.6789997759238,786.8318141878372
2026-02-01 17:00:00+00:00,-4.511996e-05,24.813140795699837,-697.4422661861804,747.0685477775805
2026-02-01 18:00:00+00:00,-4.511996e-05,-0.868764439622737,-723.124171421503,721.386642542258
2026-02-01 19:00:00+00:00,-4.511996e-05,-0.07531226851870088,-722.3307192503994,722.1800947133615
2026-02-01 20:00:00+00:00,-4.511996e-05,-2.11959020461245,-724.3749971864927,720.1358167772682
2026-02-01 21:00:00+00:00,-4.511996e-05,-2.11959020461245,-724.3749971864927,720.1358167772682
2026-02-01 22:00:00+00:00,-4.511996e-05,0.3109753703051865,-721.944431611575,722.5663823521859
2026-02-01 23:00:00+00:00,-4.511996e-05,0.9805584249365893,-721.2748485569441,723.2359654068168
2026-02-02 00:00:00+00:00,-4.511996e-05,0.17519689007167472,-722.0802100918086,722.4306038719524
2026-02-02 01:00:00+00:00,-4.511996e-05,0.9069776986675606,-721.3484292832131,723.1623846805478
2026-02-02 02:00:00+00:00,-4.511996e-05,5.510683013117614,-716.7447239687626,727.7660899949983
2026-02-02 03:00:00+00:00,-4.511996e-05,0.9715879949367263,-721.283818986944,723.2269949768174
2026-02-02 04:00:00+00:00,-4.511996e-05,0.9715879949367263,-721.283818986944,723.2269949768174
2026-02-02 05:00:00+00:00,-4.511996e-05,-0.1283853471936709,-722.3837923290739,722.127021634687
2026-02-02 06:00:00+00:00,10.269975,7.93035095066125,-714.3250560312194,730.1857579325415
2026-02-02 07:00:00+00:00,435.90012,497.2347765453046,-225.02063043657608,1219.490183527185
2026-02-02 08:00:00+00:00,1537.26,2012.4692213559683,1290.2138143740879,2734.7246283378486
2026-02-02 09:00:00+00:00,2979.32,3063.4337488441683,2341.1783418622877,3785.6891558260486
2026-02-02 10:00:00+00:00,4385.2,4360.030861165741,3637.7754541838603,5082.286268147622
2026-02-02 11:00:00+00:00,5428.71,3841.8795152523408,3119.62410827046,4564.134922234221
2026-02-02 12:00:00+00:00,5265.32,3947.2446663540222,3224.989259372142,4669.500073335903
2026-02-02 13:00:00+00:00,3991.92,2750.942676776589,2028.6872697947088,3473.1980837584697
2026-02-02 14:00:00+00:00,2297.69,1561.0175671044728,838.7621601225924,2283.2729740863533
2026-02-02 15:00:00+00:00,589.07,411.63296230271226,-310.622444679168,1133.888369284593
2026-02-02 16:00:00+00:00,8.249955,36.94500996580746,-685.3103970160728,759.2004169476882
2026-02-02 17:00:00+00:00,-4.511996e-05,5.5066281352837905,-716.7487788465969,727.762035117164
2026-02-02 18:00:00+00:00,-4.511996e-05,2.515159225431944,-719.7402477564488,724.7705662073122
2026-02-02 19:00:00+00:00,-4.511996e-05,2.515159225431944,-719.7402477564488,724.7705662073122
2026-02-02 20:00:00+00:00,-4.511996e-05,0.2301715499979764,-722.0252354318827,722.4855785318787
2026-02-02 21:00:00+00:00,-4.511996e-05,0.2301715499979764,-722.0252354318827,722.4855785318787
2026-02-02 22:00:00+00:00,-4.511996e-05,-2.0270295029545196,-724.2824364848352,720.2283774789262
2026-02-02 23:00:00+00:00,-4.511996e-05,0.8997546046289244,-721.3556523772513,723.1551615865096
2026-02-03 00:00:00+00:00,-4.511996e-05,2.010698562680318,-720.2447084192004,724.2661055445606
2026-02-03 01:00:00+00:00,-4.511996e-05,2.251408302020536,-720.0039986798597,724.5068152839012
2026-02-03 02:00:00+00:00,-4.511996e-05,6.486921082936078,-715.7684858989446,728.7423280648168
2026-02-03 03:00:00+00:00,-4.511996e-05,7.001654329426856,-715.2537526524538,729.2570613113071
2026-02-03 04:00:00+00:00,-4.511996e-05,6.085993007400248,-716.16941397448,728.341399989281
2026-02-03 05:00:00+00:00,-4.511996e-05,6.585051050178208,-715.6703559317025,728.8404580320585
2026-02-03 06:00:00+00:00,14.689897,8.606587321116422,-713.6488196607638,730.8619943029971
2026-02-03 07:00:00+00:00,646.29,557.9263540816073,-164.32905290027338,1280.1817610634878
2026-02-03 08:00:00+00:00,2635.15,2830.8656517803524,2108.6102447984717,3553.1210587622327
2026-02-03 09:00:00+00:00,4269.25,3604.4510849229496,2882.195677941069,4326.70649190483
2026-02-03 10:00:00+00:00,4596.51,7053.158849409761,6330.90344242788,7775.414256391641
2026-02-03 11:00:00+00:00,4883.85,7334.924055836398,6612.668648854518,8057.179462818278
2026-02-03 12:00:00+00:00,4342.96,6861.837739051993,6139.582332070112,7584.0931460338725
2026-02-03 13:00:00+00:00,3313.59,3809.0113862094377,3086.755979227557,4531.266793191318
2026-02-03 14:00:00+00:00,1839.67,2405.7629007890914,1683.5074938072112,3128.018307770972
2026-02-03 15:00:00+00:00,475.45993,654.7153315966584,-67.54007538522228,1376.9707385785389
2026-02-03 16:00:00+00:00,6.3100133,36.369312395835095,-685.8860945860456,758.6247193777158
2026-02-03 17:00:00+00:00,-4.511996e-05,2.2754799800409273,-719.9799270018393,724.5308869619216
2026-02-03 18:00:00+00:00,-4.511996e-05,-0.7651570010316391,-723.0205639829123,721.4902499808486
2026-02-03 19:00:00+00:00,-4.511996e-05,-0.7651570010316391,-723.0205639829123,721.4902499808486
2026-02-03 20:00:00+00:00,-4.511996e-05,-0.3788693622077517,-722.634276344088,721.876537619673
2026-02-03 21:00:00+00:00,-4.511996e-05,-0.13815962286707872,-722.3935666047478,722.1172473590132
2026-02-03 22:00:00+00:00,-4.511996e-05,-0.13815962286707872,-722.3935666047478,722.1172473590132
2026-02-03 23:00:00+00:00,-4.511996e-05,5.440244204520241,-716.8151627773605,727.6956511864005
2026-02-04 00:00:00+00:00,-4.511996e-05,2.697761637904023,-719.5576453439762,724.9531686197847
2026-02-04 01:00:00+00:00,-4.511996e-05,2.697761637904023,-719.5576453439762,724.9531686197847
2026-02-04 02:00:00+00:00,-4.511996e-05,6.486921082936078,-715.7684858989446,728.7423280648168
2026-02-04 03:00:00+00:00,-4.511996e-05,8.789547396236685,-713.465859585644,731.0449543781169
2026-02-04 04:00:00+00:00,-4.511996e-05,8.102484321012525,-714.1529226608682,730.3578913028932
2026-02-04 05:00:00+00:00,-4.511996e-05,9.202457663142923,-713.0529493187378,731.4578646450232
2026-02-04 06:00:00+00:00,8.259965,25.628643549179742,-696.626763432701,747.88405053106
2026-02-04 07:00:00+00:00,556.62006,527.6598640933721,-194.59554288850813,1249.9152710752528
2026-02-04 08:00:00+00:00,1931.38,2363.2092964854446,1640.9538895035641,3085.464703467325
2026-02-04 09:00:00+00:00,3301.6,2882.7334487724142,2160.478041790534,3604.988855754295
2026-02-04 10:00:00+00:00,4003.97,3270.0645532329295,2547.809146251049,3992.3199602148097
2026-02-04 11:00:00+00:00,3731.08,3824.0512002139244,3101.7957932320437,4546.306607195805
2026-02-04 12:00:00+00:00,3075.17,3297.017737176457,2574.7623301945764,4019.2731441583373
2026-02-04 13:00:00+00:00,2138.55,2348.047463590244,1625.7920566083635,3070.3028705721244
2026-02-04 14:00:00+00:00,1118.67,1232.9613559634145,510.7059489815342,1955.2167629452952
2026-02-04 15:00:00+00:00,318.8303,151.69418740214087,-570.5612195797394,873.9495943840216
2026-02-04 16:00:00+00:00,4.769974,25.203014324767082,-697.0523926571136,747.4584213066473
2026-02-04 17:00:00+00:00,-4.511996e-05,5.033520420190598,-717.2218865616896,727.2889274020713
2026-02-04 18:00:00+00:00,-4.511996e-05,-0.5861186241995711,-722.8415256060803,721.6692883576807
2026-02-04 19:00:00+00:00,-4.511996e-05,-0.5861186241995711,-722.8415256060803,721.6692883576807
2026-02-04 20:00:00+00:00,-4.511996e-05,-2.6303965602933204,-724.8858035421736,719.6250104215874
2026-02-04 21:00:00+00:00,-4.511996e-05,-7.415211737403752,-729.670618719284,714.840195244477
2026-02-04 22:00:00+00:00,-4.511996e-05,-3.3621773688887515,-725.6175843507694,718.893229612992
2026-02-04 23:00:00+00:00,-4.511996e-05,0.7244388184922173,-721.5309681633885,722.9798458003729
2026-02-05 00:00:00+00:00,-4.511996e-05,-7.7108961366702715,-729.9663031185505,714.5445108452104
2026-02-05 01:00:00+00:00,-4.511996e-05,-7.7108961366702715,-729.9663031185505,714.5445108452104
2026-02-05 02:00:00+00:00,-4.511996e-05,-3.2346736164145113,-725.4900805982948,719.0207333654662
2026-02-05 03:00:00+00:00,-4.511996e-05,-1.619110378338064,-723.8745173602183,720.6362966035426
2026-02-05 04:00:00+00:00,-4.511996e-05,-1.619110378338064,-723.8745173602183,720.6362966035426
2026-02-05 05:00:00+00:00,-4.511996e-05,-1.619110378338064,-723.8745173602183,720.6362966035426
2026-02-05 06:00:00+00:00,3.5202186,-0.003174286332068732,-722.2585812682128,722.2522326955482
2026-02-05 07:00:00+00:00,225.22993,482.2237216314079,-240.0316853504728,1204.4791286132884
2026-02-05 08:00:00+00:00,815.35004,1302.3308219565624,580.0754149746817,2024.5862289384431
2026-02-05 09:00:00+00:00,1640.22,1522.9166840013686,800.6612770194879,2245.1720909832493
2026-02-05 10:00:00+00:00,2611.26,3821.3207906258176,3099.065383643937,4543.576197607697
2026-02-05 11:00:00+00:00,3117.73,3947.291760239748,3225.036353257867,4669.547167221628
2026-02-05 12:00:00+00:00,3045.67,5203.276038571645,4481.020631589763,5925.5314455535245
2026-02-05 13:00:00+00:00,2635.98,3972.9441932196605,3250.6887862377803,4695.199600201541
2026-02-05 14:00:00+00:00,1791.22,2063.4438645545097,1341.1884575726294,2785.6992715363904
2026-02-05 15:00:00+00:00,606.9299,297.0680235340524,-425.1873834478283,1019.3234305159328
2026-02-05 16:00:00+00:00,13.640092,73.55594346778571,-648.699463514095,795.811350449666
2026-02-05 17:00:00+00:00,-4.511996e-05,21.803144098443227,-700.4522628834375,744.0585510803235
2026-02-05 18:00:00+00:00,-4.511996e-05,1.6654085738859976,-720.5899984079947,723.9208155557662
2026-02-05 19:00:00+00:00,-4.511996e-05,1.6654085738859976,-720.5899984079947,723.9208155557662
2026-02-05 20:00:00+00:00,-4.511996e-05,-0.3788693622077517,-722.634276344088,721.876537619673
2026-02-05 21:00:00+00:00,-4.511996e-05,-0.3788693622077517,-722.634276344088,721.876537619673
2026-02-05 22:00:00+00:00,-4.511996e-05,0.5936211857283524,-721.6617857961523,722.849028167609
2026-02-05 23:00:00+00:00,-4.511996e-05,-3.521610936751131,-725.7770179186314,718.7337960451296
2026-02-06 00:00:00+00:00,-4.511996e-05,-7.101855224464543,-729.3572622063452,715.1535517574162
2026-02-06 01:00:00+00:00,-4.511996e-05,-7.101855224464543,-729.3572622063452,715.1535517574162
2026-02-06 02:00:00+00:00,-4.511996e-05,-2.6256327042087833,-724.881039686089,719.6297742776719
2026-02-06 03:00:00+00:00,-4.511996e-05,-1.010069466132336,-723.265476448013,721.2453375157484
2026-02-06 04:00:00+00:00,-4.511996e-05,-1.010069466132336,-723.265476448013,721.2453375157484
2026-02-06 05:00:00+00:00,-4.511996e-05,23.62685322147354,-698.6285537604072,745.8822602033542
2026-02-06 06:00:00+00:00,12.880082,28.873023716302214,-693.382383265578,751.1284306981829
2026-02-06 07:00:00+00:00,346.4399,511.0999196340422,-211.15548734783806,1233.3553266159229
2026-02-06 08:00:00+00:00,1029.76,1508.3714491837418,786.1160422018611,2230.6268561656225
2026-02-06 09:00:00+00:00,1765.37,2093.84798985803,1371.5925828761494,2816.1033968399106
2026-02-06 10:00:00+00:00,2449.08,2840.569185247789,2118.3137782659082,3562.824592229669
2026-02-06 11:00:00+00:00,2789.57,4139.631567665292,3417.376160683412,4861.886974647173
2026-02-06 12:00:00+00:00,2676.0,4070.25882700631,3348.00342002443,4792.51423398819
2026-02-06 13:00:00+00:00,2174.16,2914.212712033243,2191.9573050513627,3636.4681190151236
2026-02-06 14:00:00+00:00,1327.41,2113.8675418296107,1391.61213484773,2836.122948811491
2026-02-06 15:00:00+00:00,420.1899,696.0285016632902,-26.226905318590525,1418.2839086451704
2026-02-06 16:00:00+00:00,11.340043,43.910756392112035,-678.3446505897687,766.1661633739923
2026-02-06 17:00:00+00:00,-4.511996e-05,8.318768659808939,-713.9366383220713,730.5741756416896
2026-02-06 18:00:00+00:00,-4.511996e-05,4.164581761905538,-718.0908252199752,726.4199887437862
2026-02-06 19:00:00+00:00,-4.511996e-05,4.292064556099831,-717.9633424257804,726.5474715379805
2026-02-06 20:00:00+00:00,-4.511996e-05,1.3885230172163574,-720.8668839646639,723.643929999097
2026-02-06 21:00:00+00:00,-4.511996e-05,2.3553397102855342,-719.9000672715952,724.6107466921658
2026-02-06 22:00:00+00:00,-4.511996e-05,2.3553397102855342,-719.9000672715952,724.6107466921658
2026-02-06 23:00:00+00:00,-4.511996e-05,3.0249227649164823,-719.2304842169638,725.2803297467972
2026-02-07 00:00:00+00:00,-4.511996e-05,8.664215340928877,-714.1236113085738,731.4520419904311
2026-02-07 01:00:00+00:00,-4.511996e-05,7.685218560853627,-715.102608088649,730.4730452103558
2026-02-07 02:00:00+00:00,-4.511996e-05,7.761357058786416,-715.0264695907158,730.5491837082891
2026-02-07 03:00:00+00:00,-4.511996e-05,11.001740030679684,-711.786086618823,733.7895666801824
2026-02-07 04:00:00+00:00,-4.511996e-05,11.098246194069816,-711.6895804554329,733.8860728435725
2026-02-07 05:00:00+00:00,-4.511996e-05,11.098246194069816,-711.6895804554329,733.8860728435725
2026-02-07 06:00:00+00:00,12.259965,17.491725251371918,-705.2961013981303,740.2795519008746
2026-02-07 07:00:00+00:00,467.1401,629.3604148222025,-93.42741182730015,1352.148241471705
2026-02-07 08:00:00+00:00,1563.34,1497.491253069718,774.7034264202157,2220.2790797192206
2026-02-07 09:00:00+00:00,2955.98,3513.7471920636117,2790.9593654141095,4236.535018713114
2026-02-07 10:00:00+00:00,3946.18,3781.7317649871575,3058.943938337655,4504.51959163666
2026-02-07 11:00:00+00:00,4021.01,4032.4617616173673,3309.673934967865,4755.24958826687
2026-02-07 12:00:00+00:00,3512.83,4191.072043123186,3468.284216473683,4913.859869772688
2026-02-07 13:00:00+00:00,2680.34,2999.354988015584,2276.567161366081,3722.142814665086
2026-02-07 14:00:00+00:00,1558.8,1929.6615497379257,1206.873723088423,2652.449376387428
2026-02-07 15:00:00+00:00,497.45993,750.2087310217926,27.420904372289897,1472.9965576712952
2026-02-07 16:00:00+00:00,18.14009,34.43879419329414,-688.3490324562081,757.2266208427968
2026-02-07 17:00:00+00:00,-4.511996e-05,-2.088581468654411,-724.8764081181566,720.6992451808483
2026-02-07 18:00:00+00:00,-4.511996e-05,4.197814890803784,-718.5900117586989,726.9856415403065
2026-02-07 19:00:00+00:00,-4.511996e-05,5.014090538483288,-717.7737361110194,727.8019171879855
2026-02-07 20:00:00+00:00,-4.511996e-05,4.111232256341282,-718.6765943931614,726.8990589058435
2026-02-07 21:00:00+00:00,-4.511996e-05,3.294956608661778,-719.4928700408409,726.082783258164
2026-02-07 22:00:00+00:00,-4.511996e-05,3.294956608661778,-719.4928700408409,726.082783258164
2026-02-07 23:00:00+00:00,-4.511996e-05,6.79847946727341,-715.9893471822288,729.5863061167761
2026-02-08 00:00:00+00:00,-4.511996e-05,5.469261996341629,-717.3185646531606,728.2570886458443
2026-02-08 01:00:00+00:00,-4.511996e-05,5.469261996341629,-717.3185646531606,728.2570886458443
2026-02-08 02:00:00+00:00,-4.511996e-05,5.469261996341629,-717.3185646531606,728.2570886458443
2026-02-08 03:00:00+00:00,-4.511996e-05,8.066013981878768,-714.7218126676239,730.853840631381
2026-02-08 04:00:00+00:00,-4.511996e-05,8.066013981878768,-714.7218126676239,730.853840631381
2026-02-08 05:00:00+00:00,-4.511996e-05,8.066013981878768,-714.7218126676239,730.853840631381
2026-02-08 06:00:00+00:00,13.800004,53.021248078549434,-669.7665785709528,775.8090747280521
2026-02-08 07:00:00+00:00,479.58005,621.7300217572101,-101.05780489229255,1344.5178484067126
2026-02-08 08:00:00+00:00,1657.38,1569.2509735168746,846.4631468673724,2292.0388001663773
2026-02-08 09:00:00+00:00,3071.65,1768.6336127859486,1045.8457861364461,2491.4214394354512
2026-02-08 10:00:00+00:00,4187.73,3233.468888968386,2510.6810623188835,3956.2567156178884
2026-02-08 11:00:00+00:00,5143.56,3657.9823178852803,2935.194491235778,4380.770144534783
2026-02-08 12:00:00+00:00,5638.37,4000.655997481461,3277.8681708319587,4723.443824130964
2026-02-08 13:00:00+00:00,4908.91,3030.4369791762556,2307.649152526753,3753.2248058257583
2026-02-08 14:00:00+00:00,3162.32,2671.9066905118707,1949.1188638623682,3394.6945171613734
2026-02-08 15:00:00+00:00,1048.09,804.6379268373407,81.8501001878385,1527.4257534868434
2026-02-08 16:00:00+00:00,35.259964,10.24634296405884,-712.5414836854434,733.0341696135615
2026-02-08 17:00:00+00:00,-4.511996e-05,8.037112861880814,-714.7507137876214,730.8249395113835
2026-02-08 18:00:00+00:00,-4.511996e-05,3.294956608661778,-719.4928700408409,726.082783258164
2026-02-08 19:00:00+00:00,-4.511996e-05,3.938587595017907,-718.8492390544848,726.7264142445206
2026-02-08 20:00:00+00:00,-4.511996e-05,2.8279016591031905,-719.9599249903995,725.6157283086059
2026-02-08 21:00:00+00:00,-4.511996e-05,2.8279016591031905,-719.9599249903995,725.6157283086059
2026-02-08 22:00:00+00:00,-4.511996e-05,2.8279016591031905,-719.9599249903995,725.6157283086059
2026-02-08 23:00:00+00:00,-4.511996e-05,2.4212701746614584,-720.3665564748412,725.2090968241641
2026-02-09 00:00:00+00:00,-4.511996e-05,5.002207046783042,-717.7856196027192,727.7900336962857
2026-02-09 01:00:00+00:00,-4.511996e-05,5.107844096622557,-717.6799825528801,727.8956707461252
2026-02-09 02:00:00+00:00,-4.511996e-05,0.714740095259458,-722.0730865542432,723.5025667447617
2026-02-09 03:00:00+00:00,-4.511996e-05,3.449471661417192,-719.3383549880855,726.2372983109194
2026-02-09 04:00:00+00:00,-4.511996e-05,3.449471661417192,-719.3383549880855,726.2372983109194
2026-02-09 05:00:00+00:00,-4.511996e-05,3.1153344335975817,-719.6724922159051,725.9031610831003
2026-02-09 06:00:00+00:00,11.759965,12.78864560375041,-709.9991810457518,735.5764722532531
2026-02-09 07:00:00+00:00,432.02,404.38291220557903,-318.40491444392364,1127.1707388550815
2026-02-09 08:00:00+00:00,1443.73,1333.9198495104292,611.1320228609266,2056.707676159932
2026-02-09 09:00:00+00:00,2670.59,2567.0663199927126,1844.27849334321,3289.854146642215
2026-02-09 10:00:00+00:00,3661.08,3339.5424994013056,2616.7546727518034,4062.3303260508083
2026-02-09 11:00:00+00:00,4081.95,3400.863266069742,2678.0754394202395,4123.651092719245
2026-02-09 12:00:00+00:00,3737.77,3083.248065597701,2360.460238948199,3806.0358922472037
2026-02-09 13:00:00+00:00,2740.12,2944.5596275993207,2221.7718009498185,3667.3474542488234
2026-02-09 14:00:00+00:00,1444.7,2178.228890513382,1455.4410638638792,2901.016717162884
2026-02-09 15:00:00+00:00,400.91013,605.2203322443256,-117.56749440517706,1328.008158893828
2026-02-09 16:00:00+00:00,12.560014,3.691228364827566,-719.0965982846747,726.4790550143302
2026-02-09 17:00:00+00:00,-4.511996e-05,1.8617909844911082,-720.9260356650116,724.6496176339933
2026-02-09 18:00:00+00:00,-4.511996e-05,5.591604880429259,-717.1962217690734,728.3794315299315
2026-02-09 19:00:00+00:00,-4.511996e-05,5.591604880429259,-717.1962217690734,728.3794315299315
2026-02-09 20:00:00+00:00,-4.511996e-05,4.344279681631178,-718.4435469678715,727.1321063311334
2026-02-09 21:00:00+00:00,-4.511996e-05,-0.04882431973237544,-722.8366509692346,722.7390023297703
2026-02-09 22:00:00+00:00,-4.511996e-05,-0.7966736227322144,-723.5845002722344,721.9911530267705
2026-02-09 23:00:00+00:00,-4.511996e-05,12.278010733608426,-710.5098159158943,735.0658373831106
2026-02-10 00:00:00+00:00,-4.511996e-05,5.770735766311191,-717.0170908831915,728.5585624158139
2026-02-10 01:00:00+00:00,-4.511996e-05,5.770735766311191,-717.0170908831915,728.5585624158139
2026-02-10 02:00:00+00:00,-4.511996e-05,5.770735766311191,-717.0170908831915,728.5585624158139
2026-02-10 03:00:00+00:00,-4.511996e-05,14.875023287829663,-707.912803361673,737.6628499373319
2026-02-10 04:00:00+00:00,-4.511996e-05,14.875023287829663,-707.912803361673,737.6628499373319
2026-02-10 05:00:00+00:00,-4.511996e-05,14.951161785762451,-707.8366648637398,737.7389884352651
2026-02-10 06:00:00+00:00,44.529984,28.918010916221647,-693.869815733281,751.7058375657239
2026-02-10 07:00:00+00:00,1040.42,616.7324368734567,-106.05538977604601,1339.520263522959
2026-02-10 08:00:00+00:00,3126.85,1546.0408093657825,823.2529827162798,2268.828636015285
2026-02-10 09:00:00+00:00,5632.16,2638.335292435639,1915.5474657861364,3361.1231190851413
2026-02-10 10:00:00+00:00,7955.81,3408.3936810347827,2685.60585438528,4131.181507684285
2026-02-10 11:00:00+00:00,8860.27,4582.832251971354,3860.044425321851,5305.6200786208565
2026-02-10 12:00:00+00:00,7736.95,4981.830204829717,4259.042378180215,5704.61803147922
2026-02-10 13:00:00+00:00,5198.96,3111.9524621296114,2389.164635480109,3834.740288779114
2026-02-10 14:00:00+00:00,2403.84,1626.9753807488364,904.187554099334,2349.7632073983386
2026-02-10 15:00:00+00:00,681.8,1139.7760742527848,416.9882476032826,1862.5639009022873
2026-02-10 16:00:00+00:00,29.330032,-14.584450599244974,-737.3722772487472,708.2033760502577
2026-02-10 17:00:00+00:00,-4.511996e-05,-25.005257220351723,-747.793083869854,697.782569429151
2026-02-10 18:00:00+00:00,-4.511996e-05,3.734627726265444,-719.0531989232368,726.5224543757681
2026-02-10 19:00:00+00:00,-4.511996e-05,3.734627726265444,-719.0531989232368,726.5224543757681
2026-02-10 20:00:00+00:00,-4.511996e-05,3.734627726265444,-719.0531989232368,726.5224543757681
2026-02-10 21:00:00+00:00,-4.511996e-05,1.807973977985057,-720.9798526715176,724.5958006274873
2026-02-10 22:00:00+00:00,-4.511996e-05,1.9136110278241176,-720.8742156216781,724.7014376773268
2026-02-10 23:00:00+00:00,-4.511996e-05,1.3191535696591927,-721.4686730798435,724.1069802191614
2026-02-11 00:00:00+00:00,-4.511996e-05,6.372504430531535,-716.4153222189707,729.1603310800342
2026-02-11 01:00:00+00:00,-4.511996e-05,6.372504430531535,-716.4153222189707,729.1603310800342
2026-02-11 02:00:00+00:00,-4.511996e-05,3.5326627112722235,-719.25516393823,726.3204893607749
2026-02-11 03:00:00+00:00,-4.511996e-05,8.31998472936084,-714.4678419201418,731.1078113788631
2026-02-11 04:00:00+00:00,-4.511996e-05,8.31998472936084,-714.4678419201418,731.1078113788631
2026-02-11 05:00:00+00:00,-4.511996e-05,8.31998472936084,-714.4678419201418,731.1078113788631
2026-02-11 06:00:00+00:00,16.239944,23.590467096746124,-699.1973595527561,746.3782937462488
2026-02-11 07:00:00+00:00,411.42014,574.3225411361777,-148.4652855133245,1297.1103677856804
2026-02-11 08:00:00+00:00,1395.28,2143.572233356733,1420.7844067072306,2866.3600600062355
2026-02-11 09:00:00+00:00,2640.73,3439.199248181705,2716.411421532203,4161.987074831208
2026-02-11 10:00:00+00:00,3689.28,3455.057723426668,2732.2698967771653,4177.84555007617
2026-02-11 11:00:00+00:00,3298.33,3248.003363530323,2525.2155368808208,3970.7911901798257
2026-02-11 12:00:00+00:00,2767.66,4223.215082462619,3500.4272558131165,4946.002909112121
2026-02-11 13:00:00+00:00,2113.94,2946.4479375320493,2223.660110882547,3669.235764181552
2026-02-11 14:00:00+00:00,1213.71,1721.5952797633158,998.8074531138132,2444.383106412818
2026-02-11 15:00:00+00:00,379.53,878.923465031073,156.13563838157097,1601.7112916805756
2026-02-11 16:00:00+00:00,16.279984,-3.1025700585828417,-725.8903967080855,719.6852565909198
2026-02-11 17:00:00+00:00,-4.511996e-05,7.998780975436148,-714.7890456740665,730.7866076249384
2026-02-11 18:00:00+00:00,-4.511996e-05,10.569765711336913,-712.2180609381653,733.3575923608396
2026-02-11 19:00:00+00:00,-4.511996e-05,9.431229730288578,-713.3565969192141,732.2190563797908
2026-02-11 20:00:00+00:00,-4.511996e-05,9.431229730288578,-713.3565969192141,732.2190563797908
2026-02-11 21:00:00+00:00,-4.511996e-05,32.99551928796882,-689.7923073615339,755.7833459374715
2026-02-11 22:00:00+00:00,-4.511996e-05,9.15041014488861,-713.6374165046141,731.9382367943908
2026-02-11 23:00:00+00:00,-4.511996e-05,0.10333486667650504,-722.6844917828257,722.8911615161792
2026-02-12 00:00:00+00:00,-4.511996e-05,5.459316459553065,-717.3285101899496,728.2471431090553
2026-02-12 01:00:00+00:00,-4.511996e-05,3.5326627112722235,-719.25516393823,726.3204893607749
2026-02-12 02:00:00+00:00,-4.511996e-05,3.456524213339435,-719.3313024361632,726.2443508628417
2026-02-12 03:00:00+00:00,-4.511996e-05,7.943398877160689,-714.844427772342,730.7312255266629
2026-02-12 04:00:00+00:00,-4.511996e-05,8.944451052619115,-713.8433755968836,731.7322777021218
2026-02-12 05:00:00+00:00,-4.511996e-05,10.877521809810332,-711.9103048396923,733.6653484593126
2026-02-12 06:00:00+00:00,25.120071,12.036499635843484,-710.7513270136592,734.8243262853457
2026-02-12 07:00:00+00:00,773.29,596.4316173459911,-126.35620930351115,1319.2194439954937
2026-02-12 08:00:00+00:00,2454.18,1315.1030055791364,592.3151789296339,2037.8908322286388
2026-02-12 09:00:00+00:00,3745.84,3148.680814357956,2425.8929877084533,3871.4686410074582
2026-02-12 10:00:00+00:00,4185.24,3560.2096122922617,2837.421785642759,4282.997438941764
2026-02-12 11:00:00+00:00,4011.0798,3422.6862546893626,2699.89842803986,4145.474081338865
2026-02-12 12:00:00+00:00,2799.82,3080.9489604644714,2358.1611338149687,3803.7367871139736
2026-02-12 13:00:00+00:00,1606.81,2461.299288007324,1738.5114613578212,3184.087114656826
2026-02-12 14:00:00+00:00,804.35004,1543.113961660803,820.3261350113003,2265.901788310305
2026-02-12 15:00:00+00:00,312.99997,674.8731319797407,-47.9146946697615,1397.6609586292434
2026-02-12 16:00:00+00:00,39.189896,55.15060850103873,-667.637218148464,777.938435150541
2026-02-12 17:00:00+00:00,-4.511996e-05,19.13426052238583,-703.6535661271168,741.9220871718885
2026-02-12 18:00:00+00:00,-4.511996e-05,9.226548642821399,-713.5612780066808,732.0143752923241
2026-02-12 19:00:00+00:00,-4.511996e-05,9.528035150824508,-713.2597914986777,732.3158618003272
2026-02-12 20:00:00+00:00,-4.511996e-05,2.796969724077371,-719.9908569254249,725.58479637358
2026-02-12 21:00:00+00:00,-4.511996e-05,4.479887107749164,-718.3079395417535,727.2677137572518
2026-02-12 22:00:00+00:00,-4.511996e-05,4.885794971223731,-717.9020316782785,727.6736216207264
2026-02-12 23:00:00+00:00,-4.511996e-05,5.723744610931135,-717.0640820385711,728.5115712604338
2026-02-13 00:00:00+00:00,-4.511996e-05,11.434729315445566,-711.3530973340571,734.2225559649478
2026-02-13 01:00:00+00:00,-4.511996e-05,11.434729315445566,-711.3530973340571,734.2225559649478
2026-02-13 02:00:00+00:00,-4.511996e-05,9.450325423770664,-713.337501225732,732.2381520732729
2026-02-13 03:00:00+00:00,-4.511996e-05,11.133889438328879,-711.6539372111738,733.9217160878311
2026-02-13 04:00:00+00:00,-4.511996e-05,3.6629644437266506,-719.124862205776,726.4507910932293
2026-02-13 05:00:00+00:00,-4.511996e-05,3.6629644437266506,-719.124862205776,726.4507910932293
2026-02-13 06:00:00+00:00,50.85005,4.893722022302427,-717.8941046272002,727.6815486718046
2026-02-13 07:00:00+00:00,805.81,543.5275073926837,-179.260319256819,1266.3153340421861
2026-02-13 08:00:00+00:00,2350.98,1920.7586911415083,1197.9708644920056,2643.5465177910105
2026-02-13 09:00:00+00:00,4207.35,2903.4332854330682,2180.6454587835656,3626.2211120825705
2026-02-13 10:00:00+00:00,5387.87,5140.064391025345,4417.276564375842,5862.852217674847
2026-02-13 11:00:00+00:00,4859.93,5433.316931230152,4710.529104580649,6156.104757879653
2026-02-13 12:00:00+00:00,4053.18,3866.7175438429495,3143.929717193447,4589.505370492452
2026-02-13 13:00:00+00:00,3278.51,3108.869612222156,2386.0817855726536,3831.6574388716585
2026-02-13 14:00:00+00:00,1939.58,1578.184530215303,855.3967035658006,2300.9723568648055
2026-02-13 15:00:00+00:00,738.57,1060.6169232049174,337.8290965554147,1783.4047498544198
2026-02-13 16:00:00+00:00,39.419876,-30.263782010114483,-753.0516086596172,692.5240446393877
2026-02-13 17:00:00+00:00,-4.511996e-05,16.791677601409447,-705.9961490480928,739.5795042509121
2026-02-13 18:00:00+00:00,-4.511996e-05,1.807973977985057,-720.9798526715176,724.5958006274873
2026-02-13 19:00:00+00:00,-4.511996e-05,-2.585130023378042,-725.3729566728807,720.2026966261242
2026-02-13 20:00:00+00:00,-4.511996e-05,1.807973977985057,-720.9798526715176,724.5958006274873
2026-02-13 21:00:00+00:00,-4.511996e-05,1.807973977985057,-720.9798526715176,724.5958006274873
2026-02-13 22:00:00+00:00,-4.511996e-05,-2.585130023378042,-725.3729566728807,720.2026966261242
2026-02-13 23:00:00+00:00,-4.511996e-05,-3.073950431704361,-725.8617770812066,719.7138762177983
2026-02-14 00:00:00+00:00,-4.511996e-05,-2.8551783628208796,-681.1693400835275,675.4589833578857
2026-02-14 01:00:00+00:00,-4.511996e-05,-2.8551783628208796,-681.1693400835275,675.4589833578857
2026-02-14 02:00:00+00:00,-4.511996e-05,-1.1813128623930425,-679.4954745830996,677.1328488583135
2026-02-14 03:00:00+00:00,-4.511996e-05,-0.12417111917875445,-678.4383328398853,678.1899906015278
2026-02-14 04:00:00+00:00,-4.511996e-05,-0.12417111917875445,-678.4383328398853,678.1899906015278
2026-02-14 05:00:00+00:00,-4.511996e-05,-0.12417111917875445,-678.4383328398853,678.1899906015278
2026-02-14 06:00:00+00:00,49.37007,-14.99285408985952,-693.3070158105661,663.3213076308471
2026-02-14 07:00:00+00:00,659.24994,403.76842842505494,-274.54573329565164,1082.0825901457613
2026-02-14 08:00:00+00:00,1703.9801,1250.9458396417158,572.6316779210088,1929.2600013624224
2026-02-14 09:00:00+00:00,2769.0,2545.5419015005605,1867.2277397798537,3223.856063221267
2026-02-14 10:00:00+00:00,3328.6,3395.5603381391793,2717.2461764184727,4073.874499859886
2026-02-14 11:00:00+00:00,3274.89,3535.9281845353225,2857.614022814616,4214.242346256029
2026-02-14 12:00:00+00:00,2657.75,3373.8078280566874,2695.493666335981,4052.1219897773944
2026-02-14 13:00:00+00:00,1905.84,2070.495399839092,1392.1812381183854,2748.8095615597986
2026-02-14 14:00:00+00:00,1230.79,1098.5175353084333,420.2033735877267,1776.8316970291398
2026-02-14 15:00:00+00:00,467.48996,756.9266384262123,78.61247670550574,1435.2408001469187
2026-02-14 16:00:00+00:00,23.600052,-5.745094015208906,-684.0592557359155,672.5690677054977
2026-02-14 17:00:00+00:00,-4.511996e-05,-0.9261270545321167,-679.2402887752387,677.3880346661745
2026-02-14 18:00:00+00:00,-4.511996e-05,3.990645949901591,-674.323515770805,682.3048076706082
2026-02-14 19:00:00+00:00,-4.511996e-05,3.990645949901591,-674.323515770805,682.3048076706082
2026-02-14 20:00:00+00:00,-4.511996e-05,2.5348698430670993,-675.779291877639,680.8490315637737
2026-02-14 21:00:00+00:00,-4.511996e-05,2.5348698430670993,-675.779291877639,680.8490315637737
2026-02-14 22:00:00+00:00,-4.511996e-05,-1.2801395301771663,-679.5943012508837,677.0340221905294
2026-02-14 23:00:00+00:00,-4.511996e-05,-49.82425556793169,-728.1384172886383,628.4899061527749
2026-02-15 00:00:00+00:00,-4.511996e-05,-0.6903384478910084,-679.0045001685976,677.6238232728156
2026-02-15 01:00:00+00:00,-4.511996e-05,2.5292595442920174,-675.7849021764146,680.8434212649986
2026-02-15 02:00:00+00:00,-4.511996e-05,4.2031250447198545,-674.1110366759867,682.5172867654264
2026-02-15 03:00:00+00:00,-4.511996e-05,5.2602667879341425,-673.0538949327724,683.5744285086407
2026-02-15 04:00:00+00:00,-4.511996e-05,5.2602667879341425,-673.0538949327724,683.5744285086407
2026-02-15 05:00:00+00:00,-4.511996e-05,3.3651089797203895,-674.9490527409862,681.679270700427
2026-02-15 06:00:00+00:00,27.219925,-30.132136718543734,-708.4462984392503,648.1820250021624
2026-02-15 07:00:00+00:00,812.85004,457.7831623940069,-220.53099932669966,1136.0973241147133
2026-02-15 08:00:00+00:00,2673.52,1586.2016946659614,907.8875329452546,2264.515856386668
2026-02-15 09:00:00+00:00,4463.27,4007.6120503466523,3329.2978886259457,4685.926212067359
2026-02-15 10:00:00+00:00,5709.78,6177.743994146085,5499.429832425379,6856.058155866791
2026-02-15 11:00:00+00:00,6419.95,5837.470936594371,5159.156774873664,6515.785098315077
2026-02-15 12:00:00+00:00,6362.47,5890.172304802848,5211.858143082141,6568.486466523555
2026-02-15 13:00:00+00:00,5528.54,5545.862889484263,4867.548727763557,6224.17705120497
2026-02-15 14:00:00+00:00,3717.65,3031.7645001664905,2353.450338445784,3710.078661887197
2026-02-15 15:00:00+00:00,1404.14,1339.2982382000764,660.9840764793698,2017.612399920783
2026-02-15 16:00:00+00:00,61.959915,125.7767485728541,-552.5374131478525,804.0909102935607
2026-02-15 17:00:00+00:00,-4.511996e-05,2.380272938710732,-675.9338887819958,680.6944346594173
2026-02-15 18:00:00+00:00,-4.511996e-05,-2.610599574707976,-680.9247612954146,675.7035621459986
2026-02-15 19:00:00+00:00,-4.511996e-05,-0.032587951483037614,-678.3467496721896,678.2815737692235
2026-02-15 20:00:00+00:00,-4.511996e-05,-2.610599574707976,-680.9247612954146,675.7035621459986
2026-02-15 21:00:00+00:00,-4.511996e-05,-2.4732007596380754,-680.7873624803447,675.8409609610685
2026-02-15 22:00:00+00:00,-4.511996e-05,-3.9289768664721123,-682.2431385871787,674.3851848542345
2026-02-15 23:00:00+00:00,-4.511996e-05,14.66922856762676,-663.6449331530798,692.9833902883333
2026-02-16 00:00:00+00:00,-4.511996e-05,0.24038176402973477,-678.0737799566768,678.5545434847363
2026-02-16 01:00:00+00:00,-4.511996e-05,40.795024110087525,-637.519137610619,719.1091858307941
2026-02-16 02:00:00+00:00,-4.511996e-05,-1.294139835702481,-679.6083015564091,677.0200218850036
2026-02-16 03:00:00+00:00,-4.511996e-05,-0.23699809248819292,-678.5511598131948,678.0771636282184
2026-02-16 04:00:00+00:00,-4.511996e-05,5.607352197040655,-672.7068095236655,683.9215139177472
2026-02-16 05:00:00+00:00,-4.511996e-05,22.74978152430549,-655.5643801964011,701.0639432450121
2026-02-16 06:00:00+00:00,5.699906,7.8810985536247244,-670.4330631670819,686.1952602743313
2026-02-16 07:00:00+00:00,162.1999,552.1714862600838,-126.14267546062274,1230.4856479807904
2026-02-16 08:00:00+00:00,716.27997,1167.5934887681944,489.27932704748764,1845.907650488901
2026-02-16 09:00:00+00:00,1732.47,2395.4017939299956,1717.0876322092888,3073.715955650702
2026-02-16 10:00:00+00:00,2804.89,3494.6478793489273,2816.3337176282207,4172.962041069633
2026-02-16 11:00:00+00:00,3721.07,4521.601390614636,3843.287228893929,5199.915552335342
2026-02-16 12:00:00+00:00,4651.97,4079.871970018462,3401.557808297755,4758.186131739169
2026-02-16 13:00:00+00:00,3916.64,3932.912953825821,3254.5987921051146,4611.227115546528
2026-02-16 14:00:00+00:00,2326.96,2179.3689604060633,1501.0547986853564,2857.68312212677
2026-02-16 15:00:00+00:00,702.12006,796.2616545210594,117.94749280035285,1474.5758162417658
2026-02-16 16:00:00+00:00,42.4001,-11.910678654046023,-690.2248403747526,666.4034830666606
2026-02-16 17:00:00+00:00,-4.511996e-05,18.797316710848918,-659.5168450098577,697.1114784315555
2026-02-16 18:00:00+00:00,-4.511996e-05,6.556160741582062,-671.7580009791245,684.8703224622886
2026-02-16 19:00:00+00:00,-4.511996e-05,6.177398696707769,-672.1367630239988,684.4915604174143
2026-02-16 20:00:00+00:00,-4.511996e-05,6.489016637145596,-671.825145083561,684.8031783578522
2026-02-16 21:00:00+00:00,-4.511996e-05,5.453531021551953,-672.8606306991546,683.7676927422585
2026-02-16 22:00:00+00:00,-4.511996e-05,3.9977549147174614,-674.3164068059887,682.311916635424
2026-02-16 23:00:00+00:00,-4.511996e-05,1.3552087865928115,-676.9589529341138,679.6693705072994
2026-02-17 00:00:00+00:00,-4.511996e-05,-2.1191078390907023,-680.4332695597973,676.1950538816159
2026-02-17 01:00:00+00:00,-4.511996e-05,22.702427315412024,-655.6117344052946,701.0165890361186
2026-02-17 02:00:00+00:00,-4.511996e-05,36.64920436029479,-641.6649573604118,714.9633660810014
2026-02-17 03:00:00+00:00,-4.511996e-05,40.1646470747346,-638.149514645972,718.4788087954407
2026-02-17 04:00:00+00:00,-4.511996e-05,42.61813001757264,-635.6960317031339,720.9322917382792
2026-02-17 05:00:00+00:00,-4.511996e-05,5.688441968114603,-672.625719752592,684.0026036888207
2026-02-17 06:00:00+00:00,28.600052,6.950199596029506,-671.3639621246771,685.2643613167361
2026-02-17 07:00:00+00:00,510.41013,1009.2169477653101,330.90278604460354,1687.5311094860167
2026-02-17 08:00:00+00:00,1630.39,2132.129652386166,1453.8154906654595,2810.4438141068727
2026-02-17 09:00:00+00:00,2886.38,3316.0317777289106,2637.717616008204,3994.345939449617
2026-02-17 10:00:00+00:00,3401.24,5048.360130705685,4370.0459689849795,5726.674292426393
2026-02-17 11:00:00+00:00,3415.94,5115.053870793271,4436.739709072564,5793.368032513978
2026-02-17 12:00:00+00:00,3577.54,4508.942577533338,3830.6284158126314,5187.256739254045
2026-02-17 13:00:00+00:00,3597.81,4329.993780314944,3651.6796185942376,5008.307942035652
2026-02-17 14:00:00+00:00,2894.27,2683.081766257908,2004.7676045372011,3361.3959279786145
2026-02-17 15:00:00+00:00,1183.3,1575.036167449532,896.7220057288253,2253.350329170239
2026-02-17 16:00:00+00:00,109.59004,-5.201768159692165,-683.5159298803987,673.1123935610144
2026-02-17 17:00:00+00:00,-4.511996e-05,-12.449912357200901,-690.7640740779075,665.8642493635057
2026-02-17 18:00:00+00:00,-4.511996e-05,6.188777308341287,-672.1253844123653,684.5029390290479
2026-02-17 19:00:00+00:00,-4.511996e-05,6.188777308341287,-672.1253844123653,684.5029390290479
2026-02-17 20:00:00+00:00,-4.511996e-05,6.188777308341287,-672.1253844123653,684.5029390290479
2026-02-17 21:00:00+00:00,-4.511996e-05,5.86142022900458,-672.452741491702,684.1755819497112
2026-02-17 22:00:00+00:00,-4.511996e-05,6.188777308341287,-672.1253844123653,684.5029390290479
2026-02-17 23:00:00+00:00,-4.511996e-05,5.8771593679034595,-672.4370023528031,684.19132108861
2026-02-18 00:00:00+00:00,-4.511996e-05,6.778578390627445,-671.5355833300791,685.092740111334
2026-02-18 01:00:00+00:00,-4.511996e-05,6.778578390627445,-671.5355833300791,685.092740111334
2026-02-18 02:00:00+00:00,-4.511996e-05,8.419616219275213,-669.8945455014309,686.7337779399818
2026-02-18 03:00:00+00:00,-4.511996e-05,7.48679282299463,-670.827368897712,685.8009545437008
2026-02-18 04:00:00+00:00,-4.511996e-05,7.48679282299463,-670.827368897712,685.8009545437008
2026-02-18 05:00:00+00:00,-4.511996e-05,14.292384637485156,-664.0217770832214,692.6065463581917
2026-02-18 06:00:00+00:00,130.55,11.552650022721082,-666.7615116979855,689.8668117434277
2026-02-18 07:00:00+00:00,1183.84,1441.2133235500921,762.8991618293858,2119.527485270799
2026-02-18 08:00:00+00:00,2984.59,3246.098801631693,2567.784639910986,3924.4129633523994
2026-02-18 09:00:00+00:00,4767.01,6630.45990892496,5952.145747204253,7308.774070645666
2026-02-18 10:00:00+00:00,6508.09,7028.378804456068,6350.064642735362,7706.692966176775
2026-02-18 11:00:00+00:00,7177.52,7728.2481527363,7049.933991015594,8406.562314457007
2026-02-18 12:00:00+00:00,6842.36,7613.195323445125,6934.881161724418,8291.50948516583
2026-02-18 13:00:00+00:00,5943.79,5867.299294721394,5188.985133000688,6545.613456442101
2026-02-18 14:00:00+00:00,4361.83,4199.282045721355,3520.967884000648,4877.596207442061
2026-02-18 15:00:00+00:00,1729.53,1804.4756795774106,1126.161517856704,2482.789841298117
2026-02-18 16:00:00+00:00,116.009964,251.2055692490194,-427.1085924716872,929.519730969726
2026-02-18 17:00:00+00:00,-4.511996e-05,13.865947482898264,-664.4482142378083,692.1801092036048
2026-02-18 18:00:00+00:00,-4.511996e-05,6.188777308341287,-672.1253844123653,684.5029390290479
2026-02-18 19:00:00+00:00,-4.511996e-05,4.165984497066347,-674.1481772236402,682.4801462177729
2026-02-18 20:00:00+00:00,-4.511996e-05,4.165984497066347,-674.1481772236402,682.4801462177729
2026-02-18 21:00:00+00:00,-4.511996e-05,4.165984497066347,-674.1481772236402,682.4801462177729
2026-02-18 22:00:00+00:00,-4.511996e-05,3.130498881472704,-675.1836628392339,681.4446606021793
2026-02-18 23:00:00+00:00,-4.511996e-05,0.6397219792038413,-677.6744397415027,678.9538836999104
2026-02-19 00:00:00+00:00,-4.511996e-05,-0.03708593154215123,-678.3512476522487,678.2770757891644
2026-02-19 01:00:00+00:00,-4.511996e-05,1.281291360221985,-677.0328703604846,679.5954530809286
2026-02-19 02:00:00+00:00,-4.511996e-05,2.6602757123569063,-675.6538860083492,680.9744374330635
2026-02-19 03:00:00+00:00,-4.511996e-05,3.717417455571649,-674.5967442651349,682.0315791762782
2026-02-19 04:00:00+00:00,-4.511996e-05,3.717417455571649,-674.5967442651349,682.0315791762782
2026-02-19 05:00:00+00:00,-4.511996e-05,7.526571649605103,-670.7875900711015,685.8407333703117
2026-02-19 06:00:00+00:00,40.919876,10.226625596532358,-668.0875361241742,688.5407873172385
2026-02-19 07:00:00+00:00,579.07,938.5803963039668,260.26623458326003,1616.8945580246734
2026-02-19 08:00:00+00:00,1489.2601,1543.8691954138544,865.5550336931476,2222.183357134561
2026-02-19 09:00:00+00:00,2754.08,2380.0100947432566,1701.69593302255,3058.324256463963
2026-02-19 10:00:00+00:00,3985.37,3088.5772104558846,2410.2630487351776,3766.891372176591
2026-02-19 11:00:00+00:00,4285.64,2413.438781732369,1735.1246200116625,3091.7529434530757
2026-02-19 12:00:00+00:00,4080.25,3567.7554362723827,2889.441274551676,4246.06959799309
2026-02-19 13:00:00+00:00,3310.6,2604.501901529807,1926.1877398091005,3282.816063250514
2026-02-19 14:00:00+00:00,2040.32,1809.6418916704008,1131.327729949694,2487.9560533911076
2026-02-19 15:00:00+00:00,829.13007,533.6760482678283,-144.63811345287832,1211.990209988535
2026-02-19 16:00:00+00:00,81.419876,-3.0360545061521407,-681.3502162268587,675.278107214554
2026-02-19 17:00:00+00:00,-4.511996e-05,-3.0374509510438656,-681.35161267175,675.2767107696627
2026-02-19 18:00:00+00:00,-4.511996e-05,2.851681904281122,-675.4624798164255,681.1658436249877
2026-02-19 19:00:00+00:00,-4.511996e-05,2.851681904281122,-675.4624798164255,681.1658436249877
2026-02-19 20:00:00+00:00,-4.511996e-05,2.851681904281122,-675.4624798164255,681.1658436249877
2026-02-19 21:00:00+00:00,-4.511996e-05,2.851681904281122,-675.4624798164255,681.1658436249877
2026-02-19 22:00:00+00:00,-4.511996e-05,2.851681904281122,-675.4624798164255,681.1658436249877
2026-02-19 23:00:00+00:00,-4.511996e-05,8.69603219380997,-669.6181295268966,687.0101939145165
2026-02-20 00:00:00+00:00,-4.511996e-05,8.853553312733311,-669.4606084079728,687.1677150334399
2026-02-20 01:00:00+00:00,-4.511996e-05,8.853553312733311,-669.4606084079728,687.1677150334399
2026-02-20 02:00:00+00:00,-4.511996e-05,10.527418813161148,-667.7867429075454,688.8415805338677
2026-02-20 03:00:00+00:00,-4.511996e-05,7.641430967265478,-670.6727307534406,685.9555926879721
2026-02-20 04:00:00+00:00,-4.511996e-05,7.641430967265478,-670.6727307534406,685.9555926879721
2026-02-20 05:00:00+00:00,-4.511996e-05,7.641430967265478,-670.6727307534406,685.9555926879721
2026-02-20 06:00:00+00:00,102.1501,13.107558978569614,-665.206602742137,691.4217206992762
2026-02-20 07:00:00+00:00,1295.96,1166.5972740095883,488.2831122888815,1844.911435730295
2026-02-20 08:00:00+00:00,3363.65,2196.173850888437,1517.85968916773,2874.4880126091434
2026-02-20 09:00:00+00:00,5458.01,3489.9050198222626,2811.5908581015556,4168.219181542969
2026-02-20 10:00:00+00:00,6859.1,5208.271529169507,4529.9573674488,5886.585690890213
2026-02-20 11:00:00+00:00,7141.16,6056.38352419554,5378.069362474834,6734.697685916247
2026-02-20 12:00:00+00:00,6102.85,6152.423142464769,5474.108980744062,6830.737304185475
2026-02-20 13:00:00+00:00,4232.6,4614.030655378581,3935.7164936578743,5292.344817099288
2026-02-20 14:00:00+00:00,2095.43,2478.8024948417824,1800.4883331210758,3157.116656562489
2026-02-20 15:00:00+00:00,607.7397,634.3467518176094,-43.96740990309718,1312.660913538316
2026-02-20 16:00:00+00:00,47.189896,62.20946512958244,-616.1046965911241,740.523626850289
2026-02-20 17:00:00+00:00,-4.511996e-05,15.448124652605202,-662.8660370681014,693.7622863733118
2026-02-20 18:00:00+00:00,-4.511996e-05,0.6992280701510936,-677.6149336505555,679.0133897908577
2026-02-20 19:00:00+00:00,-4.511996e-05,10.716876803118339,-667.5972849175882,689.0310385238249
2026-02-20 20:00:00+00:00,-4.511996e-05,10.716876803118339,-667.5972849175882,689.0310385238249
2026-02-20 21:00:00+00:00,-4.511996e-05,7.494142586548605,-670.820019134158,685.8083043072552
2026-02-20 22:00:00+00:00,-4.511996e-05,7.490366271523271,-670.8237954491829,685.8045279922299
2026-02-20 23:00:00+00:00,-4.511996e-05,7.490366271523271,-670.8237954491829,685.8045279922299
2026-02-21 00:00:00+00:00,-4.511996e-05,8.985858647914029,-675.0764181848172,693.0481354806448
2026-02-21 01:00:00+00:00,-4.511996e-05,7.189475570235118,-676.8728012624961,691.2517524029658
2026-02-21 02:00:00+00:00,-4.511996e-05,13.079552907914149,-670.9827239248166,697.1418297406453
2026-02-21 03:00:00+00:00,-4.511996e-05,16.180583750530786,-667.8816930822,700.242860583262
2026-02-21 04:00:00+00:00,-4.511996e-05,13.741249348975543,-670.3210274837552,697.8035261817067
2026-02-21 05:00:00+00:00,-4.511996e-05,16.785598378631676,-667.276678454099,700.8478752113629
2026-02-21 06:00:00+00:00,45.699905,36.58768216851013,-647.4745946642211,720.6499590012409
2026-02-21 07:00:00+00:00,573.06,1208.732845256612,524.6705684238814,1892.7951220893433
2026-02-21 08:00:00+00:00,1573.59,2758.2558291649225,2074.1935523321918,3442.3181059976537
2026-02-21 09:00:00+00:00,2626.93,2978.0384577194436,2293.976180886713,3662.100734552175
2026-02-21 10:00:00+00:00,3311.8,4505.910291591492,3821.848014758761,5189.972568424224
2026-02-21 11:00:00+00:00,3526.69,3961.381230267977,3277.3189534352464,4645.443507100708
2026-02-21 12:00:00+00:00,3298.6,4182.352489990754,3498.290213158023,4866.4147668234855
2026-02-21 13:00:00+00:00,2749.53,3606.8123989349588,2922.750122102228,4290.87467576769
2026-02-21 14:00:00+00:00,1895.9,2815.4107021380873,2131.348425305356,3499.472978970818
2026-02-21 15:00:00+00:00,825.36005,1141.3602932472252,457.2980164144942,1825.4225700799561
2026-02-21 16:00:00+00:00,81.50972,131.74087251108767,-552.3214043216435,815.8031493438184
2026-02-21 17:00:00+00:00,0.01997441,18.927428784089898,-665.1348480486413,702.9897056168206
2026-02-21 18:00:00+00:00,-4.511996e-05,35.34078472776491,-648.7214921049658,719.4030615604961
2026-02-21 19:00:00+00:00,-4.511996e-05,11.704788581725097,-672.3574882510061,695.7670654144558
2026-02-21 20:00:00+00:00,-4.511996e-05,11.704788581725097,-672.3574882510061,695.7670654144558
2026-02-21 21:00:00+00:00,-4.511996e-05,13.396389079921846,-670.6658877528093,697.458665912653
2026-02-21 22:00:00+00:00,-4.511996e-05,11.704788581725097,-672.3574882510061,695.7670654144558
2026-02-21 23:00:00+00:00,-4.511996e-05,12.672570468304457,-671.3897063644267,696.7348473010352
2026-02-22 00:00:00+00:00,-4.511996e-05,8.959020783081996,-675.1032560496487,693.0212976158132
2026-02-22 01:00:00+00:00,-4.511996e-05,11.287379473488727,-672.7748973592425,695.3496563062195
2026-02-22 02:00:00+00:00,-4.511996e-05,14.420270190239535,-669.6420066424917,698.4825470229703
2026-02-22 03:00:00+00:00,-4.511996e-05,12.06221622839712,-672.0000606043336,696.1244930611283
2026-02-22 04:00:00+00:00,-4.511996e-05,17.51431141125022,-666.547965421481,701.5765882439814
2026-02-22 05:00:00+00:00,0.009964646,13.88629738963391,-670.1759794430968,697.9485742223651
2026-02-22 06:00:00+00:00,47.479935,45.289837964468006,-638.7724388682627,729.3521147971992
2026-02-22 07:00:00+00:00,477.07004,1141.1509367989543,457.08865996622353,1825.2132136316854
2026-02-22 08:00:00+00:00,1118.57,1977.530080111036,1293.4678032783052,2661.5923569437673
2026-02-22 09:00:00+00:00,1842.48,2908.681889353856,2224.619612521125,3592.744166186587
2026-02-22 10:00:00+00:00,2251.28,3809.2847763704744,3125.2224995377433,4493.347053203205
2026-02-22 11:00:00+00:00,2277.58,3689.2435025122636,3005.181225679533,4373.305779344995
2026-02-22 12:00:00+00:00,2399.17,3477.43063775347,2793.368360920739,4161.492914586201
2026-02-22 13:00:00+00:00,2106.96,3420.4050673355305,2736.3427905027993,4104.467344168262
2026-02-22 14:00:00+00:00,1575.8,2370.4233468707876,1686.3610700380566,3054.4856237035187
2026-02-22 15:00:00+00:00,801.11005,1611.9003567685138,927.8380799357828,2295.9626336012448
2026-02-22 16:00:00+00:00,84.239944,327.4306002704043,-356.6316765623269,1011.4928771031352
2026-02-22 17:00:00+00:00,0.07002324,12.376350775304218,-671.685926057427,696.438627608035
2026-02-22 18:00:00+00:00,-4.511996e-05,10.200736716809388,-673.8615401159213,694.2630135495406
2026-02-22 19:00:00+00:00,-4.511996e-05,10.255891668964068,-673.8063851637667,694.3181685016953
2026-02-22 20:00:00+00:00,-4.511996e-05,11.226607228132707,-672.835669604598,695.2888840608639
2026-02-22 21:00:00+00:00,-4.511996e-05,12.431374046344445,-671.6309027863867,696.4936508790752
2026-02-22 22:00:00+00:00,-4.511996e-05,10.200736716809388,-673.8615401159213,694.2630135495406
2026-02-22 23:00:00+00:00,-4.511996e-05,10.200736716809388,-673.8615401159213,694.2630135495406
2026-02-23 00:00:00+00:00,-4.511996e-05,13.335539045706355,-670.7267377870244,697.3978158784375
2026-02-23 01:00:00+00:00,-4.511996e-05,14.340123037086869,-669.7221537956439,698.402399869818
2026-02-23 02:00:00+00:00,-4.511996e-05,16.705414694089086,-667.3568621386416,700.7676915268203
2026-02-23 03:00:00+00:00,-4.511996e-05,19.806445536705723,-664.255831296025,703.8687223694369
2026-02-23 04:00:00+00:00,-4.511996e-05,19.80872814483746,-664.2535486878937,703.8710049775686
2026-02-23 05:00:00+00:00,0.009964646,19.80872814483746,-664.2535486878937,703.8710049775686
2026-02-23 06:00:00+00:00,151.11006,52.059875509778976,-632.0024013229518,736.1221523425102
2026-02-23 07:00:00+00:00,893.13995,1137.6914046613588,453.62912782862804,1821.7536814940897
2026-02-23 08:00:00+00:00,2047.53,2027.5342417117263,1343.4719648789953,2711.5965185444575
2026-02-23 09:00:00+00:00,3575.22,3805.416723903576,3121.3544470708453,4489.479000736307
2026-02-23 10:00:00+00:00,4399.34,4718.8846435662035,4034.8223667334723,5402.946920398934
2026-02-23 11:00:00+00:00,4756.22,4667.881152440662,3983.8188756079307,5351.943429273393
2026-02-23 12:00:00+00:00,4650.95,4001.6989761251807,3317.6366992924495,4685.761252957912
2026-02-23 13:00:00+00:00,4297.4,3556.1142469493393,2872.0519701166086,4240.17652378207
2026-02-23 14:00:00+00:00,3124.26,2914.9429550317495,2230.880678199019,3599.0052318644807
2026-02-23 15:00:00+00:00,1469.86,1348.9451037634324,664.8828269307014,2033.0073805961633
2026-02-23 16:00:00+00:00,166.42989,162.1187038804519,-521.9435729522788,846.1809807131831
2026-02-23 17:00:00+00:00,0.059769332,5.635131116865523,-678.4271457158657,689.6974079495963
2026-02-23 18:00:00+00:00,-4.511996e-05,13.989933085574648,-670.0723437471561,698.0522099183058
2026-02-23 19:00:00+00:00,-4.511996e-05,14.760465817912518,-669.3018110148187,698.8227426506432
2026-02-23 20:00:00+00:00,-4.511996e-05,14.757532145323239,-669.304744687408,698.819808978054
2026-02-23 21:00:00+00:00,-4.511996e-05,14.760465817912518,-669.3018110148187,698.8227426506432
2026-02-23 22:00:00+00:00,-4.511996e-05,14.760465817912518,-669.3018110148187,698.8227426506432
2026-02-23 23:00:00+00:00,-4.511996e-05,15.728247704491878,-668.3340291282393,699.7905245372231
2026-02-24 00:00:00+00:00,-4.511996e-05,12.367757159126995,-671.6945196736042,696.4300339918582
2026-02-24 01:00:00+00:00,-4.511996e-05,13.18266273268,-670.8796141000507,697.2449395654112
2026-02-24 02:00:00+00:00,-4.511996e-05,15.347771562851449,-668.7145052698797,699.4100483955822
2026-02-24 03:00:00+00:00,-4.511996e-05,17.478086846299448,-666.5841899864317,701.5403636790302
2026-02-24 04:00:00+00:00,-4.511996e-05,17.93805343374197,-666.1242233989892,702.0003302664727
2026-02-24 05:00:00+00:00,0.009964646,17.993208385896196,-666.0690684468345,702.0554852186274
2026-02-24 06:00:00+00:00,110.28999,26.7960689377378,-657.2662078949934,710.8583457704685
2026-02-24 07:00:00+00:00,1027.4799,1207.3860503582164,523.3237735254856,1891.4483271909476
2026-02-24 08:00:00+00:00,2691.72,1883.5646545278264,1199.5023776950954,2567.6269313605576
2026-02-24 09:00:00+00:00,4197.78,3361.53785650187,2677.4755796691393,4045.600133334601
2026-02-24 10:00:00+00:00,5519.04,4724.440353551845,4040.378076719114,5408.502630384575
2026-02-24 11:00:00+00:00,6202.6,5615.499221922837,4931.436945090106,6299.561498755567
2026-02-24 12:00:00+00:00,6429.0,3830.725229764441,3146.66295293171,4514.787506597172
2026-02-24 13:00:00+00:00,5827.77,3556.576217127935,2872.5139402952036,4240.638493960665
2026-02-24 14:00:00+00:00,4579.53,2323.6514446479996,1639.5891678152689,3007.713721480731
2026-02-24 15:00:00+00:00,2268.03,1359.9743425704557,675.9120657377248,2044.0366194031867
2026-02-24 16:00:00+00:00,317.8701,311.8440071333225,-372.21826969940867,995.9062839660535
2026-02-24 17:00:00+00:00,0.16011113,20.78616102085016,-663.276115811881,704.8484378535809
2026-02-24 18:00:00+00:00,-4.511996e-05,15.053883519437477,-669.0083933132933,699.1161603521687
2026-02-24 19:00:00+00:00,-4.511996e-05,15.053883519437477,-669.0083933132933,699.1161603521687
2026-02-24 20:00:00+00:00,-4.511996e-05,15.053883519437477,-669.0083933132933,699.1161603521687
2026-02-24 21:00:00+00:00,-4.511996e-05,16.221144377572728,-667.841132455158,700.2834212103039
2026-02-24 22:00:00+00:00,-4.511996e-05,15.053883519437477,-669.0083933132933,699.1161603521687
2026-02-24 23:00:00+00:00,-4.511996e-05,15.429797236900413,-668.6324795958303,699.4920740696316
2026-02-25 00:00:00+00:00,-4.511996e-05,14.205202675796045,-669.8570741569351,698.2674795085268
2026-02-25 01:00:00+00:00,-4.511996e-05,13.668692524622202,-670.393584308109,697.7309693573529
2026-02-25 02:00:00+00:00,-4.511996e-05,13.721304515474003,-670.3409723172567,697.7835813482052
2026-02-25 03:00:00+00:00,-4.511996e-05,17.253607093496157,-666.8086697392346,701.3158839262273
2026-02-25 04:00:00+00:00,-4.511996e-05,17.71357368093868,-666.348703151792,701.7758505136699
2026-02-25 05:00:00+00:00,0.16011113,17.71357368093868,-666.348703151792,701.7758505136699
2026-02-25 06:00:00+00:00,242.17964,69.7930716419828,-614.2692051907484,753.855348474714
2026-02-25 07:00:00+00:00,1560.85,1795.855873534255,1111.7935967015237,2479.9181503669856
2026-02-25 08:00:00+00:00,3400.09,3283.9455312706555,2599.8832544379247,3968.0078081033867
2026-02-25 09:00:00+00:00,5268.97,5139.557643150987,4455.495366318255,5823.619919983717
2026-02-25 10:00:00+00:00,6994.56,6514.679205331239,5830.616928498508,7198.74148216397
2026-02-25 11:00:00+00:00,8356.5,6589.202507806274,5905.140230973544,7273.264784639006
2026-02-25 12:00:00+00:00,8984.11,8940.911438370393,8256.84916153766,9624.973715203123
2026-02-25 13:00:00+00:00,8391.88,7436.433795157784,6752.3715183250515,8120.496071990514
2026-02-25 14:00:00+00:00,6205.18,8616.445336506775,7932.3830596740445,9300.507613339507
2026-02-25 15:00:00+00:00,2936.44,3921.457062737501,3237.39478590477,4605.519339570232
2026-02-25 16:00:00+00:00,438.6301,495.783510284014,-188.2787665487167,1179.8457871167452
2026-02-25 17:00:00+00:00,1.7599647,28.636936204728954,-655.4253406280018,712.6992130374601
2026-02-25 18:00:00+00:00,-4.511996e-05,15.213394540318404,-668.8488822924123,699.2756713730496
2026-02-25 19:00:00+00:00,-4.511996e-05,14.271617378863994,-669.7906594538672,698.3338942115947
2026-02-25 20:00:00+00:00,-4.511996e-05,8.791116849509763,-675.2711599832214,692.8533936822405
2026-02-25 21:00:00+00:00,-4.511996e-05,8.791116849509763,-675.2711599832214,692.8533936822405
2026-02-25 22:00:00+00:00,-4.511996e-05,7.1098917455956325,-676.9523850871351,691.1721685783268
2026-02-25 23:00:00+00:00,-4.511996e-05,7.1098917455956325,-676.9523850871351,691.1721685783268
2026-02-26 00:00:00+00:00,-4.511996e-05,7.9794060372128115,-676.0828707955179,692.041682869944
2026-02-26 01:00:00+00:00,-4.511996e-05,17.281104479324767,-666.781172353406,701.343381312056
2026-02-26 02:00:00+00:00,-4.511996e-05,18.52884210621687,-665.5334347265143,702.5911189389481
2026-02-26 03:00:00+00:00,-4.511996e-05,22.237118529746567,-661.8251583029842,706.2993953624778
2026-02-26 04:00:00+00:00,-4.511996e-05,28.315282917246805,-655.7469939154839,712.377559749978
2026-02-26 05:00:00+00:00,0.35005254,49.50551781392187,-634.5567590188089,733.567794646653
2026-02-26 06:00:00+00:00,285.70993,224.79750993738435,-459.26476689534684,908.8597867701151
2026-02-26 07:00:00+00:00,1842.51,2367.582407222603,1683.5201303898716,3051.6446840553335
2026-02-26 08:00:00+00:00,3749.79,5039.408893335885,4355.346616503154,5723.471170168616
2026-02-26 09:00:00+00:00,5669.83,7475.5697178691335,6791.507441036403,8159.631994701866
2026-02-26 10:00:00+00:00,7579.85,8015.411267530977,7331.348990698247,8699.473544363707
2026-02-26 11:00:00+00:00,8999.16,10516.18339685967,9832.121120026937,11200.2456736924
2026-02-26 12:00:00+00:00,9313.69,10941.978319135804,10257.916042303073,11626.040595968534
2026-02-26 13:00:00+00:00,8241.76,8081.88248307663,7397.8202062438995,8765.94475990936
2026-02-26 14:00:00+00:00,5844.05,5961.293916641483,5277.231639808751,6645.356193474214
2026-02-26 15:00:00+00:00,2727.38,2775.422808148003,2091.3605313152716,3459.4850849807335
2026-02-26 16:00:00+00:00,469.65012,449.4102360477982,-234.65204078493252,1133.4725128805294
2026-02-26 17:00:00+00:00,0.32002324,21.876144614655004,-662.1861322180762,705.9384214473857
2026-02-26 18:00:00+00:00,-4.511996e-05,17.54387334457533,-666.5184034881554,701.6061501773065
2026-02-26 19:00:00+00:00,-4.511996e-05,15.558540778717088,-668.5037360540136,699.6208176114483
2026-02-26 20:00:00+00:00,-4.511996e-05,15.558540778717088,-668.5037360540136,699.6208176114483
2026-02-26 21:00:00+00:00,-4.511996e-05,15.558540778717088,-668.5037360540136,699.6208176114483
2026-02-26 22:00:00+00:00,-4.511996e-05,20.134756568544162,-663.927520264187,704.1970334012749
2026-02-26 23:00:00+00:00,-4.511996e-05,20.134756568544162,-663.927520264187,704.1970334012749
2026-02-27 00:00:00+00:00,-4.511996e-05,18.036122356394117,-666.0261544763366,702.0983991891253
2026-02-27 01:00:00+00:00,-4.511996e-05,9.947185446548701,-674.115091386182,694.0094622792799
2026-02-27 02:00:00+00:00,-4.511996e-05,12.59500462973483,-671.4672722029959,696.657281462466
2026-02-27 03:00:00+00:00,-4.511996e-05,15.696035472351468,-668.3662413603793,699.7583123050827
2026-02-27 04:00:00+00:00,-4.511996e-05,23.367785118749907,-660.6944917139808,707.4300619514811
2026-02-27 05:00:00+00:00,0.72993535,31.992833871958283,-652.0694429607724,716.0551107046895
2026-02-27 06:00:00+00:00,592.59,621.1770134286685,-62.8852634040627,1305.2392902613994
2026-02-27 07:00:00+00:00,3428.19,3312.2295633130966,2628.1672864803654,3996.2918401458273
2026-02-27 08:00:00+00:00,7314.4,6556.385901335083,5872.323624502353,7240.448178167813
2026-02-27 09:00:00+00:00,10813.36,10277.609188087898,9593.546911255167,10961.671464920628
2026-02-27 10:00:00+00:00,12810.97,11442.928843781667,10758.866566948936,12126.991120614397
2026-02-27 11:00:00+00:00,12922.57,13082.459353188902,12398.397076356172,13766.521630021633
2026-02-27 12:00:00+00:00,12444.3,11867.09449776631,11183.032220933579,12551.15677459904
2026-02-27 13:00:00+00:00,10875.93,10142.728657641665,9458.666380808934,10826.790934474397
2026-02-27 14:00:00+00:00,8020.9,7380.560754483875,6696.498477651144,8064.623031316605
2026-02-27 15:00:00+00:00,3927.26,4338.333358259338,3654.271081426607,5022.395635092069
2026-02-27 16:00:00+00:00,545.8403,623.993600054459,-60.068676778271765,1308.0558768871902
2026-02-27 17:00:00+00:00,0.6798865,19.867488291653444,-664.1947885410777,703.9297651243842
2026-02-27 18:00:00+00:00,-4.511996e-05,15.504476936784613,-668.5577998959461,699.5667537695158
2026-02-27 19:00:00+00:00,-4.511996e-05,12.528530011713428,-671.5337468210173,696.5908068444446
2026-02-27 20:00:00+00:00,-4.511996e-05,12.473375059558748,-671.588901773172,696.5356518922899
2026-02-27 21:00:00+00:00,-4.511996e-05,14.507544823175522,-669.5547320095557,698.5698216559063
2026-02-27 22:00:00+00:00,-4.511996e-05,16.44990974343773,-667.6123670892935,700.5121865761685
2026-02-27 23:00:00+00:00,-4.511996e-05,16.44990974343773,-667.6123670892935,700.5121865761685
