date,solar_ampr_actual,solar_ampr_fitted,solar_ampr_lower,solar_ampr_upper
2026-02-15 00:00:00+00:00,-1.6967233e-05,7.370222,-151.36586,166.10643
2026-02-15 01:00:00+00:00,-1.6967233e-05,13.3032055,-145.43288,172.03941
2026-02-15 02:00:00+00:00,-1.6967233e-05,17.585432,-141.15077,176.32164
2026-02-15 03:00:00+00:00,-1.6967233e-05,33.388412,-125.34767,192.12462
2026-02-15 04:00:00+00:00,-1.6967233e-05,85.548325,-73.18776,244.28453
2026-02-15 05:00:00+00:00,-1.6967233e-05,157.83824,-0.8979662,316.5743
2026-02-15 06:00:00+00:00,7.3799877,181.94469,23.208601,340.68088
2026-02-15 07:00:00+00:00,720.97003,602.66943,443.93332,761.40564
2026-02-15 08:00:00+00:00,2469.03,1764.3153,1605.5791,1923.0514
2026-02-15 09:00:00+00:00,4262.67,2740.3667,2581.6304,2899.1028
2026-02-15 10:00:00+00:00,5381.1,3555.1382,3396.402,3713.8743
2026-02-15 11:00:00+00:00,5668.62,4391.4824,4232.746,4550.2183
2026-02-15 12:00:00+00:00,5576.99,4434.0454,4275.309,4592.7812
2026-02-15 13:00:00+00:00,4142.02,3703.173,3544.437,3861.9092
2026-02-15 14:00:00+00:00,1847.04,2090.1555,1931.4194,2248.8918
2026-02-15 15:00:00+00:00,537.87,715.6391,556.90295,874.37524
2026-02-15 16:00:00+00:00,28.910017,66.84483,-91.89137,225.58092
2026-02-15 17:00:00+00:00,0.009992799,40.534653,-118.20155,199.27074
2026-02-15 18:00:00+00:00,-1.6967233e-05,19.552351,-139.18373,178.28856
2026-02-15 19:00:00+00:00,-1.6967233e-05,8.458601,-150.27748,167.19481
2026-02-15 20:00:00+00:00,-1.6967233e-05,3.5873854,-155.14882,162.32347
2026-02-15 21:00:00+00:00,-1.6967233e-05,1.0438063,-157.6924,159.77989
2026-02-15 22:00:00+00:00,-1.6967233e-05,1.0438063,-157.6924,159.77989
2026-02-15 23:00:00+00:00,-1.6967233e-05,-1.0697191,-159.80592,157.66637
2026-02-16 00:00:00+00:00,-1.6967233e-05,-5.142351,-163.87843,153.59386
2026-02-16 01:00:00+00:00,-1.6967233e-05,-5.0525074,-163.78859,153.6837
2026-02-16 02:00:00+00:00,-1.6967233e-05,-9.46718,-168.20338,149.2689
2026-02-16 03:00:00+00:00,-1.6967233e-05,-9.46718,-168.20338,149.2689
2026-02-16 04:00:00+00:00,-1.6967233e-05,-6.4831715,-165.21925,152.25304
2026-02-16 05:00:00+00:00,-1.6967233e-05,9.761824,-148.97438,168.49791
2026-02-16 06:00:00+00:00,6.619978,43.992416,-114.74379,202.7285
2026-02-16 07:00:00+00:00,236.14,448.21945,289.48325,606.95557
2026-02-16 08:00:00+00:00,1052.73,1203.6721,1044.9359,1362.4082
2026-02-16 09:00:00+00:00,1946.45,2207.4187,2048.6826,2366.155
2026-02-16 10:00:00+00:00,2625.27,3055.4219,2896.6858,3214.158
2026-02-16 11:00:00+00:00,3030.19,3349.6511,3190.915,3508.3872
2026-02-16 12:00:00+00:00,2884.71,2946.277,2787.5408,3105.0132
2026-02-16 13:00:00+00:00,2091.52,2288.594,2129.858,2447.3303
2026-02-16 14:00:00+00:00,1305.39,1284.7405,1126.0043,1443.4767
2026-02-16 15:00:00+00:00,705.57007,555.1852,396.44894,713.9213
2026-02-16 16:00:00+00:00,113.19005,100.55919,-58.177017,259.29526
2026-02-16 17:00:00+00:00,0.48997328,11.081282,-147.6548,169.81749
2026-02-16 18:00:00+00:00,0.09995862,3.7806227,-154.95558,162.51671
2026-02-16 19:00:00+00:00,-1.6967233e-05,-5.818865,-164.55507,152.91734
2026-02-16 20:00:00+00:00,-1.6967233e-05,-5.5339527,-164.27003,153.20226
2026-02-16 21:00:00+00:00,-1.6967233e-05,-3.607927,-162.34413,155.12816
2026-02-16 22:00:00+00:00,-1.6967233e-05,0.79746836,-157.93874,159.53355
2026-02-16 23:00:00+00:00,-1.6967233e-05,-1.3995531,-160.13576,157.33653
2026-02-17 00:00:00+00:00,-1.6967233e-05,1.5237868,-157.2123,160.26
2026-02-17 01:00:00+00:00,-1.6967233e-05,2.5097487,-156.22646,161.24583
2026-02-17 02:00:00+00:00,-1.6967233e-05,0.17588635,-158.5602,158.9121
2026-02-17 03:00:00+00:00,-1.6967233e-05,0.45896742,-158.27724,159.19505
2026-02-17 04:00:00+00:00,-1.6967233e-05,-0.4546068,-159.19081,158.28148
2026-02-17 05:00:00+00:00,-1.6967233e-05,9.348616,-149.38759,168.0847
2026-02-17 06:00:00+00:00,12.379866,26.21263,-132.52345,184.94884
2026-02-17 07:00:00+00:00,410.94003,375.03305,216.29686,533.76917
2026-02-17 08:00:00+00:00,1142.15,1393.0718,1234.3356,1551.8079
2026-02-17 09:00:00+00:00,2034.83,2382.9272,2224.1912,2541.6633
2026-02-17 10:00:00+00:00,2949.38,2852.8977,2694.1616,3011.6338
2026-02-17 11:00:00+00:00,3612.43,3275.6536,3116.9175,3434.39
2026-02-17 12:00:00+00:00,3719.97,2909.441,2750.7048,3068.1772
2026-02-17 13:00:00+00:00,3317.83,2380.2175,2221.4814,2538.9536
2026-02-17 14:00:00+00:00,2225.05,1472.7601,1314.0239,1631.4962
2026-02-17 15:00:00+00:00,1029.82,778.1996,619.4634,936.9357
2026-02-17 16:00:00+00:00,158.30016,124.137924,-34.59828,282.874
2026-02-17 17:00:00+00:00,0.49986097,28.64659,-130.08961,187.38268
2026-02-17 18:00:00+00:00,0.07993909,7.07823,-151.65785,165.81444
2026-02-17 19:00:00+00:00,-1.6967233e-05,-1.0350511,-159.77126,157.70103
2026-02-17 20:00:00+00:00,-1.6967233e-05,1.3428786,-157.3932,160.07909
2026-02-17 21:00:00+00:00,-1.6967233e-05,-1.1436937,-159.87978,157.59251
2026-02-17 22:00:00+00:00,-1.6967233e-05,2.517073,-156.21901,161.25328
2026-02-17 23:00:00+00:00,-1.6967233e-05,1.0256178,-157.71046,159.76183
2026-02-18 00:00:00+00:00,-1.6967233e-05,-0.90760976,-159.64369,157.8286
2026-02-18 01:00:00+00:00,-1.6967233e-05,0.6657545,-158.07045,159.40184
2026-02-18 02:00:00+00:00,-1.6967233e-05,2.1628249,-156.57326,160.89903
2026-02-18 03:00:00+00:00,-1.6967233e-05,2.267317,-156.46877,161.00352
2026-02-18 04:00:00+00:00,-1.6967233e-05,2.1650221,-156.57106,160.90123
2026-02-18 05:00:00+00:00,-1.6967233e-05,14.865828,-143.87038,173.60191
2026-02-18 06:00:00+00:00,46.199936,44.749374,-113.98683,203.48546
2026-02-18 07:00:00+00:00,545.94006,402.6638,243.92772,561.4
2026-02-18 08:00:00+00:00,1388.52,1293.817,1135.0809,1452.5532
2026-02-18 09:00:00+00:00,3005.89,2308.8438,2150.1077,2467.5798
2026-02-18 10:00:00+00:00,4728.2905,2890.217,2731.481,3048.9531
2026-02-18 11:00:00+00:00,5339.63,3236.1694,3077.4333,3394.9055
2026-02-18 12:00:00+00:00,5547.09,2915.5461,2756.8098,3074.2822
2026-02-18 13:00:00+00:00,4730.91,2235.8037,2077.0676,2394.5398
2026-02-18 14:00:00+00:00,3009.92,1310.4878,1151.7517,1469.224
2026-02-18 15:00:00+00:00,1076.65,475.21445,316.47836,633.95056
2026-02-18 16:00:00+00:00,142.09996,78.956894,-79.77919,237.6931
2026-02-18 17:00:00+00:00,0.07993909,14.107161,-144.62904,172.84325
2026-02-18 18:00:00+00:00,-1.6967233e-05,3.647444,-155.08876,162.38353
2026-02-18 19:00:00+00:00,-1.6967233e-05,2.493025,-156.24318,161.22911
2026-02-18 20:00:00+00:00,-1.6967233e-05,-1.557512,-160.2936,157.1787
2026-02-18 21:00:00+00:00,-1.6967233e-05,-1.4223802,-160.15858,157.3137
2026-02-18 22:00:00+00:00,-1.6967233e-05,-1.4804857,-160.21657,157.25572
2026-02-18 23:00:00+00:00,-1.6967233e-05,-4.7819996,-163.5182,153.95409
2026-02-19 00:00:00+00:00,-1.6967233e-05,-4.060564,-162.79677,154.67552
2026-02-19 01:00:00+00:00,-1.6967233e-05,-4.8182545,-163.55446,153.91783
2026-02-19 02:00:00+00:00,-1.6967233e-05,-21.8445,-180.5807,136.89159
2026-02-19 03:00:00+00:00,-1.6967233e-05,-2.27614,-161.01222,156.46007
2026-02-19 04:00:00+00:00,-1.6967233e-05,-2.5134447,-161.24965,156.22264
2026-02-19 05:00:00+00:00,-1.6967233e-05,4.125349,-154.61073,162.86156
2026-02-19 06:00:00+00:00,10.1399975,9.512434,-149.22365,168.24864
2026-02-19 07:00:00+00:00,145.58995,117.705185,-41.03102,276.44125
2026-02-19 08:00:00+00:00,458.07993,315.36984,156.63365,474.10593
2026-02-19 09:00:00+00:00,998.02,587.5614,428.8253,746.2976
2026-02-19 10:00:00+00:00,1406.02,685.45514,526.719,844.1913
2026-02-19 11:00:00+00:00,1770.73,822.7324,663.99634,981.46857
2026-02-19 12:00:00+00:00,1962.66,864.3537,705.61755,1023.08984
2026-02-19 13:00:00+00:00,1746.34,634.31177,475.57553,793.0479
2026-02-19 14:00:00+00:00,1170.18,356.87155,198.13548,515.6078
2026-02-19 15:00:00+00:00,576.13,271.29453,112.55846,430.03073
2026-02-19 16:00:00+00:00,114.280014,102.79869,-55.937393,261.53488
2026-02-19 17:00:00+00:00,0.24998303,18.85655,-139.87953,177.59276
2026-02-19 18:00:00+00:00,-1.6967233e-05,11.489973,-147.24623,170.22618
2026-02-19 19:00:00+00:00,-1.6967233e-05,5.097273,-153.63881,163.83348
2026-02-19 20:00:00+00:00,-1.6967233e-05,-2.3401048,-161.07631,156.3961
2026-02-19 21:00:00+00:00,-1.6967233e-05,-2.3401048,-161.07631,156.3961
2026-02-19 22:00:00+00:00,-1.6967233e-05,-0.4476488,-159.18385,158.28844
2026-02-19 23:00:00+00:00,-1.6967233e-05,-1.4604661,-160.19655,157.27574
2026-02-20 00:00:00+00:00,-1.6967233e-05,0.10667249,-158.62941,158.84288
2026-02-20 01:00:00+00:00,-1.6967233e-05,0.10667249,-158.62941,158.84288
2026-02-20 02:00:00+00:00,-1.6967233e-05,3.9897292,-154.74648,162.72581
2026-02-20 03:00:00+00:00,-1.6967233e-05,-0.5345629,-159.27065,158.20164
2026-02-20 04:00:00+00:00,-1.6967233e-05,3.3455641,-155.39052,162.08177
2026-02-20 05:00:00+00:00,-1.6967233e-05,10.726545,-148.00954,169.46275
2026-02-20 06:00:00+00:00,25.91014,55.3441,-103.39198,214.0803
2026-02-20 07:00:00+00:00,439.75998,593.44885,434.71274,752.18506
2026-02-20 08:00:00+00:00,1326.24,1474.815,1316.0787,1633.551
2026-02-20 09:00:00+00:00,2179.07,2404.8738,2246.1375,2563.6099
2026-02-20 10:00:00+00:00,2324.88,2692.019,2533.2827,2850.7551
2026-02-20 11:00:00+00:00,2065.36,2878.2468,2719.5107,3036.9832
2026-02-20 12:00:00+00:00,1531.98,2647.8936,2489.1572,2806.6296
2026-02-20 13:00:00+00:00,1089.02,2060.295,1901.5588,2219.031
2026-02-20 14:00:00+00:00,725.26996,1273.9264,1115.1902,1432.6625
2026-02-20 15:00:00+00:00,365.03,457.4791,298.7429,616.2152
2026-02-20 16:00:00+00:00,65.09996,103.94786,-54.788223,262.68405
2026-02-20 17:00:00+00:00,-1.6967233e-05,6.1136303,-152.62257,164.84972
2026-02-20 18:00:00+00:00,-1.6967233e-05,5.9001293,-152.83607,164.63622
2026-02-20 19:00:00+00:00,-1.6967233e-05,6.175886,-152.56032,164.91197
2026-02-20 20:00:00+00:00,-1.6967233e-05,-5.133196,-163.86928,153.60301
2026-02-20 21:00:00+00:00,-1.6967233e-05,-0.3999193,-159.13612,158.33617
2026-02-20 22:00:00+00:00,-1.6967233e-05,-2.0323656,-160.76845,156.70384
2026-02-20 23:00:00+00:00,-1.6967233e-05,-1.9882982,-160.7245,156.74779
2026-02-21 00:00:00+00:00,-1.6967233e-05,1.2468092,-157.4894,159.9829
2026-02-21 01:00:00+00:00,-1.6967233e-05,-3.1903245,-161.92653,155.54576
2026-02-21 02:00:00+00:00,-1.6967233e-05,-3.995134,-162.73134,154.74095
2026-02-21 03:00:00+00:00,-1.6967233e-05,0.27012464,-158.46596,159.00633
2026-02-21 04:00:00+00:00,-1.6967233e-05,7.81822,-150.91798,166.5543
2026-02-21 05:00:00+00:00,-1.6967233e-05,21.114363,-137.62184,179.85045
2026-02-21 06:00:00+00:00,20.489973,134.04356,-24.692644,292.77963
2026-02-21 07:00:00+00:00,312.13986,722.2647,563.52856,881.00085
2026-02-21 08:00:00+00:00,841.7899,1772.3506,1613.6145,1931.0868
2026-02-21 09:00:00+00:00,1551.66,2898.725,2739.989,3057.4612
2026-02-21 10:00:00+00:00,2170.72,4128.5923,3969.8562,4287.3286
2026-02-21 11:00:00+00:00,2305.66,4851.975,4693.239,5010.7114
2026-02-21 12:00:00+00:00,1964.42,4442.8286,4284.093,4601.565
2026-02-21 13:00:00+00:00,1284.52,3631.6865,3472.9504,3790.4226
2026-02-21 14:00:00+00:00,811.65,2029.3373,1870.6011,2188.0735
2026-02-21 15:00:00+00:00,397.98996,806.99695,648.26074,965.7331
2026-02-21 16:00:00+00:00,64.59996,181.17662,22.440413,339.9128
2026-02-21 17:00:00+00:00,0.63999766,17.401838,-141.33437,176.13805
2026-02-21 18:00:00+00:00,-1.6967233e-05,8.754133,-149.98207,167.49022
2026-02-21 19:00:00+00:00,-1.6967233e-05,2.3097975,-156.4264,161.04588
2026-02-21 20:00:00+00:00,-1.6967233e-05,-2.4625413,-161.19875,156.27354
2026-02-21 21:00:00+00:00,-1.6967233e-05,-0.16591053,-158.90211,158.57018
2026-02-21 22:00:00+00:00,-1.6967233e-05,4.783186,-153.9529,163.5194
2026-02-21 23:00:00+00:00,-1.6967233e-05,-3.3791673,-162.11525,155.35704
2026-02-22 00:00:00+00:00,-1.6967233e-05,-1.7011888,-149.81007,146.4077
2026-02-22 01:00:00+00:00,-1.6967233e-05,-5.4902515,-153.59914,142.61864
2026-02-22 02:00:00+00:00,-1.6967233e-05,-2.8459642,-150.95485,145.26292
2026-02-22 03:00:00+00:00,-1.6967233e-05,1.1657546,-146.94313,149.27464
2026-02-22 04:00:00+00:00,-1.6967233e-05,4.812361,-143.29652,152.92125
2026-02-22 05:00:00+00:00,-1.6967233e-05,4.3465405,-143.76234,152.45543
2026-02-22 06:00:00+00:00,11.150007,10.271345,-137.83754,158.38011
2026-02-22 07:00:00+00:00,226.46007,345.24606,197.13719,493.35495
2026-02-22 08:00:00+00:00,684.85,887.7705,739.6617,1035.8794
2026-02-22 09:00:00+00:00,1280.23,1358.7991,1210.6902,1506.908
2026-02-22 10:00:00+00:00,1809.4,1555.4346,1407.3257,1703.5435
2026-02-22 11:00:00+00:00,2143.53,1828.4861,1680.3772,1976.595
2026-02-22 12:00:00+00:00,1885.9,1855.3322,1707.2233,2003.441
2026-02-22 13:00:00+00:00,1571.21,1438.8806,1290.7717,1586.9895
2026-02-22 14:00:00+00:00,1047.43,905.00964,756.90076,1053.1185
2026-02-22 15:00:00+00:00,477.21994,465.2203,317.11142,613.3292
2026-02-22 16:00:00+00:00,66.32005,110.15526,-37.95363,258.26413
2026-02-22 17:00:00+00:00,0.7199537,-12.383318,-160.4922,135.72557
2026-02-22 18:00:00+00:00,-1.6967233e-05,0.42564222,-147.68324,148.53453
2026-02-22 19:00:00+00:00,-1.6967233e-05,2.1392653,-145.96962,150.24815
2026-02-22 20:00:00+00:00,-1.6967233e-05,0.29405043,-147.81483,148.40294
2026-02-22 21:00:00+00:00,-1.6967233e-05,-0.9500902,-149.05898,147.1588
2026-02-22 22:00:00+00:00,-1.6967233e-05,-1.0169847,-149.12587,147.0919
2026-02-22 23:00:00+00:00,-1.6967233e-05,-2.2179124,-150.3268,145.89085
2026-02-23 00:00:00+00:00,-1.6967233e-05,0.94029063,-147.1686,149.04906
2026-02-23 01:00:00+00:00,-1.6967233e-05,15.190046,-132.91884,163.29881
2026-02-23 02:00:00+00:00,-1.6967233e-05,24.2274,-123.881485,172.33629
2026-02-23 03:00:00+00:00,-1.6967233e-05,12.763166,-135.34572,160.87206
2026-02-23 04:00:00+00:00,-1.6967233e-05,4.582136,-143.52675,152.69102
2026-02-23 05:00:00+00:00,-1.6967233e-05,39.218002,-108.890884,187.32689
2026-02-23 06:00:00+00:00,39.770004,48.7816,-99.327286,196.89049
2026-02-23 07:00:00+00:00,557.38,637.3248,489.2159,785.43365
2026-02-23 08:00:00+00:00,1516.18,1547.9532,1399.8445,1696.0621
2026-02-23 09:00:00+00:00,2414.56,2673.7234,2525.6145,2821.8323
2026-02-23 10:00:00+00:00,3141.98,3616.7068,3468.598,3764.8157
2026-02-23 11:00:00+00:00,3433.15,4297.2983,4149.1895,4445.4067
2026-02-23 12:00:00+00:00,3610.51,4345.6025,4197.4937,4493.711
2026-02-23 13:00:00+00:00,3462.45,3453.4158,3305.307,3601.5247
2026-02-23 14:00:00+00:00,2247.07,2679.0554,2530.9465,2827.1643
2026-02-23 15:00:00+00:00,1032.17,1196.075,1047.9661,1344.1838
2026-02-23 16:00:00+00:00,186.86986,257.1235,109.01463,405.23227
2026-02-23 17:00:00+00:00,0.24009533,13.27574,-134.83315,161.3845
2026-02-23 18:00:00+00:00,-1.6967233e-05,3.1904128,-144.91847,151.2993
2026-02-23 19:00:00+00:00,-1.6967233e-05,3.2496169,-144.85927,151.3585
2026-02-23 20:00:00+00:00,-1.6967233e-05,2.6697829,-145.43898,150.77867
2026-02-23 21:00:00+00:00,-1.6967233e-05,2.3786452,-145.73024,150.48753
2026-02-23 22:00:00+00:00,-1.6967233e-05,2.3786452,-145.73024,150.48753
2026-02-23 23:00:00+00:00,-1.6967233e-05,-3.6447923,-151.75368,144.4641
2026-02-24 00:00:00+00:00,-1.6967233e-05,0.6833326,-147.42555,148.79222
2026-02-24 01:00:00+00:00,-1.6967233e-05,0.15696545,-147.95192,148.26585
2026-02-24 02:00:00+00:00,-1.6967233e-05,-4.411272,-152.52016,143.69762
2026-02-24 03:00:00+00:00,-1.6967233e-05,-2.3167894,-150.42567,145.7921
2026-02-24 04:00:00+00:00,-1.6967233e-05,-1.8416917,-149.95045,146.2672
2026-02-24 05:00:00+00:00,-1.6967233e-05,5.4174633,-142.69142,153.52635
2026-02-24 06:00:00+00:00,23.229963,39.977768,-108.13112,188.08665
2026-02-24 07:00:00+00:00,389.70993,441.3215,293.21262,589.4304
2026-02-24 08:00:00+00:00,1013.78,1108.1154,960.0066,1256.2242
2026-02-24 09:00:00+00:00,1722.95,2053.619,1905.5099,2201.7275
2026-02-24 10:00:00+00:00,2435.07,2728.511,2580.402,2876.6199
2026-02-24 11:00:00+00:00,2713.51,3113.0422,2964.9333,3261.1511
2026-02-24 12:00:00+00:00,2480.24,3012.0994,2863.9905,3160.2083
2026-02-24 13:00:00+00:00,1983.93,2469.857,2321.7483,2617.9658
2026-02-24 14:00:00+00:00,1311.74,1691.0066,1542.8977,1839.1155
2026-02-24 15:00:00+00:00,653.75,817.11884,669.0099,965.22766
2026-02-24 16:00:00+00:00,137.58995,179.68004,31.571272,327.7889
2026-02-24 17:00:00+00:00,1.2901442,15.627302,-132.48158,163.73619
2026-02-24 18:00:00+00:00,0.05003186,6.4366283,-141.67213,154.54552
2026-02-24 19:00:00+00:00,-1.6967233e-05,6.3637524,-141.74513,154.47264
2026-02-24 20:00:00+00:00,-1.6967233e-05,6.3637524,-141.74513,154.47264
2026-02-24 21:00:00+00:00,-1.6967233e-05,5.7839184,-142.32497,153.8928
2026-02-24 22:00:00+00:00,-1.6967233e-05,3.9659255,-144.14296,152.07481
2026-02-24 23:00:00+00:00,-1.6967233e-05,3.9659255,-144.14296,152.07481
2026-02-25 00:00:00+00:00,-1.6967233e-05,1.663069,-146.4457,149.77196
2026-02-25 01:00:00+00:00,-1.6967233e-05,1.7469313,-146.36195,149.85582
2026-02-25 02:00:00+00:00,-1.6967233e-05,1.4628737,-146.64601,149.57164
2026-02-25 03:00:00+00:00,-1.6967233e-05,2.734114,-145.37477,150.843
2026-02-25 04:00:00+00:00,-1.6967233e-05,0.21494885,-147.89394,148.32384
2026-02-25 05:00:00+00:00,-1.6967233e-05,8.511702,-139.59718,156.62059
2026-02-25 06:00:00+00:00,117.759995,74.97386,-73.135025,223.08275
2026-02-25 07:00:00+00:00,1068.18,642.09424,493.98532,790.2031
2026-02-25 08:00:00+00:00,2700.59,1620.4823,1472.3734,1768.5911
2026-02-25 09:00:00+00:00,4626.41,2489.7908,2341.682,2637.8997
2026-02-25 10:00:00+00:00,6590.74,3397.2253,3249.1165,3545.3342
2026-02-25 11:00:00+00:00,8294.92,4425.5933,4277.4844,4573.702
2026-02-25 12:00:00+00:00,9037.32,4781.3237,4633.215,4929.4326
2026-02-25 13:00:00+00:00,8387.429,3986.5754,3838.4666,4134.684
2026-02-25 14:00:00+00:00,6232.52,2673.518,2525.4092,2821.627
2026-02-25 15:00:00+00:00,3107.9,1077.2172,929.1083,1225.326
2026-02-25 16:00:00+00:00,535.89,195.99889,47.89,344.10776
2026-02-25 17:00:00+00:00,7.4400463,19.83946,-128.2693,167.94835
2026-02-25 18:00:00+00:00,1.7399733,3.1558669,-144.95302,151.26476
2026-02-25 19:00:00+00:00,-1.6967233e-05,3.0212233,-145.08754,151.13011
2026-02-25 20:00:00+00:00,-1.6967233e-05,3.8701003,-144.23878,151.97899
2026-02-25 21:00:00+00:00,-1.6967233e-05,4.693342,-143.41554,152.80223
2026-02-25 22:00:00+00:00,-1.6967233e-05,4.693342,-143.41554,152.80223
2026-02-25 23:00:00+00:00,-1.6967233e-05,3.8182204,-144.29066,151.92711
2026-02-26 00:00:00+00:00,-1.6967233e-05,3.9141676,-144.19472,152.02306
2026-02-26 01:00:00+00:00,-1.6967233e-05,3.0909255,-145.01796,151.19981
2026-02-26 02:00:00+00:00,-1.6967233e-05,-0.13990955,-148.2488,147.96898
2026-02-26 03:00:00+00:00,-1.6967233e-05,0.88267344,-147.22621,148.99156
2026-02-26 04:00:00+00:00,-1.6967233e-05,1.6955397,-146.41335,149.80443
2026-02-26 05:00:00+00:00,0.009992799,7.4089184,-140.69997,155.5178
2026-02-26 06:00:00+00:00,171.29002,85.15819,-62.9507,233.26707
2026-02-26 07:00:00+00:00,1486.98,828.2446,680.13574,976.3535
2026-02-26 08:00:00+00:00,3377.63,2001.0292,1852.9203,2149.138
2026-02-26 09:00:00+00:00,5668.9004,3590.7937,3442.6848,3738.9026
2026-02-26 10:00:00+00:00,7810.9795,4722.672,4574.563,4870.781
2026-02-26 11:00:00+00:00,8941.0,5537.0645,5388.9556,5685.1733
2026-02-26 12:00:00+00:00,8745.47,5621.9653,5473.8564,5770.074
2026-02-26 13:00:00+00:00,7639.82,4507.295,4359.186,4655.404
2026-02-26 14:00:00+00:00,5546.05,3080.1335,2932.0247,3228.2424
2026-02-26 15:00:00+00:00,2795.04,1226.898,1078.7891,1375.0068
2026-02-26 16:00:00+00:00,581.13,188.96825,40.85936,337.07712
2026-02-26 17:00:00+00:00,4.619978,22.153059,-125.955826,170.26195
2026-02-26 18:00:00+00:00,0.9700758,3.9764235,-144.13246,152.08531
2026-02-26 19:00:00+00:00,-1.6967233e-05,0.8810865,-147.2278,148.98997
2026-02-26 20:00:00+00:00,-1.6967233e-05,2.6651442,-145.44374,150.77403
2026-02-26 21:00:00+00:00,-1.6967233e-05,2.0854323,-146.02345,150.19432
2026-02-26 22:00:00+00:00,-1.6967233e-05,2.4172194,-145.69167,150.52611
2026-02-26 23:00:00+00:00,-1.6967233e-05,3.659651,-144.44923,151.76854
2026-02-27 00:00:00+00:00,-1.6967233e-05,2.4047682,-145.70412,150.51366
2026-02-27 01:00:00+00:00,-1.6967233e-05,2.0239089,-146.08498,150.1328
2026-02-27 02:00:00+00:00,-1.6967233e-05,8.060041,-140.04884,156.16893
2026-02-27 03:00:00+00:00,-1.6967233e-05,18.707502,-129.40138,166.81639
2026-02-27 04:00:00+00:00,-1.6967233e-05,18.112165,-129.99672,166.22105
2026-02-27 05:00:00+00:00,0.040022094,100.9232,-47.185684,249.03209
2026-02-27 06:00:00+00:00,252.88011,196.24242,48.13353,344.3513
2026-02-27 07:00:00+00:00,2216.19,1171.6461,1023.5373,1319.755
2026-02-27 08:00:00+00:00,5085.39,2839.125,2691.016,2987.234
2026-02-27 09:00:00+00:00,7692.91,4499.999,4351.89,4648.108
2026-02-27 10:00:00+00:00,9357.99,5563.949,5415.8403,5712.058
2026-02-27 11:00:00+00:00,9837.98,6088.358,5940.249,6236.467
2026-02-27 12:00:00+00:00,9410.71,6005.0776,5856.9688,6153.1865
2026-02-27 13:00:00+00:00,8202.88,4823.239,4675.13,4971.3477
2026-02-27 14:00:00+00:00,5901.62,3259.7039,3111.595,3407.8127
2026-02-27 15:00:00+00:00,2866.58,1344.963,1196.8541,1493.0719
2026-02-27 16:00:00+00:00,520.5801,300.77036,152.66148,448.87924
2026-02-27 17:00:00+00:00,2.7399733,19.206038,-128.90285,167.31493
2026-02-27 18:00:00+00:00,0.24009533,-3.06093,-151.16982,145.04796
2026-02-27 19:00:00+00:00,-1.6967233e-05,-3.3155687,-151.42445,144.7932
2026-02-27 20:00:00+00:00,-1.6967233e-05,0.31980726,-147.78908,148.4287
2026-02-27 21:00:00+00:00,-1.6967233e-05,-0.033830445,-148.14272,148.07506
2026-02-27 22:00:00+00:00,-1.6967233e-05,-0.033830445,-148.14272,148.07506
2026-02-27 23:00:00+00:00,-1.6967233e-05,0.07188245,-148.037,148.18077
2026-02-28 00:00:00+00:00,-1.6967233e-05,-1.0062425,-149.11513,147.10265
2026-02-28 01:00:00+00:00,-1.6967233e-05,0.11424085,-147.99464,148.22313
2026-02-28 02:00:00+00:00,-1.6967233e-05,-2.9085863,-151.01747,145.2003
2026-02-28 03:00:00+00:00,-1.6967233e-05,-1.2332933,-149.34218,146.8756
2026-02-28 04:00:00+00:00,-1.6967233e-05,32.905746,-115.20314,181.01463
2026-02-28 05:00:00+00:00,0.089948855,74.81737,-73.29152,222.92625
2026-02-28 06:00:00+00:00,230.93993,219.81712,71.70824,367.92587
2026-02-28 07:00:00+00:00,1470.54,1403.9907,1255.8818,1552.0996
2026-02-28 08:00:00+00:00,3102.66,2798.2612,2650.1523,2946.37
2026-02-28 09:00:00+00:00,4538.59,3802.3345,3654.2256,3950.4434
2026-02-28 10:00:00+00:00,5256.06,4546.4688,4398.36,4694.5776
2026-02-28 11:00:00+00:00,5517.29,5209.3438,5061.235,5357.4526
2026-02-28 12:00:00+00:00,5369.05,4994.0024,4845.8936,5142.1113
2026-02-28 13:00:00+00:00,4315.76,4020.124,3872.0151,4168.233
2026-02-28 14:00:00+00:00,2647.06,2556.0115,2407.9026,2704.1204
2026-02-28 15:00:00+00:00,1268.46,1192.8048,1044.6959,1340.9137
2026-02-28 16:00:00+00:00,284.27,305.41806,157.30919,453.52695
2026-02-28 17:00:00+00:00,4.3000317,41.674545,-106.43434,189.78331
2026-02-28 18:00:00+00:00,-1.6967233e-05,17.95201,-130.15688,166.0609
2026-02-28 19:00:00+00:00,-1.6967233e-05,11.322615,-136.78627,159.4315
2026-02-28 20:00:00+00:00,-1.6967233e-05,7.7681713,-140.34071,155.87706
2026-02-28 21:00:00+00:00,-1.6967233e-05,7.09947,-141.0093,155.20836
2026-02-28 22:00:00+00:00,-1.6967233e-05,6.2321606,-141.87672,154.34105
2026-02-28 23:00:00+00:00,-1.6967233e-05,4.4140453,-143.69472,152.52293
2026-03-01 00:00:00+00:00,-1.6967233e-05,4.8672924,-147.04921,156.78392
2026-03-01 01:00:00+00:00,-1.6967233e-05,-2.8280199,-154.74452,149.08849
2026-03-01 02:00:00+00:00,-1.6967233e-05,-2.0655687,-153.98207,149.85094
2026-03-01 03:00:00+00:00,-1.6967233e-05,27.064192,-124.85243,178.9807
2026-03-01 04:00:00+00:00,-1.6967233e-05,63.51793,-88.398575,215.43456
2026-03-01 05:00:00+00:00,0.009992799,48.850082,-103.06642,200.76659
2026-03-01 06:00:00+00:00,230.05003,196.60106,44.684555,348.51767
2026-03-01 07:00:00+00:00,1847.71,1472.0132,1320.0966,1623.9298
2026-03-01 08:00:00+00:00,4126.59,3563.3887,3411.472,3715.3052
2026-03-01 09:00:00+00:00,6357.08,5676.334,5524.417,5828.251
2026-03-01 10:00:00+00:00,8055.63,7123.4424,6971.526,7275.3594
2026-03-01 11:00:00+00:00,8310.61,8382.615,8230.698,8534.531
2026-03-01 12:00:00+00:00,7598.18,8490.089,8338.172,8642.005
2026-03-01 13:00:00+00:00,6489.36,7390.4106,7238.4937,7542.327
2026-03-01 14:00:00+00:00,4775.5605,5835.329,5683.412,5987.2456
2026-03-01 15:00:00+00:00,2580.18,3100.7886,2948.8718,3252.705
2026-03-01 16:00:00+00:00,579.89,618.1206,466.20395,770.03723
2026-03-01 17:00:00+00:00,8.450056,23.729475,-128.18715,175.64598
2026-03-01 18:00:00+00:00,-1.6967233e-05,4.684553,-147.23195,156.60106
2026-03-01 19:00:00+00:00,-1.6967233e-05,3.3376296,-148.579,155.25414
2026-03-01 20:00:00+00:00,-1.6967233e-05,3.3376296,-148.579,155.25414
2026-03-01 21:00:00+00:00,-1.6967233e-05,4.7582836,-147.15822,156.67479
2026-03-01 22:00:00+00:00,-1.6967233e-05,4.156233,-147.76027,156.07286
2026-03-01 23:00:00+00:00,-1.6967233e-05,5.694563,-146.22194,157.61107
2026-03-02 00:00:00+00:00,-1.6967233e-05,6.364485,-145.55202,158.28099
2026-03-02 01:00:00+00:00,-1.6967233e-05,8.980085,-142.93642,160.89659
2026-03-02 02:00:00+00:00,-1.6967233e-05,7.092634,-144.82399,159.00914
2026-03-02 03:00:00+00:00,-1.6967233e-05,7.092634,-144.82399,159.00914
2026-03-02 04:00:00+00:00,-1.6967233e-05,15.360212,-136.55629,167.27672
2026-03-02 05:00:00+00:00,0.060041625,82.13121,-69.78529,234.04771
2026-03-02 06:00:00+00:00,381.84995,212.38475,60.468124,364.30124
2026-03-02 07:00:00+00:00,2693.46,1536.746,1384.8293,1688.6626
2026-03-02 08:00:00+00:00,5844.51,3403.2996,3251.3828,3555.216
2026-03-02 09:00:00+00:00,8577.72,5264.9487,5113.032,5416.865
2026-03-02 10:00:00+00:00,8721.75,6404.7104,6252.794,6556.6274
2026-03-02 11:00:00+00:00,8865.779,6816.2534,6664.3364,6968.17
2026-03-02 12:00:00+00:00,9009.809,6997.183,6845.266,7149.0996
2026-03-02 13:00:00+00:00,9153.84,5909.92,5758.0034,6061.837
2026-03-02 14:00:00+00:00,6766.18,4398.456,4246.5396,4550.373
2026-03-02 15:00:00+00:00,3668.47,2140.8884,1988.9718,2292.805
2026-03-02 16:00:00+00:00,897.35,475.7064,323.78976,627.6229
2026-03-02 17:00:00+00:00,11.540144,43.173325,-108.74318,195.08995
2026-03-02 18:00:00+00:00,-1.6967233e-05,14.454451,-137.46205,166.37108
2026-03-02 19:00:00+00:00,-1.6967233e-05,10.019392,-141.89711,161.93602
2026-03-02 20:00:00+00:00,-1.6967233e-05,6.045271,-145.87135,157.96178
2026-03-02 21:00:00+00:00,-1.6967233e-05,3.084944,-148.83156,155.00145
2026-03-02 22:00:00+00:00,-1.6967233e-05,3.084944,-148.83156,155.00145
2026-03-02 23:00:00+00:00,-1.6967233e-05,3.7851393,-148.13136,155.70164
2026-03-03 00:00:00+00:00,-1.6967233e-05,5.2994213,-146.61708,157.21605
2026-03-03 01:00:00+00:00,-1.6967233e-05,5.2994213,-146.61708,157.21605
2026-03-03 02:00:00+00:00,-1.6967233e-05,5.2994213,-146.61708,157.21605
2026-03-03 03:00:00+00:00,-1.6967233e-05,6.684431,-145.23207,158.60094
2026-03-03 04:00:00+00:00,-1.6967233e-05,16.387678,-135.52882,168.3043
2026-03-03 05:00:00+00:00,0.060041625,80.135605,-71.7809,232.05211
2026-03-03 06:00:00+00:00,317.27,269.21347,117.29698,421.1301
2026-03-03 07:00:00+00:00,2415.39,1844.0314,1692.1147,1995.9479
2026-03-03 08:00:00+00:00,5242.94,4041.1052,3889.1887,4193.022
2026-03-03 09:00:00+00:00,7763.2803,6018.129,5866.2124,6170.0454
2026-03-03 10:00:00+00:00,9513.3,7192.368,7040.4517,7344.285
2026-03-03 11:00:00+00:00,9686.705,7991.3057,7839.389,8143.2227
2026-03-03 12:00:00+00:00,9860.11,8094.174,7942.2573,8246.09
2026-03-03 13:00:00+00:00,8406.389,6994.218,6842.301,7146.1343
2026-03-03 14:00:00+00:00,6112.97,5117.7207,4965.804,5269.6377
2026-03-03 15:00:00+00:00,3241.84,2729.2974,2577.3809,2881.2139
2026-03-03 16:00:00+00:00,827.22,543.4064,391.48972,695.323
2026-03-03 17:00:00+00:00,11.649885,16.741682,-135.17482,168.65819
2026-03-03 18:00:00+00:00,0.020002564,14.215437,-137.70107,166.13194
2026-03-03 19:00:00+00:00,-1.6967233e-05,10.777327,-141.13918,162.69383
2026-03-03 20:00:00+00:00,-1.6967233e-05,8.928694,-142.98781,160.84532
2026-03-03 21:00:00+00:00,-1.6967233e-05,4.9094067,-147.0071,156.82591
2026-03-03 22:00:00+00:00,-1.6967233e-05,3.1774733,-148.73903,155.09398
2026-03-03 23:00:00+00:00,-1.6967233e-05,3.4567702,-148.45985,155.37328
2026-03-04 00:00:00+00:00,-1.6967233e-05,4.912092,-147.00441,156.8286
2026-03-04 01:00:00+00:00,-1.6967233e-05,5.3329906,-146.58351,157.24962
2026-03-04 02:00:00+00:00,-1.6967233e-05,5.960066,-145.95644,157.8767
2026-03-04 03:00:00+00:00,-1.6967233e-05,5.749983,-146.16652,157.66661
2026-03-04 04:00:00+00:00,-1.6967233e-05,9.5128,-142.4037,161.4293
2026-03-04 05:00:00+00:00,0.12998791,54.665512,-97.25099,206.58202
2026-03-04 06:00:00+00:00,335.20993,332.09067,180.17418,484.00717
2026-03-04 07:00:00+00:00,2340.43,1702.8419,1550.9253,1854.7584
2026-03-04 08:00:00+00:00,5104.58,3453.5505,3301.634,3605.467
2026-03-04 09:00:00+00:00,7673.48,5081.2393,4929.3228,5233.1562
2026-03-04 10:00:00+00:00,9504.85,6318.9414,6167.0244,6470.858
2026-03-04 11:00:00+00:00,9388.33,6789.41,6637.493,6941.3267
2026-03-04 12:00:00+00:00,9271.809,7069.758,6917.8413,7221.675
2026-03-04 13:00:00+00:00,9155.289,6596.1567,6444.24,6748.073
2026-03-04 14:00:00+00:00,6695.07,4985.7812,4833.8647,5137.6978
2026-03-04 15:00:00+00:00,3560.6,2967.708,2815.7915,3119.6248
2026-03-04 16:00:00+00:00,887.36,744.17755,592.261,896.0942
2026-03-04 17:00:00+00:00,13.989851,27.491072,-124.42543,179.40758
2026-03-04 18:00:00+00:00,0.060041625,11.525862,-140.39064,163.44249
2026-03-04 19:00:00+00:00,-1.6967233e-05,8.904646,-143.01186,160.82115
2026-03-04 20:00:00+00:00,-1.6967233e-05,5.3062572,-146.61024,157.22276
2026-03-04 21:00:00+00:00,-1.6967233e-05,3.8187087,-148.0978,155.73521
2026-03-04 22:00:00+00:00,-1.6967233e-05,3.8187087,-148.0978,155.73521
2026-03-04 23:00:00+00:00,-1.6967233e-05,3.8187087,-148.0978,155.73521
2026-03-05 00:00:00+00:00,-1.6967233e-05,5.998396,-145.9181,157.9149
2026-03-05 01:00:00+00:00,-1.6967233e-05,5.998396,-145.9181,157.9149
2026-03-05 02:00:00+00:00,-1.6967233e-05,5.998396,-145.9181,157.9149
2026-03-05 03:00:00+00:00,-1.6967233e-05,6.625471,-145.29103,158.54198
2026-03-05 04:00:00+00:00,-1.6967233e-05,13.870344,-138.04628,165.78685
2026-03-05 05:00:00+00:00,0.92002696,78.53905,-73.37758,230.45555
2026-03-05 06:00:00+00:00,469.47995,495.2972,343.38058,647.21375
2026-03-05 07:00:00+00:00,2721.77,2574.5938,2422.6772,2726.5105
2026-03-05 08:00:00+00:00,5751.8506,5236.3867,5084.4697,5388.303
2026-03-05 09:00:00+00:00,8551.64,7479.3564,7327.44,7631.2734
2026-03-05 10:00:00+00:00,8837.809,9056.893,8904.976,9208.809
2026-03-05 11:00:00+00:00,9123.98,9460.405,9308.488,9612.322
2026-03-05 12:00:00+00:00,9410.149,9201.628,9049.711,9353.544
2026-03-05 13:00:00+00:00,9696.32,8576.0205,8424.104,8727.937
2026-03-05 14:00:00+00:00,7040.75,6881.0015,6729.085,7032.918
2026-03-05 15:00:00+00:00,3772.79,4249.3633,4097.447,4401.28
2026-03-05 16:00:00+00:00,929.25,1624.0238,1472.1072,1775.9403
2026-03-05 17:00:00+00:00,20.670027,-23.612566,-175.52919,128.30394
2026-03-05 18:00:00+00:00,0.2900221,-4.7645435,-156.68105,147.15196
2026-03-05 19:00:00+00:00,-1.6967233e-05,2.1668532,-149.74977,154.08336
2026-03-05 20:00:00+00:00,-1.6967233e-05,2.8971999,-149.0193,154.81383
2026-03-05 21:00:00+00:00,-1.6967233e-05,2.8971999,-149.0193,154.81383
2026-03-05 22:00:00+00:00,-1.6967233e-05,5.9972973,-145.9192,157.9138
2026-03-05 23:00:00+00:00,-1.6967233e-05,3.9031813,-148.01332,155.81969
2026-03-06 00:00:00+00:00,-1.6967233e-05,9.7451,-142.1714,161.6616
2026-03-06 01:00:00+00:00,-1.6967233e-05,0.044660766,-151.87196,151.96117
2026-03-06 02:00:00+00:00,-1.6967233e-05,-9.945208,-161.86171,141.9713
2026-03-06 03:00:00+00:00,-1.6967233e-05,27.969343,-123.94716,179.88597
2026-03-06 04:00:00+00:00,-1.6967233e-05,48.10582,-103.810684,200.02232
2026-03-06 05:00:00+00:00,1.5600417,67.655624,-84.26088,219.57213
2026-03-06 06:00:00+00:00,537.2101,482.86484,330.9482,634.7815
2026-03-06 07:00:00+00:00,2604.57,2117.7122,1965.7955,2269.6287
2026-03-06 08:00:00+00:00,5523.7,4532.0127,4380.0957,4683.929
2026-03-06 09:00:00+00:00,8040.03,7110.081,6958.164,7261.9976
2026-03-06 10:00:00+00:00,9622.77,8938.354,8786.437,9090.2705
2026-03-06 11:00:00+00:00,9586.975,9262.334,9110.418,9414.251
2026-03-06 12:00:00+00:00,9551.18,9058.429,8906.513,9210.346
2026-03-06 13:00:00+00:00,7903.22,8024.7456,7872.829,8176.662
2026-03-06 14:00:00+00:00,5406.71,6036.299,5884.382,6188.2153
2026-03-06 15:00:00+00:00,2598.83,3318.2834,3166.367,3470.2
2026-03-06 16:00:00+00:00,618.14,608.989,457.07248,760.9056
2026-03-06 17:00:00+00:00,14.099958,-22.096819,-174.01344,129.81969
2026-03-06 18:00:00+00:00,0.3200514,7.2234936,-144.69301,159.14012
2026-03-06 19:00:00+00:00,-1.6967233e-05,9.424543,-142.49196,161.34105
2026-03-06 20:00:00+00:00,-1.6967233e-05,7.35655,-144.55995,159.27306
2026-03-06 21:00:00+00:00,-1.6967233e-05,8.024031,-143.8926,159.94054
2026-03-06 22:00:00+00:00,-1.6967233e-05,10.329939,-141.58656,162.24644
2026-03-06 23:00:00+00:00,-1.6967233e-05,2.8060133,-149.11049,154.72252
2026-03-07 00:00:00+00:00,-1.6967233e-05,-11.534685,-163.45119,140.38182
2026-03-07 01:00:00+00:00,-1.6967233e-05,-31.612444,-183.52895,120.30406
2026-03-07 02:00:00+00:00,-1.6967233e-05,44.744858,-107.171646,196.66148
2026-03-07 03:00:00+00:00,-1.6967233e-05,15.841291,-136.07521,167.75792
2026-03-07 04:00:00+00:00,-1.6967233e-05,24.009748,-127.90675,175.92638
2026-03-07 05:00:00+00:00,1.9598219,96.58226,-55.334366,248.49876
2026-03-07 06:00:00+00:00,496.35995,421.81625,269.89963,573.7328
2026-03-07 07:00:00+00:00,2618.63,2493.04,2341.1233,2644.9565
2026-03-07 08:00:00+00:00,5535.86,4988.0654,4836.149,5139.982
2026-03-07 09:00:00+00:00,8232.71,7277.9165,7126.0,7429.8335
2026-03-07 10:00:00+00:00,9974.17,9049.878,8897.961,9201.795
2026-03-07 11:00:00+00:00,9920.16,9420.535,9268.619,9572.452
2026-03-07 12:00:00+00:00,9866.15,8982.449,8830.532,9134.366
2026-03-07 13:00:00+00:00,8157.4106,7724.105,7572.1885,7876.022
2026-03-07 14:00:00+00:00,5614.49,5753.9634,5602.047,5905.8804
2026-03-07 15:00:00+00:00,2841.43,3023.6023,2871.6858,3175.519
2026-03-07 16:00:00+00:00,821.16,523.1304,371.2137,675.0469
2026-03-07 17:00:00+00:00,24.180037,0.0015699469,-151.91493,151.91808
2026-03-07 18:00:00+00:00,1.3899977,-38.335587,-190.25221,113.58092
2026-03-07 19:00:00+00:00,-1.6967233e-05,3.1921217,-148.72438,155.10863
2026-03-07 20:00:00+00:00,-1.6967233e-05,4.233137,-147.68336,156.14977
2026-03-07 21:00:00+00:00,-1.6967233e-05,2.9810622,-148.93544,154.89757
2026-03-07 22:00:00+00:00,-1.6967233e-05,6.5391674,-145.37746,158.45567
2026-03-07 23:00:00+00:00,-1.6967233e-05,8.720564,-143.19594,160.63707
2026-03-08 00:00:00+00:00,-1.6967233e-05,6.288191,-145.6288,158.20518
2026-03-08 01:00:00+00:00,-1.6967233e-05,13.705549,-138.21144,165.62267
2026-03-08 02:00:00+00:00,-1.6967233e-05,25.244123,-126.67287,177.16112
2026-03-08 03:00:00+00:00,-1.6967233e-05,27.4503,-124.46669,179.3673
2026-03-08 04:00:00+00:00,-1.6967233e-05,65.1942,-86.722916,217.11119
2026-03-08 05:00:00+00:00,2.7000563,110.65636,-41.260635,262.57346
2026-03-08 06:00:00+00:00,597.66003,603.1813,451.26425,755.09827
2026-03-08 07:00:00+00:00,2690.38,2449.7837,2297.8667,2601.7007
2026-03-08 08:00:00+00:00,5820.87,5074.3174,4922.4004,5226.2344
2026-03-08 09:00:00+00:00,8566.38,7552.335,7400.418,7704.2524
2026-03-08 10:00:00+00:00,8602.497,9184.246,9032.329,9336.163
2026-03-08 11:00:00+00:00,8638.615,9553.189,9401.272,9705.106
2026-03-08 12:00:00+00:00,8674.732,9341.088,9189.171,9493.005
2026-03-08 13:00:00+00:00,8710.849,8482.966,8331.049,8634.883
2026-03-08 14:00:00+00:00,6540.82,6491.233,6339.316,6643.15
2026-03-08 15:00:00+00:00,3641.7,3585.4211,3433.5042,3737.3381
2026-03-08 16:00:00+00:00,1045.41,1007.49976,855.58276,1159.4167
2026-03-08 17:00:00+00:00,30.999983,24.819319,-127.09767,176.73643
2026-03-08 18:00:00+00:00,-1.6967233e-05,-6.8257008,-158.74269,145.0913
2026-03-08 19:00:00+00:00,-1.6967233e-05,9.165632,-142.75136,161.08263
2026-03-08 20:00:00+00:00,-1.6967233e-05,2.7554762,-149.16164,154.67247
2026-03-08 21:00:00+00:00,-1.6967233e-05,2.8389723,-149.07802,154.75597
2026-03-08 22:00:00+00:00,-1.6967233e-05,2.8389723,-149.07802,154.75597
2026-03-08 23:00:00+00:00,-1.6967233e-05,2.8389723,-149.07802,154.75597
2026-03-09 00:00:00+00:00,-1.6967233e-05,5.1716137,-146.74538,157.08873
2026-03-09 01:00:00+00:00,-1.6967233e-05,4.2357006,-147.68129,156.1527
2026-03-09 02:00:00+00:00,-1.6967233e-05,18.746931,-133.17006,170.66393
2026-03-09 03:00:00+00:00,-1.6967233e-05,20.856306,-131.06068,172.7733
2026-03-09 04:00:00+00:00,-1.6967233e-05,43.19371,-108.72328,195.1107
2026-03-09 05:00:00+00:00,1.5200026,94.93004,-56.987076,246.84703
2026-03-09 06:00:00+00:00,576.4,684.5513,532.6343,836.46826
2026-03-09 07:00:00+00:00,2763.82,2447.6855,2295.7686,2599.6025
2026-03-09 08:00:00+00:00,5714.42,5103.1123,4951.1953,5255.0293
2026-03-09 09:00:00+00:00,8489.509,7684.718,7532.8003,7836.635
2026-03-09 10:00:00+00:00,8428.1,9482.394,9330.477,9634.311
2026-03-09 11:00:00+00:00,8366.689,9644.599,9492.682,9796.516
2026-03-09 12:00:00+00:00,8305.28,9595.369,9443.452,9747.287
2026-03-09 13:00:00+00:00,8243.87,8322.601,8170.6836,8474.517
2026-03-09 14:00:00+00:00,5667.04,5853.898,5701.981,6005.815
2026-03-09 15:00:00+00:00,2958.87,3044.9966,2893.0793,3196.9136
2026-03-09 16:00:00+00:00,833.86,528.4563,376.53928,680.3733
2026-03-09 17:00:00+00:00,33.91014,20.350447,-131.56654,172.26744
2026-03-09 18:00:00+00:00,3.839949,4.000471,-147.91664,155.91747
2026-03-09 19:00:00+00:00,-1.6967233e-05,6.9227123,-144.99428,158.8397
2026-03-09 20:00:00+00:00,-1.6967233e-05,3.5561354,-148.36086,155.47313
2026-03-09 21:00:00+00:00,-1.6967233e-05,2.6447585,-149.27223,154.56175
2026-03-09 22:00:00+00:00,-1.6967233e-05,3.7613356,-148.15565,155.67833
2026-03-09 23:00:00+00:00,-1.6967233e-05,3.7613356,-148.15565,155.67833
2026-03-10 00:00:00+00:00,-1.6967233e-05,4.050398,-147.8666,155.96739
2026-03-10 01:00:00+00:00,-1.6967233e-05,2.8812087,-149.03578,154.7982
2026-03-10 02:00:00+00:00,-1.6967233e-05,4.901594,-147.01552,156.81859
2026-03-10 03:00:00+00:00,-1.6967233e-05,1.7646315,-150.15236,153.68163
2026-03-10 04:00:00+00:00,-1.6967233e-05,3.4593337,-148.45766,155.37645
2026-03-10 05:00:00+00:00,2.5700514,24.437727,-127.479385,176.35472
2026-03-10 06:00:00+00:00,682.8,530.6222,378.70517,682.53925
2026-03-10 07:00:00+00:00,2755.24,1917.0199,1765.1029,2068.9368
2026-03-10 08:00:00+00:00,5105.7603,4070.4358,3918.5188,4222.353
2026-03-10 09:00:00+00:00,7202.16,6165.0723,6013.1553,6316.9893
2026-03-10 10:00:00+00:00,8449.37,7906.6016,7754.684,8058.519
2026-03-10 11:00:00+00:00,8526.91,8745.408,8593.491,8897.324
2026-03-10 12:00:00+00:00,7608.69,8592.339,8440.422,8744.256
2026-03-10 13:00:00+00:00,6145.41,7840.4595,7688.542,7992.377
2026-03-10 14:00:00+00:00,4280.44,5698.167,5546.25,5850.084
2026-03-10 15:00:00+00:00,2176.2,3360.2156,3208.2983,3512.1326
2026-03-10 16:00:00+00:00,612.49,1015.80914,863.8921,1167.7261
2026-03-10 17:00:00+00:00,34.019882,-6.8683033,-158.7853,145.04869
2026-03-10 18:00:00+00:00,-1.6967233e-05,5.2595043,-146.65761,157.1765
2026-03-10 19:00:00+00:00,-1.6967233e-05,11.014875,-140.90224,162.93187
2026-03-10 20:00:00+00:00,-1.6967233e-05,6.3054028,-145.61159,158.2224
2026-03-10 21:00:00+00:00,-1.6967233e-05,3.8112624,-148.10573,155.72826
2026-03-10 22:00:00+00:00,-1.6967233e-05,2.8998854,-149.0171,154.81688
2026-03-10 23:00:00+00:00,-1.6967233e-05,0.9996168,-150.91737,152.91661
2026-03-11 00:00:00+00:00,-1.6967233e-05,4.635359,-147.28163,156.55235
2026-03-11 01:00:00+00:00,-1.6967233e-05,16.282698,-135.6343,168.19981
2026-03-11 02:00:00+00:00,-1.6967233e-05,24.256086,-127.660904,176.17308
2026-03-11 03:00:00+00:00,-1.6967233e-05,30.124617,-121.79237,182.04161
2026-03-11 04:00:00+00:00,-1.6967233e-05,62.005356,-89.91164,213.92235
2026-03-11 05:00:00+00:00,2.7000563,131.27086,-20.646257,283.18784
2026-03-11 06:00:00+00:00,363.3099,595.402,443.48495,747.319
2026-03-11 07:00:00+00:00,1374.92,1651.923,1500.006,1803.84
2026-03-11 08:00:00+00:00,2476.74,2532.2656,2380.3486,2684.1826
2026-03-11 09:00:00+00:00,3113.6,3470.7075,3318.7905,3622.6245
2026-03-11 10:00:00+00:00,3649.3,3759.7507,3607.8337,3911.6677
2026-03-11 11:00:00+00:00,3509.92,3720.0752,3568.1582,3871.9922
2026-03-11 12:00:00+00:00,3041.12,3011.9202,2860.0032,3163.8372
2026-03-11 13:00:00+00:00,2647.53,2199.9001,2047.9832,2351.8171
2026-03-11 14:00:00+00:00,1843.81,1555.7394,1403.8224,1707.6565
2026-03-11 15:00:00+00:00,961.78,783.75287,631.8358,935.66986
2026-03-11 16:00:00+00:00,312.32004,246.1605,94.243515,398.07748
2026-03-11 17:00:00+00:00,28.1201,35.996933,-115.92006,187.91393
2026-03-11 18:00:00+00:00,0.009992799,17.231306,-134.68568,169.1483
2026-03-11 19:00:00+00:00,-1.6967233e-05,15.5128,-136.40431,167.4298
2026-03-11 20:00:00+00:00,-1.6967233e-05,14.468,-137.44899,166.385
2026-03-11 21:00:00+00:00,-1.6967233e-05,16.105818,-135.81117,168.02281
2026-03-11 22:00:00+00:00,-1.6967233e-05,14.878889,-137.0381,166.79588
2026-03-11 23:00:00+00:00,-1.6967233e-05,14.878889,-137.0381,166.79588
2026-03-12 00:00:00+00:00,-1.6967233e-05,20.915998,-131.00099,172.83311
2026-03-12 01:00:00+00:00,-1.6967233e-05,19.746809,-132.17018,171.6638
2026-03-12 02:00:00+00:00,-1.6967233e-05,18.796858,-133.12013,170.71385
2026-03-12 03:00:00+00:00,-1.6967233e-05,16.410994,-135.506,168.32799
2026-03-12 04:00:00+00:00,-1.6967233e-05,56.82982,-95.08717,208.74681
2026-03-12 05:00:00+00:00,6.530012,114.51329,-37.403824,266.43027
2026-03-12 06:00:00+00:00,599.87,637.27686,485.35983,789.1939
2026-03-12 07:00:00+00:00,2332.68,2002.0356,1850.1187,2153.9526
2026-03-12 08:00:00+00:00,4629.43,4047.8547,3895.9375,4199.772
2026-03-12 09:00:00+00:00,6965.26,5974.1016,5822.1846,6126.0186
2026-03-12 10:00:00+00:00,8315.79,7190.5938,7038.6763,7342.511
2026-03-12 11:00:00+00:00,7894.94,7872.904,7720.987,8024.8213
2026-03-12 12:00:00+00:00,7650.0396,7925.898,7773.9814,8077.815
2026-03-12 13:00:00+00:00,7401.2,7172.492,7020.5757,7324.409
2026-03-12 14:00:00+00:00,5950.81,5665.162,5513.245,5817.079
2026-03-12 15:00:00+00:00,3560.56,3260.2761,3108.3591,3412.193
2026-03-12 16:00:00+00:00,1220.72,804.0386,652.1216,955.95557
2026-03-12 17:00:00+00:00,61.40001,32.89647,-119.02052,184.81346
2026-03-12 18:00:00+00:00,-1.6967233e-05,-4.302019,-156.21901,147.61497
2026-03-12 19:00:00+00:00,-1.6967233e-05,9.119001,-142.79811,161.036
2026-03-12 20:00:00+00:00,-1.6967233e-05,4.3571606,-147.55983,156.27428
2026-03-12 21:00:00+00:00,-1.6967233e-05,2.5893385,-149.32765,154.50633
2026-03-12 22:00:00+00:00,-1.6967233e-05,4.7392406,-147.17775,156.65623
2026-03-12 23:00:00+00:00,-1.6967233e-05,4.8362865,-147.0807,156.75328
2026-03-13 00:00:00+00:00,-1.6967233e-05,2.1728346,-149.74428,154.08983
2026-03-13 01:00:00+00:00,-1.6967233e-05,4.8209057,-147.0962,156.7379
2026-03-13 02:00:00+00:00,-1.6967233e-05,19.332014,-132.58498,171.24913
2026-03-13 03:00:00+00:00,-1.6967233e-05,22.938581,-128.97841,174.8557
2026-03-13 04:00:00+00:00,-1.6967233e-05,66.55626,-85.36073,218.47325
2026-03-13 05:00:00+00:00,15.849958,124.668686,-27.248308,276.58566
2026-03-13 06:00:00+00:00,612.94006,761.87305,609.95605,913.79004
2026-03-13 07:00:00+00:00,2368.37,2125.0002,1973.0831,2276.9172
2026-03-13 08:00:00+00:00,3709.48,3878.4304,3726.5134,4030.3474
2026-03-13 09:00:00+00:00,4188.57,5587.271,5435.354,5739.188
2026-03-13 10:00:00+00:00,4343.83,6416.5386,6264.6216,6568.4556
2026-03-13 11:00:00+00:00,4103.56,6130.4336,5978.5166,6282.3506
2026-03-13 12:00:00+00:00,1210.4718,5135.7417,4983.8247,5287.6587
2026-03-13 13:00:00+00:00,1210.4718,3868.6401,3716.7234,4020.5571
2026-03-13 14:00:00+00:00,1210.4718,2422.4773,2270.5603,2574.3943
2026-03-13 15:00:00+00:00,1210.4718,1185.9131,1033.9961,1337.8301
2026-03-13 16:00:00+00:00,1210.4718,376.04745,224.13048,527.9645
2026-03-13 17:00:00+00:00,1210.4718,-6.940447,-158.85744,144.97655
2026-03-13 18:00:00+00:00,1210.4718,-13.1533375,-165.07033,138.76366
2026-03-13 19:00:00+00:00,1210.4718,-1.1795824,-153.09657,150.73741
2026-03-13 20:00:00+00:00,1210.4718,0.16697522,-151.75014,152.08397
2026-03-13 21:00:00+00:00,1210.4718,0.16697522,-151.75014,152.08397
2026-03-13 22:00:00+00:00,1210.4718,0.16697522,-151.75014,152.08397
2026-03-13 23:00:00+00:00,1210.4718,-0.35646227,-152.27345,151.56053
2026-03-14 00:00:00+00:00,1210.4718,-0.5637377,-152.48073,151.35326
2026-03-14 01:00:00+00:00,1210.4718,4.990217,-146.92677,156.90733
2026-03-14 02:00:00+00:00,1210.4718,4.3082104,-147.60878,156.2252
2026-03-14 03:00:00+00:00,1210.4718,-7.1981373,-159.11513,144.71886
2026-03-14 04:00:00+00:00,1210.4718,-8.791399,-160.70839,143.1256
2026-03-14 05:00:00+00:00,1210.4718,2.7920973,-149.1249,154.70909
2026-03-14 06:00:00+00:00,1210.4718,258.80856,106.89159,410.72568
2026-03-14 07:00:00+00:00,1210.4718,1115.766,963.84906,1267.6831
2026-03-14 08:00:00+00:00,1210.4718,2030.1882,1878.2712,2182.1052
2026-03-14 09:00:00+00:00,1210.4718,3061.0654,2909.1484,3212.9824
2026-03-14 10:00:00+00:00,1210.4718,3667.816,3515.899,3819.733
2026-03-14 11:00:00+00:00,1210.4718,4225.5454,4073.6284,4377.463
2026-03-14 12:00:00+00:00,1210.4718,4086.6619,3934.7449,4238.579
2026-03-14 13:00:00+00:00,1210.4718,3631.54,3479.623,3783.4568
2026-03-14 14:00:00+00:00,1210.4718,2601.6177,2449.7007,2753.5347
2026-03-14 15:00:00+00:00,1210.4718,1171.8192,1019.9023,1323.7362
2026-03-14 16:00:00+00:00,1210.4718,362.44003,210.52306,514.35706
2026-03-14 17:00:00+00:00,1210.4718,-5.2387867,-157.15578,146.6782
2026-03-14 18:00:00+00:00,1210.4718,-0.18971424,-152.1067,151.72728
2026-03-14 19:00:00+00:00,1210.4718,0.7397291,-151.17726,152.65672
2026-03-14 20:00:00+00:00,1210.4718,6.7527905,-145.1642,158.66978
2026-03-14 21:00:00+00:00,1210.4718,2.801741,-149.11525,154.71873
2026-03-14 22:00:00+00:00,1210.4718,1.4111159,-150.50587,153.32811
2026-03-14 23:00:00+00:00,1210.4718,0.14927502,-151.76772,152.06627
2026-03-15 00:00:00+00:00,1210.4718,1171.6815,1021.3812,1321.9819
2026-03-15 01:00:00+00:00,1210.4718,812.8411,662.5408,963.14154
2026-03-15 02:00:00+00:00,1210.4718,426.70297,276.40256,577.0034
2026-03-15 03:00:00+00:00,1210.4718,70.19005,-80.11037,220.49046
2026-03-15 04:00:00+00:00,1210.4718,23.435652,-126.86476,173.73607
2026-03-15 05:00:00+00:00,1210.4718,96.09105,-54.209366,246.39134
2026-03-15 06:00:00+00:00,1210.4718,559.126,408.82553,709.42633
2026-03-15 07:00:00+00:00,1210.4718,1856.8617,1706.5613,2007.1621
2026-03-15 08:00:00+00:00,1210.4718,3361.1292,3210.8286,3511.4294
2026-03-15 09:00:00+00:00,1210.4718,5085.5093,4935.209,5235.8096
2026-03-15 10:00:00+00:00,1210.4718,6005.4966,5855.1963,6155.7974
2026-03-15 11:00:00+00:00,1210.4718,6360.336,6210.0356,6510.636
2026-03-15 12:00:00+00:00,1210.4718,6242.1045,6091.804,6392.405
2026-03-15 13:00:00+00:00,1210.4718,5441.421,5291.1206,5591.721
2026-03-15 14:00:00+00:00,1210.4718,4421.643,4271.3423,4571.9434
2026-03-15 15:00:00+00:00,1210.4718,2602.8586,2452.5583,2753.1592
2026-03-15 16:00:00+00:00,1210.4718,1025.3079,875.00745,1175.6082
2026-03-15 17:00:00+00:00,1210.4718,59.738632,-90.56166,210.03905
2026-03-15 18:00:00+00:00,1210.4718,4.3643627,-145.93605,154.66466
2026-03-15 19:00:00+00:00,1210.4718,3.8930495,-146.40724,154.19347
2026-03-15 20:00:00+00:00,1210.4718,3.7813551,-146.51906,154.08177
2026-03-15 21:00:00+00:00,1210.4718,3.9419997,-146.35841,154.2423
2026-03-15 22:00:00+00:00,1210.4718,2.66844,-147.63197,152.96886
2026-03-15 23:00:00+00:00,1210.4718,3.9966872,-146.30373,154.29698
2026-03-16 00:00:00+00:00,1210.4718,0.056135375,-150.24428,150.35655
2026-03-16 01:00:00+00:00,1210.4718,-3.514055,-153.81447,146.78636
2026-03-16 02:00:00+00:00,1210.4718,0.37205335,-149.92824,150.67247
2026-03-16 03:00:00+00:00,1210.4718,2.2652419,-148.03505,152.56566
2026-03-16 04:00:00+00:00,1210.4718,4.5910473,-145.70937,154.89146
2026-03-16 05:00:00+00:00,1210.4718,6.748396,-143.55202,157.04881
2026-03-16 06:00:00+00:00,1210.4718,342.6683,192.3679,492.96872
2026-03-16 07:00:00+00:00,1210.4718,1203.2885,1052.988,1353.5889
2026-03-16 08:00:00+00:00,1210.4718,2528.1035,2377.8032,2678.404
2026-03-16 09:00:00+00:00,1210.4718,3716.063,3565.7627,3866.3633
2026-03-16 10:00:00+00:00,1210.4718,4345.4355,4195.1353,4495.736
2026-03-16 11:00:00+00:00,1210.4718,4456.001,4305.7007,4606.302
2026-03-16 12:00:00+00:00,1210.4718,4544.9355,4394.6353,4695.236
2026-03-16 13:00:00+00:00,1210.4718,3980.1877,3829.8872,4130.4883
2026-03-16 14:00:00+00:00,1210.4718,2844.63,2694.3296,2994.9302
2026-03-16 15:00:00+00:00,1210.4718,1521.9453,1371.6449,1672.2457
2026-03-16 16:00:00+00:00,1210.4718,754.0399,603.7395,904.34033
2026-03-16 17:00:00+00:00,1210.4718,81.69078,-68.609634,231.99107
2026-03-16 18:00:00+00:00,1210.4718,9.110945,-141.18947,159.41136
2026-03-16 19:00:00+00:00,1210.4718,5.6852856,-144.61513,155.9857
2026-03-16 20:00:00+00:00,1210.4718,2.763777,-147.53664,153.0642
2026-03-16 21:00:00+00:00,1210.4718,3.2040846,-147.09633,153.5045
2026-03-16 22:00:00+00:00,1210.4718,1.8858473,-148.41457,152.18626
2026-03-16 23:00:00+00:00,1210.4718,4.1244946,-146.17592,154.42479
2026-03-17 00:00:00+00:00,1210.4718,3.0308669,-147.26955,153.33128
2026-03-17 01:00:00+00:00,1210.4718,3.0308669,-147.26955,153.33128
2026-03-17 02:00:00+00:00,1210.4718,2.1652663,-148.13515,152.46556
2026-03-17 03:00:00+00:00,1210.4718,4.618635,-145.68178,154.91905
2026-03-17 04:00:00+00:00,1210.4718,4.8173656,-145.48305,155.11778
2026-03-17 05:00:00+00:00,1210.4718,14.313093,-135.98732,164.61351
2026-03-17 06:00:00+00:00,1210.4718,447.47787,297.17734,597.7783
2026-03-17 07:00:00+00:00,1210.4718,1603.3491,1453.0487,1753.6494
2026-03-17 08:00:00+00:00,1210.4718,3000.8247,2850.5242,3151.125
2026-03-17 09:00:00+00:00,1210.4718,4146.72,3996.42,4297.0205
2026-03-17 10:00:00+00:00,1210.4718,4731.2505,4580.95,4881.551
2026-03-17 11:00:00+00:00,1210.4718,5004.6665,4854.366,5154.967
2026-03-17 12:00:00+00:00,1210.4718,4601.2437,4450.9434,4751.544
2026-03-17 13:00:00+00:00,1210.4718,3816.9792,3666.679,3967.2798
2026-03-17 14:00:00+00:00,1210.4718,2522.3345,2372.0342,2672.635
2026-03-17 15:00:00+00:00,1210.4718,1340.1874,1189.887,1490.4878
2026-03-17 16:00:00+00:00,1210.4718,595.2833,444.98288,745.5837
2026-03-17 17:00:00+00:00,1210.4718,36.106552,-114.19386,186.40685
2026-03-17 18:00:00+00:00,1210.4718,8.13365,-142.16676,158.43407
2026-03-17 19:00:00+00:00,1210.4718,5.3257885,-144.97462,155.6262
2026-03-17 20:00:00+00:00,1210.4718,3.8719313,-146.42836,154.17235
2026-03-17 21:00:00+00:00,1210.4718,3.0063307,-147.29408,153.30675
2026-03-17 22:00:00+00:00,1210.4718,4.059309,-146.24098,154.35973
2026-03-17 23:00:00+00:00,1210.4718,3.6514723,-146.64894,153.95189
2026-03-18 00:00:00+00:00,1210.4718,3.9966872,-146.30373,154.29698
2026-03-18 01:00:00+00:00,1210.4718,3.9966872,-146.30373,154.29698
2026-03-18 02:00:00+00:00,1210.4718,5.19969,-145.10072,155.5001
2026-03-18 03:00:00+00:00,1210.4718,3.949324,-146.35109,154.24974
2026-03-18 04:00:00+00:00,1210.4718,4.0027905,-146.29762,154.3032
2026-03-18 05:00:00+00:00,1210.4718,41.303696,-108.99672,191.60411
2026-03-18 06:00:00+00:00,1210.4718,809.51215,659.2118,959.81256
2026-03-18 07:00:00+00:00,1210.4718,2863.6455,2713.3452,3013.9458
2026-03-18 08:00:00+00:00,1210.4718,5482.835,5332.534,5633.1353
2026-03-18 09:00:00+00:00,1210.4718,7726.6343,7576.334,7876.9346
2026-03-18 10:00:00+00:00,1210.4718,9262.261,9111.96,9412.562
2026-03-18 11:00:00+00:00,1210.4718,9424.618,9274.317,9574.918
2026-03-18 12:00:00+00:00,1210.4718,9475.314,9325.014,9625.614
2026-03-18 13:00:00+00:00,1210.4718,9176.756,9026.455,9327.057
2026-03-18 14:00:00+00:00,1210.4718,7276.7485,7126.448,7427.049
2026-03-18 15:00:00+00:00,1210.4718,4645.8315,4495.5312,4796.1323
2026-03-18 16:00:00+00:00,1210.4718,1696.8029,1546.5024,1847.1033
2026-03-18 17:00:00+00:00,1210.4718,238.13841,87.838,388.4388
2026-03-18 18:00:00+00:00,1210.4718,0.22520275,-150.07521,150.52562
2026-03-18 19:00:00+00:00,1210.4718,4.9598217,-145.34059,155.26024
2026-03-18 20:00:00+00:00,1210.4718,3.6418288,-146.65846,153.94225
2026-03-18 21:00:00+00:00,1210.4718,3.6418288,-146.65846,153.94225
2026-03-18 22:00:00+00:00,1210.4718,3.6418288,-146.65846,153.94225
2026-03-18 23:00:00+00:00,1210.4718,3.6965163,-146.60378,153.99693
2026-03-19 00:00:00+00:00,1210.4718,0.9008619,-149.39955,151.20128
2026-03-19 01:00:00+00:00,1210.4718,0.8392164,-149.4612,151.13963
2026-03-19 02:00:00+00:00,1210.4718,-0.69593984,-150.99635,149.60448
2026-03-19 03:00:00+00:00,1210.4718,12.732771,-137.56764,163.03319
2026-03-19 04:00:00+00:00,1210.4718,36.22911,-114.071304,186.52953
2026-03-19 05:00:00+00:00,1210.4718,-17.7643,-168.06471,132.53612
2026-03-19 06:00:00+00:00,1210.4718,777.8352,627.5348,928.1356
2026-03-19 07:00:00+00:00,1210.4718,2458.992,2308.6917,2609.2925
2026-03-19 08:00:00+00:00,1210.4718,5059.151,4908.8506,5209.451
2026-03-19 09:00:00+00:00,1210.4718,7436.3086,7286.0083,7586.609
2026-03-19 10:00:00+00:00,1210.4718,9154.688,9004.388,9304.988
2026-03-19 11:00:00+00:00,1210.4718,9274.795,9124.494,9425.095
2026-03-19 12:00:00+00:00,1210.4718,9090.9795,8940.68,9241.28
2026-03-19 13:00:00+00:00,1210.4718,8834.1045,8683.804,8984.404
2026-03-19 14:00:00+00:00,1210.4718,7113.445,6963.144,7263.745
2026-03-19 15:00:00+00:00,1210.4718,4562.963,4412.6626,4713.263
2026-03-19 16:00:00+00:00,1210.4718,1634.1442,1483.8438,1784.4446
2026-03-19 17:00:00+00:00,1210.4718,241.18565,90.88536,391.48605
2026-03-19 18:00:00+00:00,1210.4718,9.389387,-140.91103,159.6898
2026-03-19 19:00:00+00:00,1210.4718,7.6196117,-142.6808,157.92003
2026-03-19 20:00:00+00:00,1210.4718,5.786604,-144.51381,156.08702
2026-03-19 21:00:00+00:00,1210.4718,3.6705153,-146.62978,153.97093
2026-03-19 22:00:00+00:00,1210.4718,1.3742507,-148.92616,151.67467
2026-03-19 23:00:00+00:00,1210.4718,1.97032,-148.3301,152.27061
2026-03-20 00:00:00+00:00,1210.4718,0.7866041,-149.51381,151.08702
2026-03-20 01:00:00+00:00,1210.4718,2.6971266,-147.60329,152.99754
2026-03-20 02:00:00+00:00,1210.4718,3.9899733,-146.31032,154.29039
2026-03-20 03:00:00+00:00,1210.4718,4.413191,-145.88722,154.71361
2026-03-20 04:00:00+00:00,1210.4718,20.12779,-130.17262,170.4282
2026-03-20 05:00:00+00:00,1210.4718,118.63609,-31.664324,268.9365
2026-03-20 06:00:00+00:00,1210.4718,1072.7455,922.4452,1223.0459
2026-03-20 07:00:00+00:00,1210.4718,2957.3364,2807.0361,3107.637
2026-03-20 08:00:00+00:00,1210.4718,4898.872,4748.5713,5049.1724
2026-03-20 09:00:00+00:00,1210.4718,6770.421,6620.1206,6920.721
2026-03-20 10:00:00+00:00,1210.4718,7912.0264,7761.726,8062.327
2026-03-20 11:00:00+00:00,1210.4718,8227.466,8077.1655,8377.766
2026-03-20 12:00:00+00:00,1210.4718,8222.3125,8072.012,8372.612
2026-03-20 13:00:00+00:00,1210.4718,7463.903,7313.6025,7614.203
2026-03-20 14:00:00+00:00,1210.4718,5750.848,5600.548,5901.149
2026-03-20 15:00:00+00:00,1210.4718,3269.9055,3119.605,3420.2058
2026-03-20 16:00:00+00:00,1210.4718,1102.8577,952.55725,1253.1581
2026-03-20 17:00:00+00:00,1210.4718,87.169174,-63.13112,237.46959
2026-03-20 18:00:00+00:00,1210.4718,-3.870012,-154.17043,146.4304
2026-03-20 19:00:00+00:00,1210.4718,1.770735,-148.52968,152.07115
2026-03-20 20:00:00+00:00,1210.4718,4.09593,-146.20448,154.39635
2026-03-20 21:00:00+00:00,1210.4718,2.763777,-147.53664,153.0642
2026-03-20 22:00:00+00:00,1210.4718,4.2024975,-146.09792,154.50279
2026-03-20 23:00:00+00:00,1210.4718,2.0185378,-148.28188,152.31895
2026-03-21 00:00:00+00:00,1210.4718,2.900862,-147.39955,153.20128
2026-03-21 01:00:00+00:00,1210.4718,2.900862,-147.39955,153.20128
2026-03-21 02:00:00+00:00,1210.4718,1.1851637,-149.11525,151.48558
2026-03-21 03:00:00+00:00,1210.4718,-1.5717943,-151.87221,148.72862
2026-03-21 04:00:00+00:00,1210.4718,12.967146,-137.33327,163.26756
2026-03-21 05:00:00+00:00,1210.4718,76.60545,-73.69496,226.90587
2026-03-21 06:00:00+00:00,1210.4718,1073.9657,923.6653,1224.2661
2026-03-21 07:00:00+00:00,1210.4718,3241.516,3091.2156,3391.8164
2026-03-21 08:00:00+00:00,1210.4718,5276.3867,5126.0864,5426.687
2026-03-21 09:00:00+00:00,1210.4718,7365.8486,7215.548,7516.149
2026-03-21 10:00:00+00:00,1210.4718,8844.867,8694.566,8995.167
2026-03-21 11:00:00+00:00,1210.4718,9179.833,9029.533,9330.134
2026-03-21 12:00:00+00:00,1210.4718,9382.275,9231.976,9532.576
2026-03-21 13:00:00+00:00,1210.4718,8385.24,8234.94,8535.541
2026-03-21 14:00:00+00:00,1210.4718,6246.831,6096.531,6397.1313
2026-03-21 15:00:00+00:00,1210.4718,3627.2996,3476.9993,3777.5999
2026-03-21 16:00:00+00:00,1210.4718,1325.3661,1175.0657,1475.6665
2026-03-21 17:00:00+00:00,1210.4718,198.03062,47.73021,348.33102
2026-03-21 18:00:00+00:00,1210.4718,16.866804,-133.43361,167.16722
2026-03-21 19:00:00+00:00,1210.4718,10.106916,-140.1935,160.40733
2026-03-21 20:00:00+00:00,1210.4718,5.082136,-145.21828,155.38255
2026-03-21 21:00:00+00:00,1210.4718,2.3149245,-147.98549,152.61534
2026-03-21 22:00:00+00:00,1210.4718,3.4819167,-146.8185,153.78233
2026-03-21 23:00:00+00:00,1210.4718,3.918318,-146.3821,154.21873
