date,wind_offshore_50hz_actual,wind_offshore_50hz_fitted,wind_offshore_50hz_lower,wind_offshore_50hz_upper
2026-02-15 00:00:00+00:00,144.12999,-16.23527,-220.33244,187.8619
2026-02-15 01:00:00+00:00,99.6,13.428611,-190.66856,217.52577
2026-02-15 02:00:00+00:00,58.05996,-64.0391,-268.13626,140.05806
2026-02-15 03:00:00+00:00,18.709982,-82.58042,-286.67758,121.51675
2026-02-15 04:00:00+00:00,3.3100193,-17.645731,-221.7429,186.45146
2026-02-15 05:00:00+00:00,3.9300144,28.00057,-176.0966,232.09776
2026-02-15 06:00:00+00:00,1.6399753,18.56069,-185.53648,222.65782
2026-02-15 07:00:00+00:00,2.1713447e-05,1.674094,-202.42308,205.77129
2026-02-15 08:00:00+00:00,0.009970444,-15.2802515,-219.37743,188.81691
2026-02-15 09:00:00+00:00,0.19002415,10.757346,-193.33983,214.8545
2026-02-15 10:00:00+00:00,3.2599704,-17.898355,-221.99553,186.1988
2026-02-15 11:00:00+00:00,7.0200415,66.225975,-137.8712,270.32315
2026-02-15 12:00:00+00:00,13.719993,76.61935,-127.47782,280.71652
2026-02-15 13:00:00+00:00,43.709984,91.50948,-112.587746,295.60666
2026-02-15 14:00:00+00:00,82.56002,121.35262,-82.744545,325.4498
2026-02-15 15:00:00+00:00,242.59999,195.2029,-8.894265,399.3001
2026-02-15 16:00:00+00:00,500.66,290.58313,86.48592,494.68033
2026-02-15 17:00:00+00:00,707.02,653.5934,449.4962,857.69055
2026-02-15 18:00:00+00:00,911.99,1060.1561,856.05896,1264.2533
2026-02-15 19:00:00+00:00,1010.87,1215.0261,1010.92896,1419.1233
2026-02-15 20:00:00+00:00,1299.2,1167.5233,963.42615,1371.6205
2026-02-15 21:00:00+00:00,1451.82,1394.1122,1190.015,1598.2094
2026-02-15 22:00:00+00:00,1502.89,1537.9196,1333.8224,1742.0167
2026-02-15 23:00:00+00:00,1516.8,1607.3131,1403.216,1811.4103
2026-02-16 00:00:00+00:00,1502.51,1471.9025,1267.8053,1675.9996
2026-02-16 01:00:00+00:00,1546.22,1497.1874,1293.0901,1701.2845
2026-02-16 02:00:00+00:00,1563.09,1465.054,1260.9568,1669.1511
2026-02-16 03:00:00+00:00,1588.97,1591.2662,1387.1691,1795.3634
2026-02-16 04:00:00+00:00,1601.54,1670.3923,1466.2952,1874.4895
2026-02-16 05:00:00+00:00,1599.13,1690.098,1486.0009,1894.1953
2026-02-16 06:00:00+00:00,1595.7,1718.1577,1514.0607,1922.255
2026-02-16 07:00:00+00:00,1602.8,1729.2113,1525.1143,1933.3086
2026-02-16 08:00:00+00:00,1597.6,1765.8057,1561.7085,1969.903
2026-02-16 09:00:00+00:00,1596.08,1750.4022,1546.305,1954.4994
2026-02-16 10:00:00+00:00,1598.08,1664.5206,1460.4235,1868.6178
2026-02-16 11:00:00+00:00,1604.75,1526.9329,1322.8357,1731.03
2026-02-16 12:00:00+00:00,1603.29,1722.4694,1518.3722,1926.5665
2026-02-16 13:00:00+00:00,1603.03,1711.7875,1507.6904,1915.8848
2026-02-16 14:00:00+00:00,1592.64,1723.4965,1519.3993,1927.5938
2026-02-16 15:00:00+00:00,1590.93,1783.1991,1579.1019,1987.2964
2026-02-16 16:00:00+00:00,1578.99,1792.8872,1588.79,1996.9845
2026-02-16 17:00:00+00:00,1584.68,1718.3108,1514.2136,1922.408
2026-02-16 18:00:00+00:00,1585.44,1794.8519,1590.7548,1998.9492
2026-02-16 19:00:00+00:00,1558.64,1783.8655,1579.7683,1987.9626
2026-02-16 20:00:00+00:00,1437.12,1753.912,1549.8148,1958.0093
2026-02-16 21:00:00+00:00,1179.42,1431.0535,1226.9563,1635.1506
2026-02-16 22:00:00+00:00,1012.57,1016.98126,812.8841,1221.0785
2026-02-16 23:00:00+00:00,847.66,1074.854,870.7568,1278.9512
2026-02-17 00:00:00+00:00,738.48,1023.4842,819.387,1227.5814
2026-02-17 01:00:00+00:00,737.73,1083.8759,879.7786,1287.973
2026-02-17 02:00:00+00:00,626.23,1039.1982,835.101,1243.2954
2026-02-17 03:00:00+00:00,561.18,942.86115,738.764,1146.9584
2026-02-17 04:00:00+00:00,459.98,930.19366,726.0965,1134.2909
2026-02-17 05:00:00+00:00,375.33,853.0052,648.908,1057.1024
2026-02-17 06:00:00+00:00,499.06,907.0604,702.96326,1111.1576
2026-02-17 07:00:00+00:00,563.43,1033.6729,829.5756,1237.77
2026-02-17 08:00:00+00:00,548.55,829.00507,624.9079,1033.1023
2026-02-17 09:00:00+00:00,462.65,858.2135,654.11633,1062.3107
2026-02-17 10:00:00+00:00,359.4,641.11365,437.01645,845.2108
2026-02-17 11:00:00+00:00,257.74,479.63043,275.53326,683.7276
2026-02-17 12:00:00+00:00,189.81999,315.74146,111.64428,519.8386
2026-02-17 13:00:00+00:00,188.02,233.90327,29.806112,438.00046
2026-02-17 14:00:00+00:00,187.30998,309.16476,105.06759,513.26196
2026-02-17 15:00:00+00:00,170.01,458.61246,254.51524,662.70966
2026-02-17 16:00:00+00:00,199.08,450.93445,246.83727,655.0316
2026-02-17 17:00:00+00:00,225.15999,404.26273,200.16554,608.3599
2026-02-17 18:00:00+00:00,208.86998,210.86388,6.7667456,414.9611
2026-02-17 19:00:00+00:00,108.83999,202.33775,-1.7594388,406.43497
2026-02-17 20:00:00+00:00,54.120018,163.25606,-40.841164,367.35324
2026-02-17 21:00:00+00:00,39.699974,110.50271,-93.59446,314.59988
2026-02-17 22:00:00+00:00,54.58999,97.57549,-106.521706,301.6727
2026-02-17 23:00:00+00:00,171.24,114.68856,-89.40861,318.78574
2026-02-18 00:00:00+00:00,410.43,260.1933,56.096092,464.29047
2026-02-18 01:00:00+00:00,526.32,254.54689,50.44973,458.6441
2026-02-18 02:00:00+00:00,483.11,323.3258,119.22863,527.423
2026-02-18 03:00:00+00:00,463.51,562.38824,358.29105,766.4854
2026-02-18 04:00:00+00:00,376.09,577.56256,373.46536,781.6597
2026-02-18 05:00:00+00:00,251.77998,511.35703,307.25986,715.4542
2026-02-18 06:00:00+00:00,300.0,403.11496,199.01775,607.21216
2026-02-18 07:00:00+00:00,321.65,369.1968,165.09962,573.294
2026-02-18 08:00:00+00:00,250.92,331.81937,127.72216,535.9165
2026-02-18 09:00:00+00:00,237.55,340.0938,135.99663,544.191
2026-02-18 10:00:00+00:00,252.96,239.40681,35.309654,443.504
2026-02-18 11:00:00+00:00,181.74,366.35904,162.26186,570.45624
2026-02-18 12:00:00+00:00,229.01,498.37262,294.27542,702.4698
2026-02-18 13:00:00+00:00,243.74,503.89664,299.79944,707.99384
2026-02-18 14:00:00+00:00,357.68,441.66214,237.56496,645.75934
2026-02-18 15:00:00+00:00,366.97,424.243,220.1458,628.3402
2026-02-18 16:00:00+00:00,396.95,385.44077,181.34361,589.53796
2026-02-18 17:00:00+00:00,407.41,341.01495,136.91777,545.1121
2026-02-18 18:00:00+00:00,311.71002,364.91693,160.81972,569.0141
2026-02-18 19:00:00+00:00,218.61998,463.7927,259.69553,667.8899
2026-02-18 20:00:00+00:00,166.67,436.29428,232.1971,640.3915
2026-02-18 21:00:00+00:00,166.31999,310.90817,106.81097,515.0053
2026-02-18 22:00:00+00:00,122.64001,239.8423,35.74514,443.9395
2026-02-18 23:00:00+00:00,107.689995,191.14247,-12.95469,395.2397
2026-02-19 00:00:00+00:00,209.2,167.08345,-37.01371,371.18066
2026-02-19 01:00:00+00:00,254.8,114.63622,-89.460976,318.7334
2026-02-19 02:00:00+00:00,326.24,487.2125,283.1153,691.3097
2026-02-19 03:00:00+00:00,515.1,776.02356,571.9264,980.1207
2026-02-19 04:00:00+00:00,476.31,675.8292,471.73206,879.92645
2026-02-19 05:00:00+00:00,160.37999,581.09375,376.99655,785.1909
2026-02-19 06:00:00+00:00,109.450005,285.973,81.87582,490.07016
2026-02-19 07:00:00+00:00,150.83998,142.24446,-61.85276,346.34164
2026-02-19 08:00:00+00:00,213.7,397.15897,193.06178,601.25616
2026-02-19 09:00:00+00:00,117.52999,272.56464,68.46743,476.6618
2026-02-19 10:00:00+00:00,86.48,334.13318,130.03596,538.23035
2026-02-19 11:00:00+00:00,104.35,142.09639,-62.00077,346.1936
2026-02-19 12:00:00+00:00,89.06002,161.34502,-42.752174,365.4422
2026-02-19 13:00:00+00:00,82.64999,276.40613,72.30898,480.50333
2026-02-19 14:00:00+00:00,81.08999,256.98547,52.888268,461.08264
2026-02-19 15:00:00+00:00,88.75002,132.84996,-71.24723,336.94714
2026-02-19 16:00:00+00:00,78.680016,136.59163,-67.50559,340.68884
2026-02-19 17:00:00+00:00,56.490013,125.35427,-78.7429,329.45145
2026-02-19 18:00:00+00:00,40.02999,68.40792,-135.68925,272.50513
2026-02-19 19:00:00+00:00,29.120016,83.62972,-120.467445,287.72687
2026-02-19 20:00:00+00:00,7.8100195,83.62972,-120.467445,287.72687
2026-02-19 21:00:00+00:00,3.990012,89.42617,-114.671,293.5234
2026-02-19 22:00:00+00:00,4.4699926,81.199974,-122.897194,285.29712
2026-02-19 23:00:00+00:00,6.209983,71.93508,-132.1621,276.03223
2026-02-20 00:00:00+00:00,5.5899878,129.85008,-74.24711,333.94727
2026-02-20 01:00:00+00:00,7.8200293,130.74214,-73.35502,334.83932
2026-02-20 02:00:00+00:00,10.680015,131.28557,-72.81162,335.38278
2026-02-20 03:00:00+00:00,32.82998,123.79989,-80.29728,327.89706
2026-02-20 04:00:00+00:00,95.79,63.443077,-140.6541,267.54025
2026-02-20 05:00:00+00:00,229.17998,134.32664,-69.770485,338.42383
2026-02-20 06:00:00+00:00,263.35,173.71443,-30.38273,377.8116
2026-02-20 07:00:00+00:00,580.39,266.38013,62.28292,470.4773
2026-02-20 08:00:00+00:00,940.31,549.61255,345.51538,753.7098
2026-02-20 09:00:00+00:00,1016.03,1007.3357,803.2385,1211.4329
2026-02-20 10:00:00+00:00,1070.78,1002.0772,797.98004,1206.1744
2026-02-20 11:00:00+00:00,978.16,727.7062,523.60895,931.80334
2026-02-20 12:00:00+00:00,812.37,766.2999,562.2027,970.3971
2026-02-20 13:00:00+00:00,925.88,990.98645,786.8892,1195.0836
2026-02-20 14:00:00+00:00,1243.92,1213.605,1009.5078,1417.7021
2026-02-20 15:00:00+00:00,1459.04,1311.3999,1107.3027,1515.4971
2026-02-20 16:00:00+00:00,1569.04,1534.1276,1330.0304,1738.2247
2026-02-20 17:00:00+00:00,1579.03,1433.2317,1229.1345,1637.3289
2026-02-20 18:00:00+00:00,1587.92,1538.946,1334.8489,1743.0432
2026-02-20 19:00:00+00:00,1587.38,1467.5872,1263.49,1671.6843
2026-02-20 20:00:00+00:00,1598.32,1614.617,1410.5198,1818.7141
2026-02-20 21:00:00+00:00,1596.93,1614.5215,1410.4243,1818.6187
2026-02-20 22:00:00+00:00,1589.23,1547.6847,1343.5875,1751.782
2026-02-20 23:00:00+00:00,1581.93,1582.721,1378.6238,1786.8181
2026-02-21 00:00:00+00:00,1565.27,1342.4811,1138.3839,1546.5782
2026-02-21 01:00:00+00:00,1536.01,1383.6171,1179.5199,1587.7142
2026-02-21 02:00:00+00:00,1422.43,1407.9875,1203.8904,1612.0847
2026-02-21 03:00:00+00:00,1370.07,1317.9757,1113.8785,1522.0729
2026-02-21 04:00:00+00:00,1357.88,1308.8414,1104.7443,1512.9386
2026-02-21 05:00:00+00:00,1376.94,1335.2645,1131.1674,1539.3617
2026-02-21 06:00:00+00:00,1445.7,1357.2572,1153.16,1561.3544
2026-02-21 07:00:00+00:00,1552.51,1317.68,1113.5829,1521.7772
2026-02-21 08:00:00+00:00,1549.44,1415.3241,1211.2269,1619.4213
2026-02-21 09:00:00+00:00,1554.67,1221.5642,1017.46704,1425.6614
2026-02-21 10:00:00+00:00,1556.25,1306.4873,1102.3901,1510.5845
2026-02-21 11:00:00+00:00,1573.73,1469.041,1264.9438,1673.1382
2026-02-21 12:00:00+00:00,1568.07,1484.8807,1280.7836,1688.9779
2026-02-21 13:00:00+00:00,1560.57,1536.3977,1332.3005,1740.4949
2026-02-21 14:00:00+00:00,1576.73,1517.9598,1313.8627,1722.0571
2026-02-21 15:00:00+00:00,1586.94,1532.0365,1327.9393,1736.1337
2026-02-21 16:00:00+00:00,1586.9,1480.9645,1276.8673,1685.0616
2026-02-21 17:00:00+00:00,1588.41,1503.1633,1299.0662,1707.2604
2026-02-21 18:00:00+00:00,1590.16,1237.6382,1033.541,1441.7354
2026-02-21 19:00:00+00:00,1580.86,1351.8318,1147.7346,1555.929
2026-02-21 20:00:00+00:00,1587.74,1471.8899,1267.7927,1675.9872
2026-02-21 21:00:00+00:00,1583.09,1504.0677,1299.9706,1708.1649
2026-02-21 22:00:00+00:00,1560.0,1450.58,1246.4828,1654.677
2026-02-21 23:00:00+00:00,1482.77,1262.6239,1058.5267,1466.7211
2026-02-22 00:00:00+00:00,1365.05,1094.9077,886.97406,1302.8414
2026-02-22 01:00:00+00:00,694.26,708.10846,500.17477,916.0422
2026-02-22 02:00:00+00:00,328.32,400.48056,192.54686,608.41425
2026-02-22 03:00:00+00:00,165.68999,215.22423,7.2904882,423.15793
2026-02-22 04:00:00+00:00,46.57003,-4.220376,-212.1541,203.7133
2026-02-22 05:00:00+00:00,3.02999,42.673607,-165.26012,250.60728
2026-02-22 06:00:00+00:00,10.839988,-64.588295,-272.522,143.34538
2026-02-22 07:00:00+00:00,105.80999,140.5218,-67.4119,348.4555
2026-02-22 08:00:00+00:00,290.75,182.99013,-24.943583,390.92383
2026-02-22 09:00:00+00:00,508.61,565.67175,357.73804,773.60547
2026-02-22 10:00:00+00:00,796.91,512.45734,304.52362,720.391
2026-02-22 11:00:00+00:00,1071.97,878.24945,670.31573,1086.1831
2026-02-22 12:00:00+00:00,1153.32,941.5105,733.5768,1149.4442
2026-02-22 13:00:00+00:00,1046.07,749.3479,541.41425,957.2816
2026-02-22 14:00:00+00:00,603.09,542.0946,334.1609,750.02826
2026-02-22 15:00:00+00:00,147.71,216.98842,9.054709,424.92212
2026-02-22 16:00:00+00:00,129.26,100.47515,-107.458534,308.40887
2026-02-22 17:00:00+00:00,216.01,282.29807,74.36434,490.23175
2026-02-22 18:00:00+00:00,161.42,239.23686,31.303183,447.17056
2026-02-22 19:00:00+00:00,293.57,360.57254,152.63884,568.5062
2026-02-22 20:00:00+00:00,616.95,316.33978,108.40606,524.27344
2026-02-22 21:00:00+00:00,1226.37,706.934,499.00034,914.8677
2026-02-22 22:00:00+00:00,1514.47,1470.9713,1263.0376,1678.905
2026-02-22 23:00:00+00:00,1476.59,1416.9623,1209.0286,1624.896
2026-02-23 00:00:00+00:00,1400.85,1322.533,1114.5992,1530.4667
2026-02-23 01:00:00+00:00,1227.71,1416.284,1208.3505,1624.2178
2026-02-23 02:00:00+00:00,1389.86,1286.0273,1078.0936,1493.961
2026-02-23 03:00:00+00:00,1418.65,1282.3667,1074.433,1490.3003
2026-02-23 04:00:00+00:00,1208.77,1102.1061,894.17236,1310.0398
2026-02-23 05:00:00+00:00,1329.29,1038.3954,830.46173,1246.3291
2026-02-23 06:00:00+00:00,1088.12,772.27765,564.34393,980.2113
2026-02-23 07:00:00+00:00,1176.56,700.53235,492.59866,908.46606
2026-02-23 08:00:00+00:00,1436.62,1001.7389,793.80524,1209.6726
2026-02-23 09:00:00+00:00,1550.86,1161.0968,953.16315,1369.0305
2026-02-23 10:00:00+00:00,1571.72,1110.9584,903.0247,1318.8921
2026-02-23 11:00:00+00:00,1578.51,1406.1202,1198.1865,1614.054
2026-02-23 12:00:00+00:00,1574.16,1380.6433,1172.7096,1588.5769
2026-02-23 13:00:00+00:00,1549.62,1428.4689,1220.5352,1636.4025
2026-02-23 14:00:00+00:00,1437.44,1401.2677,1193.334,1609.2014
2026-02-23 15:00:00+00:00,1396.38,1107.0544,899.1208,1314.9882
2026-02-23 16:00:00+00:00,1262.3,1051.2733,843.3396,1259.207
2026-02-23 17:00:00+00:00,1145.31,911.88916,703.95544,1119.8229
2026-02-23 18:00:00+00:00,874.97,904.29504,696.3614,1112.2288
2026-02-23 19:00:00+00:00,719.27,496.55133,288.6176,704.48505
2026-02-23 20:00:00+00:00,616.32,509.00504,301.07135,716.9387
2026-02-23 21:00:00+00:00,532.92,640.0151,432.08136,847.9487
2026-02-23 22:00:00+00:00,548.97,438.2513,230.31761,646.185
2026-02-23 23:00:00+00:00,556.58,305.78702,97.853325,513.7207
2026-02-24 00:00:00+00:00,494.47,267.5766,59.642906,475.51028
2026-02-24 01:00:00+00:00,437.8,276.225,68.29128,484.15866
2026-02-24 02:00:00+00:00,298.66,403.95126,196.01756,611.88495
2026-02-24 03:00:00+00:00,283.14,523.4592,315.52557,731.39294
2026-02-24 04:00:00+00:00,255.62999,351.27484,143.34114,559.2085
2026-02-24 05:00:00+00:00,294.14,330.31378,122.38006,538.24744
2026-02-24 06:00:00+00:00,183.80998,254.7369,46.803185,462.6706
2026-02-24 07:00:00+00:00,98.80999,173.31474,-34.618935,381.24844
2026-02-24 08:00:00+00:00,94.199974,186.65135,-21.282328,394.58505
2026-02-24 09:00:00+00:00,141.29,280.79562,72.8619,488.7293
2026-02-24 10:00:00+00:00,172.96,218.73976,10.806113,426.67346
2026-02-24 11:00:00+00:00,120.700005,118.52895,-89.4047,326.46265
2026-02-24 12:00:00+00:00,144.59999,362.99393,155.0602,570.9276
2026-02-24 13:00:00+00:00,155.83998,318.55573,110.62203,526.48944
2026-02-24 14:00:00+00:00,219.89,163.5016,-44.432106,371.4353
2026-02-24 15:00:00+00:00,314.99,265.40305,57.469383,473.33673
2026-02-24 16:00:00+00:00,315.56,316.8578,108.924095,524.79144
2026-02-24 17:00:00+00:00,294.08,272.19687,64.26321,480.13055
2026-02-24 18:00:00+00:00,267.11,230.11238,22.178732,438.04608
2026-02-24 19:00:00+00:00,166.89998,202.73997,-5.1937647,410.67368
2026-02-24 20:00:00+00:00,70.81002,168.78996,-39.143776,376.72366
2026-02-24 21:00:00+00:00,11.639976,113.09322,-94.84049,321.02692
2026-02-24 22:00:00+00:00,3.0600193,46.473717,-161.45995,254.40742
2026-02-24 23:00:00+00:00,2.1713447e-05,41.933067,-166.00066,249.86671
2026-02-25 00:00:00+00:00,2.1713447e-05,11.593894,-196.33983,219.52757
2026-02-25 01:00:00+00:00,2.1713447e-05,21.522299,-186.41142,229.45595
2026-02-25 02:00:00+00:00,1.4699924,-2.9883206,-210.92204,204.94536
2026-02-25 03:00:00+00:00,9.860007,16.622213,-191.31145,224.55592
2026-02-25 04:00:00+00:00,24.000021,33.953087,-173.98058,241.8868
2026-02-25 05:00:00+00:00,35.32003,100.96987,-106.963844,308.9036
2026-02-25 06:00:00+00:00,84.31002,409.16687,201.23317,617.1006
2026-02-25 07:00:00+00:00,191.74998,207.68166,-0.25199243,415.61536
2026-02-25 08:00:00+00:00,281.6,354.50955,146.57585,562.44324
2026-02-25 09:00:00+00:00,407.16,417.61472,209.68102,625.5484
2026-02-25 10:00:00+00:00,512.19,318.5676,110.6339,526.5013
2026-02-25 11:00:00+00:00,553.05,574.7073,366.77356,782.6409
2026-02-25 12:00:00+00:00,652.27,716.32544,508.39172,924.2591
2026-02-25 13:00:00+00:00,693.2,578.3506,370.4169,786.2843
2026-02-25 14:00:00+00:00,717.65,482.58954,274.65585,690.52325
2026-02-25 15:00:00+00:00,851.68,417.362,209.4283,625.29565
2026-02-25 16:00:00+00:00,770.0,772.5619,564.6282,980.4956
2026-02-25 17:00:00+00:00,753.05,843.5748,635.6411,1051.5085
2026-02-25 18:00:00+00:00,856.01,1070.4753,862.5417,1278.409
2026-02-25 19:00:00+00:00,997.13,1000.30304,792.3694,1208.2367
2026-02-25 20:00:00+00:00,1155.16,1021.5698,813.63617,1229.5035
2026-02-25 21:00:00+00:00,1306.43,1007.4259,799.4922,1215.3596
2026-02-25 22:00:00+00:00,1392.97,1180.8469,972.9132,1388.7806
2026-02-25 23:00:00+00:00,1549.62,1381.1948,1173.2611,1589.1284
2026-02-26 00:00:00+00:00,1573.35,1434.6962,1226.7625,1642.6298
2026-02-26 01:00:00+00:00,1572.54,1404.5933,1196.6597,1612.527
2026-02-26 02:00:00+00:00,1581.69,1423.281,1215.3473,1631.2147
2026-02-26 03:00:00+00:00,1573.18,1477.9119,1269.9781,1685.8455
2026-02-26 04:00:00+00:00,1567.51,1465.2388,1257.305,1673.1725
2026-02-26 05:00:00+00:00,1574.81,1509.3134,1301.3796,1717.247
2026-02-26 06:00:00+00:00,1580.18,1493.6936,1285.7599,1701.6273
2026-02-26 07:00:00+00:00,1591.82,1503.7999,1295.8662,1711.7335
2026-02-26 08:00:00+00:00,1593.59,1470.0416,1262.1079,1677.9752
2026-02-26 09:00:00+00:00,1580.74,1428.8788,1220.9451,1636.8125
2026-02-26 10:00:00+00:00,1530.4,1445.9045,1237.971,1653.8383
2026-02-26 11:00:00+00:00,1463.65,1368.2555,1160.3219,1576.1892
2026-02-26 12:00:00+00:00,1430.48,1024.3395,816.4058,1232.2732
2026-02-26 13:00:00+00:00,1197.48,1272.3309,1064.3972,1480.2646
2026-02-26 14:00:00+00:00,951.14,918.0046,710.0709,1125.9384
2026-02-26 15:00:00+00:00,916.88,935.15753,727.2239,1143.0912
2026-02-26 16:00:00+00:00,943.14,1079.5045,871.57074,1287.4381
2026-02-26 17:00:00+00:00,1096.09,968.2366,760.3029,1176.1703
2026-02-26 18:00:00+00:00,1118.5,695.97363,488.03998,903.90735
2026-02-26 19:00:00+00:00,1046.09,949.18134,741.2476,1157.115
2026-02-26 20:00:00+00:00,1104.69,884.45166,676.51794,1092.3854
2026-02-26 21:00:00+00:00,1186.69,1070.6555,862.7218,1278.5892
2026-02-26 22:00:00+00:00,1185.38,1085.294,877.3603,1293.2277
2026-02-26 23:00:00+00:00,962.86,981.25977,773.3261,1189.1935
2026-02-27 00:00:00+00:00,986.81,779.1712,571.23755,987.1049
2026-02-27 01:00:00+00:00,1392.2,1077.4109,869.47723,1285.3446
2026-02-27 02:00:00+00:00,1577.98,1149.7103,941.77655,1357.6439
2026-02-27 03:00:00+00:00,1581.64,1406.1979,1198.2642,1614.1315
2026-02-27 04:00:00+00:00,1509.61,1313.8726,1105.939,1521.8063
2026-02-27 05:00:00+00:00,1556.62,1259.3657,1051.432,1467.2994
2026-02-27 06:00:00+00:00,1593.08,1249.904,1041.9703,1457.8376
2026-02-27 07:00:00+00:00,1563.73,1378.3688,1170.435,1586.3025
2026-02-27 08:00:00+00:00,1499.04,1123.4445,915.5108,1331.3782
2026-02-27 09:00:00+00:00,1494.24,1367.6451,1159.7115,1575.5789
2026-02-27 10:00:00+00:00,1356.99,1502.6738,1294.7401,1710.6074
2026-02-27 11:00:00+00:00,1143.21,1377.7273,1169.7936,1585.6609
2026-02-27 12:00:00+00:00,989.81,848.27716,640.3435,1056.2108
2026-02-27 13:00:00+00:00,849.1,511.55838,303.6247,719.49207
2026-02-27 14:00:00+00:00,684.55,227.088,19.154318,435.0217
2026-02-27 15:00:00+00:00,258.22,174.38628,-33.5474,382.31998
2026-02-27 16:00:00+00:00,66.14999,126.47756,-81.456154,334.4113
2026-02-27 17:00:00+00:00,22.880026,119.68786,-88.24583,327.62155
2026-02-27 18:00:00+00:00,0.6399753,81.93557,-125.998085,289.8693
2026-02-27 19:00:00+00:00,5.8999853,148.77013,-59.163612,356.70383
2026-02-27 20:00:00+00:00,77.73,204.17628,-3.7573636,412.11
2026-02-27 21:00:00+00:00,175.33,130.3607,-77.572914,338.29443
2026-02-27 22:00:00+00:00,195.56999,39.411217,-168.52245,247.34492
2026-02-27 23:00:00+00:00,154.51,108.84188,-99.091774,316.7756
2026-02-28 00:00:00+00:00,85.659996,51.84249,-156.09117,259.7762
2026-02-28 01:00:00+00:00,122.55001,31.360556,-176.57317,239.29424
2026-02-28 02:00:00+00:00,174.92,28.490988,-179.44267,236.4247
2026-02-28 03:00:00+00:00,187.09999,67.49093,-140.44273,275.42465
2026-02-28 04:00:00+00:00,206.08,37.31826,-170.61546,245.25194
2026-02-28 05:00:00+00:00,284.81,196.50154,-11.432168,404.43524
2026-02-28 06:00:00+00:00,329.63,221.59486,13.661155,429.52856
2026-02-28 07:00:00+00:00,384.56,302.1841,94.25039,510.1178
2026-02-28 08:00:00+00:00,816.93,475.011,267.07733,682.9447
2026-02-28 09:00:00+00:00,886.17,644.28174,436.34805,852.21545
2026-02-28 10:00:00+00:00,876.55,443.11533,235.18163,651.049
2026-02-28 11:00:00+00:00,785.6,489.93652,282.00284,697.87024
2026-02-28 12:00:00+00:00,632.06,531.0101,323.0764,738.9438
2026-02-28 13:00:00+00:00,827.76,527.70074,319.7671,735.63446
2026-02-28 14:00:00+00:00,1099.54,435.55676,227.62306,643.4905
2026-02-28 15:00:00+00:00,1087.2,397.97803,190.04436,605.91174
2026-02-28 16:00:00+00:00,829.52,684.49023,476.55655,892.42395
2026-02-28 17:00:00+00:00,744.92,322.87708,114.94338,530.8107
2026-02-28 18:00:00+00:00,441.26,421.92166,213.98799,629.85535
2026-02-28 19:00:00+00:00,305.4,195.00621,-12.927468,402.9399
2026-02-28 20:00:00+00:00,569.88,117.69009,-90.24357,325.62378
2026-02-28 21:00:00+00:00,880.08,356.71008,148.77638,564.6438
2026-02-28 22:00:00+00:00,906.32,612.75006,404.81635,820.6837
2026-02-28 23:00:00+00:00,1383.94,1036.3341,828.40045,1244.2678
2026-03-01 00:00:00+00:00,1557.54,1480.0504,1270.6034,1689.4976
2026-03-01 01:00:00+00:00,1558.8,1483.9861,1274.539,1693.433
2026-03-01 02:00:00+00:00,1552.89,1513.4292,1303.9822,1722.8762
2026-03-01 03:00:00+00:00,1548.79,1537.1643,1327.7172,1746.6113
2026-03-01 04:00:00+00:00,1553.61,1558.805,1349.3579,1768.252
2026-03-01 05:00:00+00:00,1567.9,1633.0178,1423.5707,1842.4648
2026-03-01 06:00:00+00:00,1574.04,1609.2122,1399.7651,1818.6593
2026-03-01 07:00:00+00:00,1559.56,1595.0422,1385.5952,1804.4894
2026-03-01 08:00:00+00:00,1582.07,1554.6389,1345.1918,1764.0859
2026-03-01 09:00:00+00:00,1540.73,1509.3142,1299.8671,1718.7612
2026-03-01 10:00:00+00:00,1494.1301,1390.7927,1181.3457,1600.2399
2026-03-01 11:00:00+00:00,1435.78,1273.6368,1064.1897,1483.084
2026-03-01 12:00:00+00:00,1313.89,1255.7502,1046.3031,1465.1973
2026-03-01 13:00:00+00:00,1143.11,998.98254,789.53546,1208.4296
2026-03-01 14:00:00+00:00,707.67,578.78656,369.3395,788.23364
2026-03-01 15:00:00+00:00,724.85,212.62273,3.1756809,422.06982
2026-03-01 16:00:00+00:00,869.81,318.44028,108.99322,527.8873
2026-03-01 17:00:00+00:00,748.34,987.4778,778.0307,1196.9249
2026-03-01 18:00:00+00:00,506.34,868.3288,658.8817,1077.7759
2026-03-01 19:00:00+00:00,275.61,570.0376,360.5905,779.4847
2026-03-01 20:00:00+00:00,220.26,239.32262,29.87551,448.7697
2026-03-01 21:00:00+00:00,386.54,462.88544,253.43834,672.3325
2026-03-01 22:00:00+00:00,677.49,624.87,415.4229,834.3171
2026-03-01 23:00:00+00:00,812.91,615.995,406.54788,825.442
2026-03-02 00:00:00+00:00,980.47,518.6826,309.23557,728.1297
2026-03-02 01:00:00+00:00,1140.24,893.0965,683.6494,1102.5436
2026-03-02 02:00:00+00:00,1257.6,874.2573,664.81024,1083.7043
2026-03-02 03:00:00+00:00,1041.71,996.425,786.9779,1205.8721
2026-03-02 04:00:00+00:00,836.67,866.7534,657.30634,1076.2004
2026-03-02 05:00:00+00:00,593.92,529.5106,320.06357,738.9577
2026-03-02 06:00:00+00:00,513.42,487.08902,277.64194,696.53613
2026-03-02 07:00:00+00:00,437.03,407.08087,197.6338,616.52795
2026-03-02 08:00:00+00:00,319.14,273.3317,63.884666,482.77878
2026-03-02 09:00:00+00:00,344.68,357.69992,148.25282,567.147
2026-03-02 10:00:00+00:00,299.45,428.9287,219.48161,638.3758
2026-03-02 11:00:00+00:00,230.89998,249.04076,39.59371,458.48785
2026-03-02 12:00:00+00:00,162.39998,221.9186,12.4715185,431.3657
2026-03-02 13:00:00+00:00,59.31002,95.72689,-113.72019,305.17395
2026-03-02 14:00:00+00:00,16.320028,91.596275,-117.850746,301.04337
2026-03-02 15:00:00+00:00,2.3899753,77.03011,-132.41698,286.47723
2026-03-02 16:00:00+00:00,0.039999742,75.09365,-134.35344,284.54074
2026-03-02 17:00:00+00:00,0.45998266,123.1354,-86.31162,332.5825
2026-03-02 18:00:00+00:00,11.990012,70.117455,-139.3297,279.56454
2026-03-02 19:00:00+00:00,48.930016,63.23855,-146.20854,272.68564
2026-03-02 20:00:00+00:00,98.58999,117.200554,-92.2465,326.6476
2026-03-02 21:00:00+00:00,132.7,142.97554,-66.471535,352.42264
2026-03-02 22:00:00+00:00,149.27,177.43147,-32.015602,386.87857
2026-03-02 23:00:00+00:00,206.74,224.73698,15.289939,434.18405
2026-03-03 00:00:00+00:00,210.77,88.54568,-120.901405,297.99274
2026-03-03 01:00:00+00:00,187.11998,124.792625,-84.654396,334.23972
2026-03-03 02:00:00+00:00,186.61998,141.66054,-67.78654,351.10764
2026-03-03 03:00:00+00:00,206.11998,184.55501,-24.892069,394.0021
2026-03-03 04:00:00+00:00,198.58998,217.28627,7.8391943,426.73337
2026-03-03 05:00:00+00:00,215.61998,285.85938,76.412254,495.30643
2026-03-03 06:00:00+00:00,353.15,263.51285,54.065758,472.9599
2026-03-03 07:00:00+00:00,428.9,370.0876,160.64052,579.53467
2026-03-03 08:00:00+00:00,488.35,490.3426,280.8955,699.7897
2026-03-03 09:00:00+00:00,442.2,674.8989,465.4518,884.34595
2026-03-03 10:00:00+00:00,209.12999,641.1168,431.66974,850.5639
2026-03-03 11:00:00+00:00,239.66997,491.40543,281.95837,700.85254
2026-03-03 12:00:00+00:00,459.82,553.8688,344.42172,763.31586
2026-03-03 13:00:00+00:00,735.29,563.70245,354.25537,773.14954
2026-03-03 14:00:00+00:00,914.73,812.1649,602.71783,1021.612
2026-03-03 15:00:00+00:00,828.75,1117.7737,908.3266,1327.2207
2026-03-03 16:00:00+00:00,923.73,543.7246,334.2775,753.1717
2026-03-03 17:00:00+00:00,855.53,603.62915,394.18207,813.07623
2026-03-03 18:00:00+00:00,810.47,578.89154,369.4445,788.3386
2026-03-03 19:00:00+00:00,667.12,484.32278,274.87573,693.76984
2026-03-03 20:00:00+00:00,485.65,492.44022,282.99316,701.88727
2026-03-03 21:00:00+00:00,801.21,422.20056,212.75346,631.64764
2026-03-03 22:00:00+00:00,1035.11,527.54333,318.09625,736.99036
2026-03-03 23:00:00+00:00,1016.23,464.21124,254.76418,673.6583
2026-03-04 00:00:00+00:00,1000.76,686.0647,476.61765,895.5118
2026-03-04 01:00:00+00:00,1068.98,513.4799,304.03287,722.927
2026-03-04 02:00:00+00:00,1028.26,543.72375,334.27667,753.17084
2026-03-04 03:00:00+00:00,994.45,517.2839,307.8368,726.73096
2026-03-04 04:00:00+00:00,920.58,536.8323,327.38522,746.27936
2026-03-04 05:00:00+00:00,798.27,530.0483,320.6012,739.49536
2026-03-04 06:00:00+00:00,753.09,528.0,318.55295,737.4471
2026-03-04 07:00:00+00:00,785.44,546.12683,336.6798,755.5739
2026-03-04 08:00:00+00:00,947.02,510.5826,301.13553,720.0297
2026-03-04 09:00:00+00:00,705.78,500.96704,291.52,710.4141
2026-03-04 10:00:00+00:00,393.65,537.1934,327.7463,746.6405
2026-03-04 11:00:00+00:00,307.92,555.12213,345.67505,764.5692
2026-03-04 12:00:00+00:00,281.86,493.4336,283.9865,702.8807
2026-03-04 13:00:00+00:00,326.33997,680.36224,470.9152,889.8093
2026-03-04 14:00:00+00:00,853.1,730.26697,520.8199,939.71405
2026-03-04 15:00:00+00:00,793.31,776.2613,566.8142,985.7084
2026-03-04 16:00:00+00:00,680.76,728.1297,518.6827,937.5768
2026-03-04 17:00:00+00:00,597.01,513.0559,303.60883,722.503
2026-03-04 18:00:00+00:00,469.36,517.599,308.15192,727.0461
2026-03-04 19:00:00+00:00,415.59,516.53796,307.0909,725.98505
2026-03-04 20:00:00+00:00,395.32,640.24677,430.7997,849.69385
2026-03-04 21:00:00+00:00,386.12,597.5143,388.0672,806.96136
2026-03-04 22:00:00+00:00,314.59,529.79504,320.348,739.2421
2026-03-04 23:00:00+00:00,271.78,364.42422,154.97716,573.87134
2026-03-05 00:00:00+00:00,192.65999,198.43071,-11.0163965,407.8778
2026-03-05 01:00:00+00:00,107.08999,172.02776,-37.41935,381.47485
2026-03-05 02:00:00+00:00,59.130028,92.55019,-116.89689,301.99728
2026-03-05 03:00:00+00:00,20.570028,73.71932,-135.72777,283.16644
2026-03-05 04:00:00+00:00,0.37001684,26.511618,-182.93553,235.9587
2026-03-05 05:00:00+00:00,2.1713447e-05,14.20156,-195.24553,223.64864
2026-03-05 06:00:00+00:00,0.19002415,-18.03129,-227.47838,191.41582
2026-03-05 07:00:00+00:00,5.8499975,24.05483,-185.39226,233.50194
2026-03-05 08:00:00+00:00,15.3100195,28.592062,-180.85503,238.03917
2026-03-05 09:00:00+00:00,12.469993,-26.233683,-235.68077,183.21342
2026-03-05 10:00:00+00:00,2.4400241,-41.95347,-251.40056,167.4936
2026-03-05 11:00:00+00:00,0.18001439,-8.331887,-217.77898,201.11519
2026-03-05 12:00:00+00:00,1.4300754,3.5260837,-205.92107,212.97313
2026-03-05 13:00:00+00:00,4.370017,46.056602,-163.39049,255.50368
2026-03-05 14:00:00+00:00,42.02999,49.1285,-160.31859,258.57562
2026-03-05 15:00:00+00:00,108.11001,90.36355,-119.083534,299.81067
2026-03-05 16:00:00+00:00,79.23,122.99975,-86.447365,332.44687
2026-03-05 17:00:00+00:00,70.170006,119.74633,-89.70072,329.19345
2026-03-05 18:00:00+00:00,116.01,90.03426,-119.41288,299.48135
2026-03-05 19:00:00+00:00,128.96,178.26454,-31.182535,387.7116
2026-03-05 20:00:00+00:00,169.74,272.7004,63.25338,482.1475
2026-03-05 21:00:00+00:00,169.14,308.2303,98.783226,517.67737
2026-03-05 22:00:00+00:00,130.99,453.84216,244.39507,663.28925
2026-03-05 23:00:00+00:00,137.58,304.97635,95.52926,514.4234
2026-03-06 00:00:00+00:00,112.89001,253.48677,44.039696,462.93384
2026-03-06 01:00:00+00:00,104.98,218.29704,8.8499975,427.74414
2026-03-06 02:00:00+00:00,76.88003,107.25878,-102.18827,316.70584
2026-03-06 03:00:00+00:00,23.839987,119.81493,-89.63212,329.26205
2026-03-06 04:00:00+00:00,28.209982,117.2185,-92.228615,326.6656
2026-03-06 05:00:00+00:00,44.370018,73.231895,-136.21526,282.679
2026-03-06 06:00:00+00:00,83.30001,46.60543,-162.84166,256.05255
2026-03-06 07:00:00+00:00,152.36998,83.67428,-125.772804,293.12137
2026-03-06 08:00:00+00:00,265.61,277.30365,67.85653,486.7507
2026-03-06 09:00:00+00:00,312.81,355.78348,146.33638,565.2305
2026-03-06 10:00:00+00:00,69.89999,362.41293,152.96584,571.86
2026-03-06 11:00:00+00:00,25.329977,313.22427,103.777214,522.6713
2026-03-06 12:00:00+00:00,14.3499975,149.34715,-60.099953,358.79422
2026-03-06 13:00:00+00:00,78.61001,117.129234,-92.31785,326.5763
2026-03-06 14:00:00+00:00,50.370018,109.75033,-99.696754,319.1974
2026-03-06 15:00:00+00:00,46.000023,138.998,-70.44907,348.4451
2026-03-06 16:00:00+00:00,57.889977,200.78502,-8.662026,410.23212
2026-03-06 17:00:00+00:00,87.55001,294.89078,85.44369,504.33783
2026-03-06 18:00:00+00:00,192.11,359.52875,150.08165,568.9758
2026-03-06 19:00:00+00:00,264.01,422.09302,212.64595,631.5401
2026-03-06 20:00:00+00:00,331.48,446.9961,237.549,656.4432
2026-03-06 21:00:00+00:00,419.93,788.03015,578.58307,997.47723
2026-03-06 22:00:00+00:00,400.14,649.25366,439.80658,858.70074
2026-03-06 23:00:00+00:00,348.4,423.21185,213.76479,632.65894
2026-03-07 00:00:00+00:00,216.49998,228.1851,18.738058,437.63217
2026-03-07 01:00:00+00:00,171.17998,367.31094,157.86385,576.758
2026-03-07 02:00:00+00:00,102.64001,241.68831,32.241234,451.1354
2026-03-07 03:00:00+00:00,47.76998,165.36122,-44.085854,374.80832
2026-03-07 04:00:00+00:00,43.000023,161.80522,-47.641884,371.25232
2026-03-07 05:00:00+00:00,38.680016,140.89095,-68.55613,350.33804
2026-03-07 06:00:00+00:00,18.070028,62.16378,-147.28331,271.6109
2026-03-07 07:00:00+00:00,10.390037,113.5256,-95.921486,322.9727
2026-03-07 08:00:00+00:00,17.490011,86.04293,-123.40415,295.49002
2026-03-07 09:00:00+00:00,9.730002,3.792014,-205.65508,213.23909
2026-03-07 10:00:00+00:00,2.2300022,82.325645,-127.12144,291.77274
2026-03-07 11:00:00+00:00,5.2199926,28.669455,-180.77763,238.11653
2026-03-07 12:00:00+00:00,0.4499729,-5.867776,-215.31487,203.5793
2026-03-07 13:00:00+00:00,2.1713447e-05,16.752462,-192.69469,226.19951
2026-03-07 14:00:00+00:00,2.1713447e-05,22.174643,-187.2725,231.62172
2026-03-07 15:00:00+00:00,0.050009508,14.940818,-194.50633,224.3879
2026-03-07 16:00:00+00:00,5.699973,49.964195,-159.48296,259.4113
2026-03-07 17:00:00+00:00,21.76998,89.33712,-120.10996,298.78418
2026-03-07 18:00:00+00:00,33.420006,279.75836,70.31124,489.2054
2026-03-07 19:00:00+00:00,48.139977,213.96562,4.5185766,423.41272
2026-03-07 20:00:00+00:00,98.63,210.22108,0.77406955,419.66818
2026-03-07 21:00:00+00:00,176.89,249.3214,39.87429,458.76846
2026-03-07 22:00:00+00:00,153.30998,252.69496,43.247887,462.14206
2026-03-07 23:00:00+00:00,158.33998,285.53976,76.092674,494.98682
2026-03-08 00:00:00+00:00,169.08998,464.09518,257.08008,671.1103
2026-03-08 01:00:00+00:00,118.24001,239.47868,32.463524,446.4938
2026-03-08 02:00:00+00:00,126.27999,216.47917,9.464072,423.4943
2026-03-08 03:00:00+00:00,140.29,150.42601,-56.58909,357.44113
2026-03-08 04:00:00+00:00,183.52998,229.41609,22.40096,436.43118
2026-03-08 05:00:00+00:00,193.71,293.55933,86.54421,500.57443
2026-03-08 06:00:00+00:00,118.480034,360.0943,153.07921,567.10944
2026-03-08 07:00:00+00:00,96.80999,257.1105,50.09536,464.1256
2026-03-08 08:00:00+00:00,90.430016,262.3635,55.34841,469.3786
2026-03-08 09:00:00+00:00,3.899985,252.5197,45.50454,459.5348
2026-03-08 10:00:00+00:00,5.409995,124.28875,-82.72642,331.30386
2026-03-08 11:00:00+00:00,10.8499975,233.299,26.283895,440.31412
2026-03-08 12:00:00+00:00,9.32009,245.89037,38.875267,452.90546
2026-03-08 13:00:00+00:00,174.58,183.0413,-23.973856,390.05643
2026-03-08 14:00:00+00:00,340.88,263.31305,56.297997,470.32816
2026-03-08 15:00:00+00:00,426.44,386.86026,179.84514,593.87537
2026-03-08 16:00:00+00:00,447.57,387.0628,180.04771,594.07794
2026-03-08 17:00:00+00:00,529.79,382.22833,175.21321,589.24347
2026-03-08 18:00:00+00:00,532.95,379.04715,172.03206,586.06226
2026-03-08 19:00:00+00:00,608.94,386.3844,179.36928,593.39954
2026-03-08 20:00:00+00:00,747.58,402.91724,195.90211,609.9323
2026-03-08 21:00:00+00:00,712.53,669.1993,462.18414,876.21436
2026-03-08 22:00:00+00:00,795.26,848.80536,641.7903,1055.8204
2026-03-08 23:00:00+00:00,949.23,851.034,644.01886,1058.0491
2026-03-09 00:00:00+00:00,987.14,938.24023,731.22516,1145.2554
2026-03-09 01:00:00+00:00,816.5,925.9564,718.94135,1132.9716
2026-03-09 02:00:00+00:00,626.25,745.39014,538.375,952.4052
2026-03-09 03:00:00+00:00,482.49,576.7645,369.7494,783.7796
2026-03-09 04:00:00+00:00,427.58,529.8017,322.7866,736.8168
2026-03-09 05:00:00+00:00,425.24,469.77982,262.7647,676.7949
2026-03-09 06:00:00+00:00,352.1,342.3922,135.37709,549.4073
2026-03-09 07:00:00+00:00,417.73,325.25412,118.239006,532.2692
2026-03-09 08:00:00+00:00,425.16,470.90115,263.88608,677.91626
2026-03-09 09:00:00+00:00,254.48,664.87854,457.86343,871.8936
2026-03-09 10:00:00+00:00,29.589987,436.18155,229.16643,643.19666
2026-03-09 11:00:00+00:00,36.130028,293.01468,85.999596,500.0298
2026-03-09 12:00:00+00:00,67.49001,172.23952,-34.77555,379.25464
2026-03-09 13:00:00+00:00,257.16,179.61922,-27.395853,386.63434
2026-03-09 14:00:00+00:00,218.34999,210.86931,3.8542697,417.88443
2026-03-09 15:00:00+00:00,139.2,301.44684,94.431725,508.4619
2026-03-09 16:00:00+00:00,149.01,317.48523,110.470116,524.5003
2026-03-09 17:00:00+00:00,158.24,270.1874,63.172264,477.2025
2026-03-09 18:00:00+00:00,170.52998,274.74234,67.727196,481.75742
2026-03-09 19:00:00+00:00,113.96999,182.17558,-24.839579,389.1907
2026-03-09 20:00:00+00:00,81.52999,146.35527,-60.65983,353.3704
2026-03-09 21:00:00+00:00,70.38003,95.4515,-111.56364,302.46658
2026-03-09 22:00:00+00:00,77.87002,176.80699,-30.208109,383.8221
2026-03-09 23:00:00+00:00,88.82998,83.84597,-123.169106,290.8611
2026-03-10 00:00:00+00:00,58.409996,445.08264,238.06755,652.0978
2026-03-10 01:00:00+00:00,44.25997,145.05934,-61.955727,352.07446
2026-03-10 02:00:00+00:00,31.610006,115.65319,-91.361855,322.6683
2026-03-10 03:00:00+00:00,5.2599707,91.2839,-115.73118,298.29904
2026-03-10 04:00:00+00:00,0.6800144,35.595055,-171.42009,242.61018
2026-03-10 05:00:00+00:00,1.8499973,30.982199,-176.03288,237.99727
2026-03-10 06:00:00+00:00,7.9300146,23.24233,-183.77281,230.25746
2026-03-10 07:00:00+00:00,21.719992,80.58645,-126.42869,287.60156
2026-03-10 08:00:00+00:00,27.800009,68.68142,-138.33372,275.6965
2026-03-10 09:00:00+00:00,46.459984,78.21792,-128.79723,285.23303
2026-03-10 10:00:00+00:00,34.07003,53.46975,-153.5454,260.48483
2026-03-10 11:00:00+00:00,90.76003,26.40096,-180.61418,233.41603
2026-03-10 12:00:00+00:00,166.73,76.77853,-130.23662,283.79367
2026-03-10 13:00:00+00:00,259.36,81.115074,-125.90006,288.13016
2026-03-10 14:00:00+00:00,333.01,120.20974,-86.805336,327.22485
2026-03-10 15:00:00+00:00,448.69,129.6043,-77.41074,336.61942
2026-03-10 16:00:00+00:00,381.21,245.14629,38.131187,452.1614
2026-03-10 17:00:00+00:00,284.47,421.31244,214.29732,628.3276
2026-03-10 18:00:00+00:00,217.98,138.6562,-68.358864,345.67133
2026-03-10 19:00:00+00:00,147.84999,142.1061,-64.90897,349.12122
2026-03-10 20:00:00+00:00,167.58,169.11833,-37.896767,376.13345
2026-03-10 21:00:00+00:00,398.93,96.24163,-110.77354,303.25674
2026-03-10 22:00:00+00:00,696.29,117.02306,-89.99204,324.03818
2026-03-10 23:00:00+00:00,411.61,189.10332,-17.911783,396.11844
2026-03-11 00:00:00+00:00,338.68,599.83966,392.82455,806.8548
2026-03-11 01:00:00+00:00,547.58,804.576,597.5609,1011.59106
2026-03-11 02:00:00+00:00,838.41,1237.994,1030.9789,1445.009
2026-03-11 03:00:00+00:00,911.06,915.63965,708.6245,1122.6548
2026-03-11 04:00:00+00:00,993.95,804.4358,597.42065,1011.45087
2026-03-11 05:00:00+00:00,1010.3,904.0103,696.99524,1111.0254
2026-03-11 06:00:00+00:00,843.72,1067.5695,860.5544,1274.5846
2026-03-11 07:00:00+00:00,699.34,653.17194,446.15683,860.1871
2026-03-11 08:00:00+00:00,589.47,866.275,659.25995,1073.2902
2026-03-11 09:00:00+00:00,324.5,890.59216,683.5771,1097.6073
2026-03-11 10:00:00+00:00,267.37,1118.2513,911.2362,1325.2665
2026-03-11 11:00:00+00:00,282.85,1178.5696,971.55444,1385.5847
2026-03-11 12:00:00+00:00,714.15,1068.6769,861.66174,1275.692
2026-03-11 13:00:00+00:00,699.95,1077.3389,870.3237,1284.354
2026-03-11 14:00:00+00:00,875.64,591.9489,384.9338,798.964
2026-03-11 15:00:00+00:00,308.56,1312.2164,1105.2013,1519.2316
2026-03-11 16:00:00+00:00,853.13,788.07056,581.0555,995.0857
2026-03-11 17:00:00+00:00,1143.11,1298.2754,1091.2603,1505.2905
2026-03-11 18:00:00+00:00,649.18,1120.6183,913.60315,1327.6334
2026-03-11 19:00:00+00:00,670.31,954.90326,747.8882,1161.9185
2026-03-11 20:00:00+00:00,899.33,1359.324,1152.309,1566.3391
2026-03-11 21:00:00+00:00,1089.51,1490.0554,1283.0403,1697.0706
2026-03-11 22:00:00+00:00,1398.07,974.3876,767.37244,1181.4027
2026-03-11 23:00:00+00:00,1425.87,857.3988,650.3837,1064.414
2026-03-12 00:00:00+00:00,1381.55,926.3873,719.3722,1133.4025
2026-03-12 01:00:00+00:00,1311.99,1225.8616,1018.84644,1432.8766
2026-03-12 02:00:00+00:00,1375.27,1232.859,1025.844,1439.8741
2026-03-12 03:00:00+00:00,1409.8,1136.5823,929.56714,1343.5973
2026-03-12 04:00:00+00:00,1284.25,1571.7457,1364.7306,1778.7609
2026-03-12 05:00:00+00:00,1052.78,1318.2155,1111.2003,1525.2306
2026-03-12 06:00:00+00:00,1085.17,878.456,671.44086,1085.4711
2026-03-12 07:00:00+00:00,1045.79,1064.5713,857.5562,1271.5864
2026-03-12 08:00:00+00:00,1167.75,1126.5573,919.5421,1333.5724
2026-03-12 09:00:00+00:00,998.95,1132.9707,925.95557,1339.9857
2026-03-12 10:00:00+00:00,826.12,884.0314,677.01624,1091.0465
2026-03-12 11:00:00+00:00,819.98,575.2341,368.21896,782.24915
2026-03-12 12:00:00+00:00,802.78,407.88556,200.87044,614.90063
2026-03-12 13:00:00+00:00,691.37,496.70374,289.68863,703.7189
2026-03-12 14:00:00+00:00,757.97,468.44016,261.42505,675.45526
2026-03-12 15:00:00+00:00,826.43,1359.1799,1152.1648,1566.1951
2026-03-12 16:00:00+00:00,1113.74,958.24054,751.2254,1165.2556
2026-03-12 17:00:00+00:00,1561.41,1272.3641,1065.349,1479.3793
2026-03-12 18:00:00+00:00,1687.95,1292.1759,1085.1608,1499.191
2026-03-12 19:00:00+00:00,1697.9001,1272.4805,1065.4653,1479.4956
2026-03-12 20:00:00+00:00,1718.89,1383.3672,1176.352,1590.3823
2026-03-12 21:00:00+00:00,1602.61,1240.678,1033.6628,1447.6931
2026-03-12 22:00:00+00:00,1655.07,1325.7384,1118.7233,1532.7535
2026-03-12 23:00:00+00:00,1716.59,1261.2294,1054.2142,1468.2445
2026-03-13 00:00:00+00:00,1706.17,1363.3608,1156.3457,1570.376
2026-03-13 01:00:00+00:00,1709.72,1422.72,1215.7048,1629.7351
2026-03-13 02:00:00+00:00,1719.43,1405.712,1198.6969,1612.727
2026-03-13 03:00:00+00:00,1705.22,1490.305,1283.2899,1697.3201
2026-03-13 04:00:00+00:00,1708.47,1544.8469,1337.8319,1751.862
2026-03-13 05:00:00+00:00,1217.98,1465.6047,1258.5896,1672.6199
2026-03-13 06:00:00+00:00,614.71,1409.012,1201.9968,1616.0271
2026-03-13 07:00:00+00:00,565.5,1311.1396,1104.1246,1518.1549
2026-03-13 08:00:00+00:00,803.42,1090.9381,883.923,1297.9532
2026-03-13 09:00:00+00:00,399.03,1083.3834,876.36835,1290.3986
2026-03-13 10:00:00+00:00,275.96,1084.836,877.821,1291.8512
2026-03-13 11:00:00+00:00,312.09,934.585,727.5699,1141.6001
2026-03-13 12:00:00+00:00,297.11,1004.0671,797.052,1211.0822
2026-03-13 13:00:00+00:00,383.12143,998.4904,791.4753,1205.5055
2026-03-13 14:00:00+00:00,383.12143,954.93115,747.9161,1161.9463
2026-03-13 15:00:00+00:00,383.12143,1023.13965,816.1245,1230.1547
2026-03-13 16:00:00+00:00,383.12143,1144.1161,937.10095,1351.1311
2026-03-13 17:00:00+00:00,383.12143,1084.2335,877.2184,1291.2487
2026-03-13 18:00:00+00:00,383.12143,709.6292,502.6141,916.6443
2026-03-13 19:00:00+00:00,383.12143,547.73456,340.71945,754.74963
2026-03-13 20:00:00+00:00,383.12143,497.1013,290.08618,704.1164
2026-03-13 21:00:00+00:00,383.12143,314.67783,107.66271,521.69293
2026-03-13 22:00:00+00:00,383.12143,380.44522,173.43013,587.4603
2026-03-13 23:00:00+00:00,383.12143,226.98006,19.964926,433.99518
2026-03-14 00:00:00+00:00,383.12143,225.00258,17.987448,432.0177
2026-03-14 01:00:00+00:00,383.12143,196.0768,-10.938333,403.0919
2026-03-14 02:00:00+00:00,383.12143,278.35867,71.34359,485.37378
2026-03-14 03:00:00+00:00,383.12143,205.78615,-1.2289822,412.80124
2026-03-14 04:00:00+00:00,383.12143,322.12656,115.11144,529.14166
2026-03-14 05:00:00+00:00,383.12143,799.9587,592.9436,1006.97375
2026-03-14 06:00:00+00:00,383.12143,245.90642,38.89132,452.92154
2026-03-14 07:00:00+00:00,383.12143,281.23364,74.21853,488.24875
2026-03-14 08:00:00+00:00,383.12143,393.6787,186.66356,600.6938
2026-03-14 09:00:00+00:00,383.12143,585.1976,378.18246,792.21265
2026-03-14 10:00:00+00:00,383.12143,338.08197,131.06685,545.09705
2026-03-14 11:00:00+00:00,383.12143,121.338585,-85.67649,328.3537
2026-03-14 12:00:00+00:00,383.12143,189.2018,-17.813272,396.21692
2026-03-14 13:00:00+00:00,383.12143,172.75227,-34.262794,379.7674
2026-03-14 14:00:00+00:00,383.12143,248.31953,41.304466,455.33466
2026-03-14 15:00:00+00:00,383.12143,210.42061,3.4054782,417.4357
2026-03-14 16:00:00+00:00,383.12143,272.24164,65.226524,479.25674
2026-03-14 17:00:00+00:00,383.12143,282.53406,75.51894,489.54913
2026-03-14 18:00:00+00:00,383.12143,225.80086,18.785788,432.81598
2026-03-14 19:00:00+00:00,383.12143,786.422,579.40686,993.43713
2026-03-14 20:00:00+00:00,383.12143,856.9919,649.97675,1064.007
2026-03-14 21:00:00+00:00,383.12143,488.15012,281.13498,695.1652
2026-03-14 22:00:00+00:00,383.12143,328.9828,121.967674,535.99786
2026-03-14 23:00:00+00:00,383.12143,265.5448,58.529686,472.55988
2026-03-15 00:00:00+00:00,383.12143,280.05942,72.618126,487.50064
2026-03-15 01:00:00+00:00,383.12143,244.13564,36.69442,451.5769
2026-03-15 02:00:00+00:00,383.12143,318.8901,111.448845,526.33136
2026-03-15 03:00:00+00:00,383.12143,381.40308,173.9618,588.8443
2026-03-15 04:00:00+00:00,383.12143,246.92955,39.488304,454.37082
2026-03-15 05:00:00+00:00,383.12143,318.26245,110.82119,525.7037
2026-03-15 06:00:00+00:00,383.12143,242.8384,35.39718,450.27966
2026-03-15 07:00:00+00:00,383.12143,366.42334,158.9821,573.8646
2026-03-15 08:00:00+00:00,383.12143,358.43686,150.99562,565.8781
2026-03-15 09:00:00+00:00,383.12143,215.40178,7.960532,422.84305
2026-03-15 10:00:00+00:00,383.12143,232.21428,24.773031,439.65555
2026-03-15 11:00:00+00:00,383.12143,154.11537,-53.325905,361.55664
2026-03-15 12:00:00+00:00,383.12143,176.58778,-30.853434,384.02905
2026-03-15 13:00:00+00:00,383.12143,111.51766,-95.92356,318.95892
2026-03-15 14:00:00+00:00,383.12143,145.10411,-62.337135,352.54538
2026-03-15 15:00:00+00:00,383.12143,156.58028,-50.86094,364.02155
2026-03-15 16:00:00+00:00,383.12143,209.80318,2.3618991,417.24445
2026-03-15 17:00:00+00:00,383.12143,120.53579,-86.90543,327.97705
2026-03-15 18:00:00+00:00,383.12143,182.29155,-25.149698,389.7328
2026-03-15 19:00:00+00:00,383.12143,234.72408,27.282858,442.16534
2026-03-15 20:00:00+00:00,383.12143,204.50679,-2.9344265,411.94806
2026-03-15 21:00:00+00:00,383.12143,308.62787,101.18661,516.0691
2026-03-15 22:00:00+00:00,383.12143,514.17346,306.73218,721.6147
2026-03-15 23:00:00+00:00,383.12143,533.619,326.17773,741.06024
2026-03-16 00:00:00+00:00,383.12143,456.89667,249.45543,664.33795
2026-03-16 01:00:00+00:00,383.12143,559.8354,352.39413,767.2767
2026-03-16 02:00:00+00:00,383.12143,666.53143,459.09018,873.97266
2026-03-16 03:00:00+00:00,383.12143,600.0968,392.65555,807.5381
2026-03-16 04:00:00+00:00,383.12143,621.9098,414.46854,829.3511
2026-03-16 05:00:00+00:00,383.12143,903.87335,696.4321,1111.3146
2026-03-16 06:00:00+00:00,383.12143,947.34393,739.9027,1154.7853
2026-03-16 07:00:00+00:00,383.12143,1354.7045,1147.2632,1562.1456
2026-03-16 08:00:00+00:00,383.12143,1229.4912,1022.0499,1436.9325
2026-03-16 09:00:00+00:00,383.12143,1281.1559,1073.7146,1488.597
2026-03-16 10:00:00+00:00,383.12143,881.3394,673.8982,1088.7806
2026-03-16 11:00:00+00:00,383.12143,724.0938,516.6525,931.53503
2026-03-16 12:00:00+00:00,383.12143,440.84866,233.40742,648.2899
2026-03-16 13:00:00+00:00,383.12143,783.3552,575.914,990.79645
2026-03-16 14:00:00+00:00,383.12143,640.3071,432.86584,847.74835
2026-03-16 15:00:00+00:00,383.12143,186.78737,-20.653849,394.22864
2026-03-16 16:00:00+00:00,383.12143,162.55757,-44.883644,369.99884
2026-03-16 17:00:00+00:00,383.12143,435.1188,227.67754,642.56006
2026-03-16 18:00:00+00:00,383.12143,791.3338,583.8926,998.775
2026-03-16 19:00:00+00:00,383.12143,661.5593,454.11807,869.00055
2026-03-16 20:00:00+00:00,383.12143,584.54614,377.1049,791.9874
2026-03-16 21:00:00+00:00,383.12143,473.32428,265.88303,680.76556
2026-03-16 22:00:00+00:00,383.12143,651.0787,443.63745,858.51996
2026-03-16 23:00:00+00:00,383.12143,884.0014,676.5602,1091.4426
2026-03-17 00:00:00+00:00,383.12143,817.2898,609.8485,1024.731
2026-03-17 01:00:00+00:00,383.12143,693.5986,486.15735,901.03986
2026-03-17 02:00:00+00:00,383.12143,449.90503,242.46376,657.34625
2026-03-17 03:00:00+00:00,383.12143,330.426,122.98473,537.86725
2026-03-17 04:00:00+00:00,383.12143,232.16707,24.72579,439.60834
2026-03-17 05:00:00+00:00,383.12143,159.84007,-47.601173,367.28134
2026-03-17 06:00:00+00:00,383.12143,156.38377,-51.057472,363.82504
2026-03-17 07:00:00+00:00,383.12143,134.86128,-72.57993,342.30255
2026-03-17 08:00:00+00:00,383.12143,9.168235,-198.27306,216.60948
2026-03-17 09:00:00+00:00,383.12143,-35.54679,-242.98802,171.89449
2026-03-17 10:00:00+00:00,383.12143,29.191366,-178.24992,236.63258
2026-03-17 11:00:00+00:00,383.12143,-39.098427,-246.53966,168.34282
2026-03-17 12:00:00+00:00,383.12143,1.0764987,-206.36473,208.51775
2026-03-17 13:00:00+00:00,383.12143,33.587486,-173.8538,241.0287
2026-03-17 14:00:00+00:00,383.12143,55.441856,-151.99944,262.8831
2026-03-17 15:00:00+00:00,383.12143,176.00246,-31.438822,383.44373
2026-03-17 16:00:00+00:00,383.12143,252.82634,45.385155,460.2676
2026-03-17 17:00:00+00:00,383.12143,222.25777,14.816489,429.69904
2026-03-17 18:00:00+00:00,383.12143,261.5839,54.1426,469.02515
2026-03-17 19:00:00+00:00,383.12143,237.28072,29.839499,444.722
2026-03-17 20:00:00+00:00,383.12143,396.303,188.86174,603.74426
2026-03-17 21:00:00+00:00,383.12143,362.44797,155.0067,569.8892
2026-03-17 22:00:00+00:00,383.12143,702.2971,494.8559,909.7384
2026-03-17 23:00:00+00:00,383.12143,856.231,648.7898,1063.6722
2026-03-18 00:00:00+00:00,383.12143,429.92822,222.48695,637.3695
2026-03-18 01:00:00+00:00,383.12143,409.68335,202.24208,617.1246
2026-03-18 02:00:00+00:00,383.12143,348.35718,140.91591,555.7984
2026-03-18 03:00:00+00:00,383.12143,251.87053,44.429222,459.31177
2026-03-18 04:00:00+00:00,383.12143,247.63612,40.194847,455.0774
2026-03-18 05:00:00+00:00,383.12143,274.52414,67.08285,481.96536
2026-03-18 06:00:00+00:00,383.12143,163.63744,-43.80381,371.07867
2026-03-18 07:00:00+00:00,383.12143,146.97813,-60.46311,354.41937
2026-03-18 08:00:00+00:00,383.12143,109.773,-97.66825,317.21426
2026-03-18 09:00:00+00:00,383.12143,148.98311,-58.458168,356.42438
2026-03-18 10:00:00+00:00,383.12143,154.28523,-53.156044,361.7265
2026-03-18 11:00:00+00:00,383.12143,80.4576,-126.98362,287.8989
2026-03-18 12:00:00+00:00,383.12143,104.26516,-103.176125,311.70642
2026-03-18 13:00:00+00:00,383.12143,76.46688,-130.97441,283.90814
2026-03-18 14:00:00+00:00,383.12143,60.01449,-147.42674,267.45578
2026-03-18 15:00:00+00:00,383.12143,35.55459,-171.88664,242.99583
2026-03-18 16:00:00+00:00,383.12143,10.058433,-197.38286,217.49965
2026-03-18 17:00:00+00:00,383.12143,68.73812,-138.70311,276.1794
2026-03-18 18:00:00+00:00,383.12143,49.75466,-157.68663,257.1959
2026-03-18 19:00:00+00:00,383.12143,43.701683,-163.73961,251.14293
2026-03-18 20:00:00+00:00,383.12143,70.36819,-137.07304,277.80945
2026-03-18 21:00:00+00:00,383.12143,125.570854,-81.8704,333.01212
2026-03-18 22:00:00+00:00,383.12143,92.987206,-114.45402,300.42847
2026-03-18 23:00:00+00:00,383.12143,108.30047,-99.140785,315.7417
2026-03-19 00:00:00+00:00,383.12143,36.99215,-170.44914,244.4334
2026-03-19 01:00:00+00:00,383.12143,46.38717,-161.05406,253.82841
2026-03-19 02:00:00+00:00,383.12143,74.992516,-132.44878,282.43375
2026-03-19 03:00:00+00:00,383.12143,123.09072,-84.3505,330.53195
2026-03-19 04:00:00+00:00,383.12143,164.6411,-42.800148,372.08237
2026-03-19 05:00:00+00:00,383.12143,130.51305,-76.92814,337.9543
2026-03-19 06:00:00+00:00,383.12143,104.88442,-102.5568,312.32568
2026-03-19 07:00:00+00:00,383.12143,116.534386,-90.9069,323.97565
2026-03-19 08:00:00+00:00,383.12143,105.218895,-102.22239,312.66016
2026-03-19 09:00:00+00:00,383.12143,44.606773,-162.83452,252.04799
2026-03-19 10:00:00+00:00,383.12143,36.19039,-171.2509,243.6316
2026-03-19 11:00:00+00:00,383.12143,79.30166,-128.13957,286.7429
2026-03-19 12:00:00+00:00,383.12143,224.42073,16.979513,431.862
2026-03-19 13:00:00+00:00,383.12143,238.391,30.94979,445.83228
2026-03-19 14:00:00+00:00,383.12143,315.2062,107.764946,522.64746
2026-03-19 15:00:00+00:00,383.12143,399.95767,192.5164,607.3989
2026-03-19 16:00:00+00:00,383.12143,368.61664,161.1754,576.05786
2026-03-19 17:00:00+00:00,383.12143,407.27045,199.82921,614.71173
2026-03-19 18:00:00+00:00,383.12143,580.1732,372.73193,787.61444
2026-03-19 19:00:00+00:00,383.12143,416.5751,209.13383,624.01636
2026-03-19 20:00:00+00:00,383.12143,371.38934,163.94807,578.83057
2026-03-19 21:00:00+00:00,383.12143,195.8527,-11.588601,403.29395
2026-03-19 22:00:00+00:00,383.12143,253.60646,46.165245,461.04773
2026-03-19 23:00:00+00:00,383.12143,260.05457,52.613304,467.49582
2026-03-20 00:00:00+00:00,383.12143,230.8076,23.366354,438.24884
2026-03-20 01:00:00+00:00,383.12143,143.5158,-63.925514,350.95706
2026-03-20 02:00:00+00:00,383.12143,83.13607,-124.305214,290.5773
2026-03-20 03:00:00+00:00,383.12143,107.6802,-99.761024,315.12146
2026-03-20 04:00:00+00:00,383.12143,86.908775,-120.53251,294.35004
2026-03-20 05:00:00+00:00,383.12143,218.85948,11.418235,426.30075
2026-03-20 06:00:00+00:00,383.12143,192.97728,-14.463906,400.41855
2026-03-20 07:00:00+00:00,383.12143,364.83768,157.39644,572.27893
2026-03-20 08:00:00+00:00,383.12143,337.64365,130.20238,545.0849
2026-03-20 09:00:00+00:00,383.12143,368.11545,160.67418,575.5567
2026-03-20 10:00:00+00:00,383.12143,188.84239,-18.598795,396.28366
2026-03-20 11:00:00+00:00,383.12143,231.89992,24.4587,439.3412
2026-03-20 12:00:00+00:00,383.12143,114.256584,-93.18467,321.6978
2026-03-20 13:00:00+00:00,383.12143,128.75322,-78.68803,336.1945
2026-03-20 14:00:00+00:00,383.12143,128.43892,-79.00236,335.8802
2026-03-20 15:00:00+00:00,383.12143,79.914696,-127.52659,287.35596
2026-03-20 16:00:00+00:00,383.12143,80.78542,-126.6558,288.22665
2026-03-20 17:00:00+00:00,383.12143,76.647606,-130.79369,284.08884
2026-03-20 18:00:00+00:00,383.12143,122.19381,-85.24741,329.63507
2026-03-20 19:00:00+00:00,383.12143,73.00094,-134.44035,280.44217
2026-03-20 20:00:00+00:00,383.12143,98.169334,-109.27189,305.6106
2026-03-20 21:00:00+00:00,383.12143,68.19021,-139.25102,275.63147
2026-03-20 22:00:00+00:00,383.12143,54.10549,-153.33574,261.54675
2026-03-20 23:00:00+00:00,383.12143,53.46096,-153.98027,260.90222
2026-03-21 00:00:00+00:00,383.12143,-10.595986,-218.03728,196.84526
2026-03-21 01:00:00+00:00,383.12143,30.149618,-177.29161,237.59087
2026-03-21 02:00:00+00:00,383.12143,50.119713,-157.32152,257.56097
2026-03-21 03:00:00+00:00,383.12143,43.969627,-163.4716,251.4109
2026-03-21 04:00:00+00:00,383.12143,54.73562,-152.70561,262.1769
2026-03-21 05:00:00+00:00,383.12143,113.16485,-94.27647,320.6061
2026-03-21 06:00:00+00:00,383.12143,101.55694,-105.884315,308.9982
2026-03-21 07:00:00+00:00,383.12143,168.90712,-38.534157,376.34836
2026-03-21 08:00:00+00:00,383.12143,215.32484,7.883567,422.76608
2026-03-21 09:00:00+00:00,383.12143,274.51022,67.06893,481.95148
2026-03-21 10:00:00+00:00,383.12143,154.546,-52.89524,361.98724
2026-03-21 11:00:00+00:00,383.12143,137.94942,-69.4918,345.3907
2026-03-21 12:00:00+00:00,383.12143,41.516014,-165.92528,248.95726
2026-03-21 13:00:00+00:00,383.12143,95.295616,-112.14567,302.73688
2026-03-21 14:00:00+00:00,383.12143,140.0678,-67.37351,347.50906
2026-03-21 15:00:00+00:00,383.12143,145.16328,-62.27793,352.60455
2026-03-21 16:00:00+00:00,383.12143,147.31017,-60.13108,354.7514
2026-03-21 17:00:00+00:00,383.12143,259.07407,51.632835,466.51532
2026-03-21 18:00:00+00:00,383.12143,292.06674,84.62551,499.508
2026-03-21 19:00:00+00:00,383.12143,302.14084,94.69955,509.58206
2026-03-21 20:00:00+00:00,383.12143,397.5928,190.15154,605.03406
2026-03-21 21:00:00+00:00,383.12143,496.5706,289.12936,704.01184
2026-03-21 22:00:00+00:00,383.12143,362.8732,155.43196,570.31445
2026-03-21 23:00:00+00:00,383.12143,190.90034,-16.540873,398.3416
