date,wind_onshore_50hz_actual,wind_onshore_50hz_fitted,wind_onshore_50hz_lower,wind_onshore_50hz_upper
2026-02-15 00:00:00+00:00,940.9501,1404.5345,1107.066,1702.0033
2026-02-15 01:00:00+00:00,826.5499,1263.0009,965.5326,1560.4691
2026-02-15 02:00:00+00:00,694.96985,973.4774,676.00916,1270.9459
2026-02-15 03:00:00+00:00,586.55994,809.22986,511.76138,1106.6984
2026-02-15 04:00:00+00:00,484.96036,456.14688,158.67862,753.6151
2026-02-15 05:00:00+00:00,322.2001,765.7733,468.30484,1063.2418
2026-02-15 06:00:00+00:00,226.62027,501.9882,204.51993,799.45667
2026-02-15 07:00:00+00:00,179.90005,301.04434,3.5760794,598.5128
2026-02-15 08:00:00+00:00,147.77017,819.2477,521.7792,1116.716
2026-02-15 09:00:00+00:00,190.32974,817.1537,519.6852,1114.6222
2026-02-15 10:00:00+00:00,310.68008,575.2799,277.81143,872.7484
2026-02-15 11:00:00+00:00,500.26016,961.2516,663.7831,1258.7198
2026-02-15 12:00:00+00:00,812.1,1119.1964,821.72815,1416.6649
2026-02-15 13:00:00+00:00,1164.13,1214.243,916.77454,1511.7115
2026-02-15 14:00:00+00:00,1638.2499,1325.786,1028.3175,1623.2545
2026-02-15 15:00:00+00:00,2322.4,2233.9465,1936.4781,2531.415
2026-02-15 16:00:00+00:00,3381.65,2254.3396,1956.871,2551.808
2026-02-15 17:00:00+00:00,5752.97,4528.376,4230.907,4825.844
2026-02-15 18:00:00+00:00,6998.87,6128.8,5831.3315,6426.268
2026-02-15 19:00:00+00:00,8132.65,6131.549,5834.0806,6429.017
2026-02-15 20:00:00+00:00,9255.07,8264.744,7967.276,8562.212
2026-02-15 21:00:00+00:00,9631.11,8458.58,8161.112,8756.048
2026-02-15 22:00:00+00:00,9491.85,8950.53,8653.062,9247.998
2026-02-15 23:00:00+00:00,9557.13,8737.686,8440.217,9035.153
2026-02-16 00:00:00+00:00,9644.76,9739.023,9441.555,10036.491
2026-02-16 01:00:00+00:00,9485.05,9520.371,9222.903,9817.84
2026-02-16 02:00:00+00:00,9086.37,8873.354,8575.886,9170.822
2026-02-16 03:00:00+00:00,9131.96,8163.0273,7865.559,8460.495
2026-02-16 04:00:00+00:00,8901.69,7453.324,7155.8555,7750.7925
2026-02-16 05:00:00+00:00,8627.67,7690.789,7393.3203,7988.2573
2026-02-16 06:00:00+00:00,8275.95,5092.3853,4794.917,5389.854
2026-02-16 07:00:00+00:00,7838.15,4915.4595,4617.991,5212.9277
2026-02-16 08:00:00+00:00,7287.36,5085.9233,4788.455,5383.392
2026-02-16 09:00:00+00:00,6697.31,4821.722,4524.254,5119.191
2026-02-16 10:00:00+00:00,5975.24,4485.739,4188.27,4783.207
2026-02-16 11:00:00+00:00,5207.89,5014.972,4717.504,5312.4404
2026-02-16 12:00:00+00:00,4599.49,3790.5083,3493.0398,4087.9766
2026-02-16 13:00:00+00:00,4154.6,3973.035,3675.5667,4270.5034
2026-02-16 14:00:00+00:00,3543.56,3651.7217,3354.2532,3949.1902
2026-02-16 15:00:00+00:00,3148.58,2902.4604,2604.9922,3199.929
2026-02-16 16:00:00+00:00,3153.28,2327.3145,2029.846,2624.783
2026-02-16 17:00:00+00:00,3250.86,1959.1573,1661.6888,2256.6257
2026-02-16 18:00:00+00:00,3105.55,2682.3613,2384.893,2979.8298
2026-02-16 19:00:00+00:00,2866.78,2377.6912,2080.223,2675.1597
2026-02-16 20:00:00+00:00,2752.12,1624.7018,1327.2333,1922.1702
2026-02-16 21:00:00+00:00,2677.29,906.40344,608.9352,1203.8717
2026-02-16 22:00:00+00:00,2542.71,1369.049,1071.5807,1666.5175
2026-02-16 23:00:00+00:00,2473.32,924.4088,626.9403,1221.8773
2026-02-17 00:00:00+00:00,2422.75,1083.797,786.3285,1381.2655
2026-02-17 01:00:00+00:00,2245.69,1201.4689,904.0006,1498.9371
2026-02-17 02:00:00+00:00,1941.69,1181.6991,884.2306,1479.1676
2026-02-17 03:00:00+00:00,1774.7601,855.12317,557.65466,1152.5917
2026-02-17 04:00:00+00:00,1600.1,744.0077,446.53946,1041.476
2026-02-17 05:00:00+00:00,1464.84,753.9955,456.527,1051.464
2026-02-17 06:00:00+00:00,1302.66,619.2894,321.82095,916.75793
2026-02-17 07:00:00+00:00,1304.37,764.2977,466.8295,1061.766
2026-02-17 08:00:00+00:00,1351.7699,776.4159,478.94742,1073.8842
2026-02-17 09:00:00+00:00,1324.36,636.7743,339.30582,934.2428
2026-02-17 10:00:00+00:00,1345.83,406.17667,108.708405,703.6449
2026-02-17 11:00:00+00:00,1340.34,104.80679,-192.66147,402.2753
2026-02-17 12:00:00+00:00,1297.85,124.17642,-173.29184,421.64468
2026-02-17 13:00:00+00:00,1096.6,180.60391,-116.86435,478.07217
2026-02-17 14:00:00+00:00,1081.5499,196.68497,-100.78354,494.15323
2026-02-17 15:00:00+00:00,1379.37,249.73502,-47.733246,547.2035
2026-02-17 16:00:00+00:00,1756.21,481.60367,184.1354,779.0719
2026-02-17 17:00:00+00:00,2038.4202,1178.0914,880.6229,1475.5599
2026-02-17 18:00:00+00:00,2442.37,1088.8041,791.3356,1386.2723
2026-02-17 19:00:00+00:00,2955.02,1710.9342,1413.4657,2008.4025
2026-02-17 20:00:00+00:00,3397.54,1091.233,793.7648,1388.7013
2026-02-17 21:00:00+00:00,3438.85,1038.9105,741.44226,1336.3788
2026-02-17 22:00:00+00:00,3582.02,1575.8021,1278.3336,1873.2708
2026-02-17 23:00:00+00:00,3592.53,1071.3534,773.8849,1368.8219
2026-02-18 00:00:00+00:00,3487.98,916.28577,618.8175,1213.754
2026-02-18 01:00:00+00:00,3268.41,594.98596,297.51773,892.4542
2026-02-18 02:00:00+00:00,2874.68,675.1288,377.6603,972.5973
2026-02-18 03:00:00+00:00,2499.58,914.77527,617.307,1212.2438
2026-02-18 04:00:00+00:00,2057.98,443.7919,146.3234,741.26013
2026-02-18 05:00:00+00:00,1704.88,412.944,115.47574,710.41223
2026-02-18 06:00:00+00:00,1536.0099,833.44666,535.9784,1130.9149
2026-02-18 07:00:00+00:00,1410.86,1365.3141,1067.8456,1662.7823
2026-02-18 08:00:00+00:00,1061.16,1166.1405,868.67224,1463.609
2026-02-18 09:00:00+00:00,818.6,998.4442,700.9757,1295.9127
2026-02-18 10:00:00+00:00,789.7799,1123.4918,826.0233,1420.9603
2026-02-18 11:00:00+00:00,803.15,1177.8773,880.4088,1475.3458
2026-02-18 12:00:00+00:00,790.97986,800.9728,503.50455,1098.441
2026-02-18 13:00:00+00:00,769.15,1083.827,786.35876,1381.2955
2026-02-18 14:00:00+00:00,729.2001,969.8292,672.36096,1267.2977
2026-02-18 15:00:00+00:00,671.11,1214.8043,917.3358,1512.2728
2026-02-18 16:00:00+00:00,631.65,1009.5294,712.0609,1306.9979
2026-02-18 17:00:00+00:00,677.92004,783.4999,486.0314,1080.9684
2026-02-18 18:00:00+00:00,611.7999,620.65125,323.183,918.11975
2026-02-18 19:00:00+00:00,716.06995,781.6085,484.14005,1079.077
2026-02-18 20:00:00+00:00,913.66003,797.8368,500.36832,1095.3055
2026-02-18 21:00:00+00:00,1118.0599,1939.0881,1641.6198,2236.5566
2026-02-18 22:00:00+00:00,1462.18,1683.5221,1386.0536,1980.9907
2026-02-18 23:00:00+00:00,1810.34,1751.3835,1453.9149,2048.852
2026-02-19 00:00:00+00:00,2213.37,1697.1469,1399.6786,1994.6154
2026-02-19 01:00:00+00:00,2875.73,1742.8302,1445.3617,2040.2988
2026-02-19 02:00:00+00:00,3447.1,1638.1654,1340.6971,1935.6338
2026-02-19 03:00:00+00:00,3960.54,2528.816,2231.3477,2826.2844
2026-02-19 04:00:00+00:00,4430.52,2691.2966,2393.8281,2988.765
2026-02-19 05:00:00+00:00,4931.94,3032.4585,2734.99,3329.927
2026-02-19 06:00:00+00:00,5198.96,2330.507,2033.0385,2627.9756
2026-02-19 07:00:00+00:00,4707.7,3102.352,2804.8838,3399.8206
2026-02-19 08:00:00+00:00,3789.93,2600.1985,2302.73,2897.6667
2026-02-19 09:00:00+00:00,2834.71,1683.9711,1386.5028,1981.4395
2026-02-19 10:00:00+00:00,2568.99,1684.2882,1386.8197,1981.7565
2026-02-19 11:00:00+00:00,2759.51,2358.9854,2061.5168,2656.4536
2026-02-19 12:00:00+00:00,3287.14,2054.0425,1756.5742,2351.511
2026-02-19 13:00:00+00:00,3973.99,2172.8772,1875.4086,2470.3455
2026-02-19 14:00:00+00:00,4570.31,2794.7104,2497.242,3092.1787
2026-02-19 15:00:00+00:00,5230.4,3011.1375,2713.6692,3308.606
2026-02-19 16:00:00+00:00,5911.96,4157.635,3860.1663,4455.103
2026-02-19 17:00:00+00:00,6342.51,4881.3696,4583.9014,5178.838
2026-02-19 18:00:00+00:00,6838.09,5073.0405,4775.572,5370.509
2026-02-19 19:00:00+00:00,6640.39,4601.6904,4304.2217,4899.1587
2026-02-19 20:00:00+00:00,6239.92,3960.447,3662.9785,4257.9155
2026-02-19 21:00:00+00:00,5544.93,4038.018,3740.5496,4335.4863
2026-02-19 22:00:00+00:00,5007.23,4234.3506,3936.8823,4531.8193
2026-02-19 23:00:00+00:00,5009.66,4023.8164,3726.3481,4321.285
2026-02-20 00:00:00+00:00,4885.36,3312.5288,3015.0605,3609.9973
2026-02-20 01:00:00+00:00,4724.34,3519.4187,3221.9504,3816.8872
2026-02-20 02:00:00+00:00,4600.0,3154.797,2857.3289,3452.2656
2026-02-20 03:00:00+00:00,4613.14,2825.3623,2527.8938,3122.8308
2026-02-20 04:00:00+00:00,4754.32,2915.778,2618.3096,3213.2463
2026-02-20 05:00:00+00:00,5201.02,3753.1772,3455.709,4050.6458
2026-02-20 06:00:00+00:00,5128.18,3317.0317,3019.5632,3614.5
2026-02-20 07:00:00+00:00,4638.82,3761.5757,3464.1072,4059.0442
2026-02-20 08:00:00+00:00,3606.98,2965.9211,2668.4526,3263.3896
2026-02-20 09:00:00+00:00,2823.56,2420.309,2122.8406,2717.7776
2026-02-20 10:00:00+00:00,2763.26,3027.2974,2729.829,3324.7659
2026-02-20 11:00:00+00:00,3488.33,3215.8242,2918.356,3513.2927
2026-02-20 12:00:00+00:00,4507.65,3581.063,3283.5945,3878.5315
2026-02-20 13:00:00+00:00,5167.39,4031.1697,3733.7012,4328.638
2026-02-20 14:00:00+00:00,5850.67,5019.8677,4722.3994,5317.336
2026-02-20 15:00:00+00:00,6369.03,6296.137,5998.669,6593.606
2026-02-20 16:00:00+00:00,7227.19,7124.69,6827.2217,7422.1587
2026-02-20 17:00:00+00:00,8637.33,6858.26,6560.791,7155.728
2026-02-20 18:00:00+00:00,9454.69,8978.82,8681.353,9276.289
2026-02-20 19:00:00+00:00,9808.68,7656.9473,7359.479,7954.4155
2026-02-20 20:00:00+00:00,9947.19,8523.782,8226.313,8821.251
2026-02-20 21:00:00+00:00,9578.51,8500.374,8202.906,8797.843
2026-02-20 22:00:00+00:00,9502.43,8361.867,8064.3994,8659.336
2026-02-20 23:00:00+00:00,9481.77,7372.8774,7075.409,7670.3457
2026-02-21 00:00:00+00:00,9665.03,7041.0005,6743.532,7338.4688
2026-02-21 01:00:00+00:00,10187.08,7728.1323,7430.664,8025.6006
2026-02-21 02:00:00+00:00,10620.73,9284.354,8986.885,9581.821
2026-02-21 03:00:00+00:00,11102.64,9987.367,9689.898,10284.835
2026-02-21 04:00:00+00:00,11564.69,9622.993,9325.525,9920.462
2026-02-21 05:00:00+00:00,12289.35,10203.727,9906.259,10501.195
2026-02-21 06:00:00+00:00,12706.95,11512.481,11215.013,11809.95
2026-02-21 07:00:00+00:00,13013.29,10533.62,10236.152,10831.089
2026-02-21 08:00:00+00:00,12499.96,10501.858,10204.39,10799.327
2026-02-21 09:00:00+00:00,12079.7,9647.011,9349.542,9944.4795
2026-02-21 10:00:00+00:00,11518.6,9321.182,9023.713,9618.649
2026-02-21 11:00:00+00:00,11185.4795,9468.641,9171.173,9766.109
2026-02-21 12:00:00+00:00,10835.05,8299.006,8001.5376,8596.474
2026-02-21 13:00:00+00:00,10310.49,8021.793,7724.324,8319.261
2026-02-21 14:00:00+00:00,9940.53,7771.0137,7473.5454,8068.482
2026-02-21 15:00:00+00:00,9849.68,7462.4854,7165.017,7759.9536
2026-02-21 16:00:00+00:00,10010.14,8165.7593,7868.291,8463.228
2026-02-21 17:00:00+00:00,10424.44,9219.601,8922.132,9517.068
2026-02-21 18:00:00+00:00,10380.22,9710.606,9413.139,10008.075
2026-02-21 19:00:00+00:00,10306.75,9051.055,8753.586,9348.523
2026-02-21 20:00:00+00:00,9671.17,8987.439,8689.971,9284.907
2026-02-21 21:00:00+00:00,8919.16,8359.513,8062.045,8656.981
2026-02-21 22:00:00+00:00,8556.19,8234.526,7937.058,8531.995
2026-02-21 23:00:00+00:00,8115.84,5863.695,5566.2266,6161.163
2026-02-22 00:00:00+00:00,7239.9,6666.1743,6371.836,6960.512
2026-02-22 01:00:00+00:00,6226.53,6273.5527,5979.215,6567.8906
2026-02-22 02:00:00+00:00,5740.16,6055.2026,5760.8647,6349.5405
2026-02-22 03:00:00+00:00,5868.16,4828.272,4533.9336,5122.61
2026-02-22 04:00:00+00:00,5746.97,4356.0415,4061.7031,4650.3794
2026-02-22 05:00:00+00:00,6146.88,4361.2007,4066.8625,4655.5386
2026-02-22 06:00:00+00:00,7119.09,3977.1753,3682.8374,4271.513
2026-02-22 07:00:00+00:00,8231.66,5720.6353,5426.2974,6014.973
2026-02-22 08:00:00+00:00,8957.59,9447.467,9153.129,9741.805
2026-02-22 09:00:00+00:00,9574.62,9598.624,9304.286,9892.962
2026-02-22 10:00:00+00:00,10222.52,7471.0156,7176.6777,7765.3535
2026-02-22 11:00:00+00:00,10396.41,8976.778,8682.44,9271.117
2026-02-22 12:00:00+00:00,10121.63,8723.923,8429.585,9018.261
2026-02-22 13:00:00+00:00,9982.71,8677.31,8382.972,8971.647
2026-02-22 14:00:00+00:00,10476.199,8645.007,8350.669,8939.345
2026-02-22 15:00:00+00:00,11253.45,9215.607,8921.27,9509.945
2026-02-22 16:00:00+00:00,11652.52,9401.122,9106.784,9695.46
2026-02-22 17:00:00+00:00,12357.55,10903.564,10609.227,11197.902
2026-02-22 18:00:00+00:00,12997.9,11246.405,10952.067,11540.743
2026-02-22 19:00:00+00:00,13138.6,10720.649,10426.312,11014.987
2026-02-22 20:00:00+00:00,13143.99,11129.476,10835.138,11423.813
2026-02-22 21:00:00+00:00,12126.43,11183.601,10889.263,11477.939
2026-02-22 22:00:00+00:00,11038.56,10990.539,10696.201,11284.877
2026-02-22 23:00:00+00:00,9502.9,9745.406,9451.068,10039.744
2026-02-23 00:00:00+00:00,8129.86,7603.092,7308.754,7897.43
2026-02-23 01:00:00+00:00,7620.89,6311.83,6017.492,6606.1685
2026-02-23 02:00:00+00:00,7580.13,6646.124,6351.7856,6940.462
2026-02-23 03:00:00+00:00,8545.5,7992.705,7698.3667,8287.043
2026-02-23 04:00:00+00:00,9101.79,9629.255,9334.917,9923.594
2026-02-23 05:00:00+00:00,9551.67,9810.7295,9516.392,10105.067
2026-02-23 06:00:00+00:00,10006.6,8421.672,8127.3345,8716.011
2026-02-23 07:00:00+00:00,9766.83,7981.292,7686.954,8275.63
2026-02-23 08:00:00+00:00,9633.27,8185.5527,7891.215,8479.891
2026-02-23 09:00:00+00:00,10492.779,10831.705,10537.366,11126.043
2026-02-23 10:00:00+00:00,11323.67,10168.733,9874.3955,10463.072
2026-02-23 11:00:00+00:00,11750.91,9761.15,9466.8125,10055.488
2026-02-23 12:00:00+00:00,11777.6,10054.95,9760.612,10349.288
2026-02-23 13:00:00+00:00,11032.7,11187.521,10893.184,11481.859
2026-02-23 14:00:00+00:00,10792.509,10361.104,10066.766,10655.441
2026-02-23 15:00:00+00:00,10464.45,10759.0,10464.662,11053.338
2026-02-23 16:00:00+00:00,10386.78,10459.1045,10164.767,10753.442
2026-02-23 17:00:00+00:00,10132.26,9353.996,9059.658,9648.334
2026-02-23 18:00:00+00:00,10162.31,9172.153,8877.814,9466.491
2026-02-23 19:00:00+00:00,9900.32,9402.928,9108.59,9697.266
2026-02-23 20:00:00+00:00,9461.23,10760.684,10466.345,11055.021
2026-02-23 21:00:00+00:00,8631.33,9734.72,9440.382,10029.058
2026-02-23 22:00:00+00:00,8342.35,9922.919,9628.581,10217.257
2026-02-23 23:00:00+00:00,8131.67,8707.245,8412.907,9001.584
2026-02-24 00:00:00+00:00,7771.4995,8294.642,8000.3037,8588.9795
2026-02-24 01:00:00+00:00,7440.6,7598.2437,7303.906,7892.582
2026-02-24 02:00:00+00:00,6922.56,8191.459,7897.1206,8485.797
2026-02-24 03:00:00+00:00,6219.24,6236.9907,5942.6523,6531.3286
2026-02-24 04:00:00+00:00,5350.28,6093.639,5799.3013,6387.9775
2026-02-24 05:00:00+00:00,4610.69,5145.41,4851.072,5439.748
2026-02-24 06:00:00+00:00,3831.24,3433.212,3138.874,3727.55
2026-02-24 07:00:00+00:00,2947.9,3492.7412,3198.4033,3787.0793
2026-02-24 08:00:00+00:00,2141.1401,2967.423,2673.0852,3261.7612
2026-02-24 09:00:00+00:00,1481.7899,2738.1802,2443.842,3032.518
2026-02-24 10:00:00+00:00,1188.7799,2259.3171,1964.9789,2553.6553
2026-02-24 11:00:00+00:00,937.62,2115.6277,1821.2897,2409.9658
2026-02-24 12:00:00+00:00,748.5099,1673.91,1379.5719,1968.248
2026-02-24 13:00:00+00:00,538.82996,1386.7594,1092.4215,1681.0975
2026-02-24 14:00:00+00:00,491.4501,1418.4948,1124.1569,1712.8329
2026-02-24 15:00:00+00:00,479.15005,1217.8322,923.494,1512.17
2026-02-24 16:00:00+00:00,381.93008,642.42224,348.08414,936.7604
2026-02-24 17:00:00+00:00,319.2001,502.18008,207.84195,796.51794
2026-02-24 18:00:00+00:00,241.47012,511.8539,217.51602,806.192
2026-02-24 19:00:00+00:00,183.9401,435.17545,140.83755,729.51355
2026-02-24 20:00:00+00:00,190.95987,263.7455,-30.592623,558.0834
2026-02-24 21:00:00+00:00,302.83,224.41446,-69.923676,518.7523
2026-02-24 22:00:00+00:00,466.99014,615.5753,321.2372,909.91345
2026-02-24 23:00:00+00:00,578.57996,961.2345,666.8966,1255.5726
2026-02-25 00:00:00+00:00,574.12,1441.5338,1147.1957,1735.8717
2026-02-25 01:00:00+00:00,579.0099,1048.7208,754.38293,1343.059
2026-02-25 02:00:00+00:00,536.4501,867.2245,572.8866,1161.5626
2026-02-25 03:00:00+00:00,394.08,1162.7216,868.38367,1457.0597
2026-02-25 04:00:00+00:00,339.29996,1040.8246,746.48645,1335.1625
2026-02-25 05:00:00+00:00,424.7499,1117.7606,823.4225,1412.0988
2026-02-25 06:00:00+00:00,612.2001,1261.275,966.93713,1555.6132
2026-02-25 07:00:00+00:00,656.97986,1337.4943,1043.1561,1631.8324
2026-02-25 08:00:00+00:00,557.7899,1493.4281,1199.0902,1787.7662
2026-02-25 09:00:00+00:00,403.63004,1207.3939,913.0558,1501.7318
2026-02-25 10:00:00+00:00,383.34976,939.4496,645.11145,1233.7875
2026-02-25 11:00:00+00:00,443.6,1002.11633,707.77844,1296.4545
2026-02-25 12:00:00+00:00,563.62024,541.9103,247.57242,836.2484
2026-02-25 13:00:00+00:00,720.12,765.2704,470.93228,1059.6085
2026-02-25 14:00:00+00:00,962.7799,1112.9506,818.6124,1407.2887
2026-02-25 15:00:00+00:00,1537.7999,1629.8712,1335.5331,1924.2092
2026-02-25 16:00:00+00:00,2638.44,3520.0222,3225.6843,3814.3604
2026-02-25 17:00:00+00:00,4369.4,5163.118,4868.78,5457.456
2026-02-25 18:00:00+00:00,6084.61,6934.7007,6640.363,7229.0386
2026-02-25 19:00:00+00:00,7460.69,7047.6987,6753.3604,7342.0366
2026-02-25 20:00:00+00:00,8058.94,6633.098,6338.7603,6927.436
2026-02-25 21:00:00+00:00,7957.75,6326.4766,6032.1387,6620.815
2026-02-25 22:00:00+00:00,7630.75,7691.266,7396.928,7985.604
2026-02-25 23:00:00+00:00,7300.3,6600.421,6306.083,6894.759
2026-02-26 00:00:00+00:00,7011.35,7219.954,6925.6157,7514.292
2026-02-26 01:00:00+00:00,6642.11,7778.249,7483.911,8072.5874
2026-02-26 02:00:00+00:00,6570.28,7465.045,7170.7065,7759.383
2026-02-26 03:00:00+00:00,6768.85,6849.622,6555.2837,7143.96
2026-02-26 04:00:00+00:00,7138.15,7032.806,6738.468,7327.144
2026-02-26 05:00:00+00:00,7321.2,7395.7144,7101.376,7690.0522
2026-02-26 06:00:00+00:00,7195.54,8262.431,7968.0933,8556.77
2026-02-26 07:00:00+00:00,6710.34,7125.671,6831.333,7420.0093
2026-02-26 08:00:00+00:00,4988.18,7946.7793,7652.4414,8241.117
2026-02-26 09:00:00+00:00,3343.2,7138.3535,6844.0156,7432.6914
2026-02-26 10:00:00+00:00,2801.03,4025.8118,3731.4736,4320.15
2026-02-26 11:00:00+00:00,2472.47,3188.9712,2894.6333,3483.3093
2026-02-26 12:00:00+00:00,2363.4,2842.4446,2548.1067,3136.7827
2026-02-26 13:00:00+00:00,2863.58,2288.7979,1994.4597,2583.136
2026-02-26 14:00:00+00:00,3517.04,3485.6064,3191.2683,3779.9443
2026-02-26 15:00:00+00:00,3644.86,3710.4463,3416.1082,4004.7844
2026-02-26 16:00:00+00:00,4246.94,4125.0146,3830.6765,4419.3525
2026-02-26 17:00:00+00:00,5616.09,4644.079,4349.7407,4938.417
2026-02-26 18:00:00+00:00,6834.11,4953.5215,4659.183,5247.8594
2026-02-26 19:00:00+00:00,7907.59,6961.3384,6667.0,7255.676
2026-02-26 20:00:00+00:00,8297.16,7074.4355,6780.0977,7368.7734
2026-02-26 21:00:00+00:00,8217.63,7420.851,7126.513,7715.1895
2026-02-26 22:00:00+00:00,7899.55,8081.4214,7787.083,8375.759
2026-02-26 23:00:00+00:00,7894.42,7814.2686,7519.9307,8108.6064
2026-02-27 00:00:00+00:00,7927.96,7140.2993,6845.961,7434.637
2026-02-27 01:00:00+00:00,7824.69,7744.795,7450.457,8039.1333
2026-02-27 02:00:00+00:00,7804.14,8391.091,8096.7524,8685.429
2026-02-27 03:00:00+00:00,7603.18,8187.3315,7892.9937,8481.669
2026-02-27 04:00:00+00:00,7476.6,7522.7583,7228.4204,7817.096
2026-02-27 05:00:00+00:00,7805.4995,7028.0547,6733.717,7322.3926
2026-02-27 06:00:00+00:00,7740.33,6618.2363,6323.8984,6912.5747
2026-02-27 07:00:00+00:00,6854.11,7101.102,6806.7637,7395.44
2026-02-27 08:00:00+00:00,5432.05,6886.5903,6592.252,7180.928
2026-02-27 09:00:00+00:00,3759.66,5856.7197,5562.382,6151.058
2026-02-27 10:00:00+00:00,3021.58,4239.1816,3944.8435,4533.5195
2026-02-27 11:00:00+00:00,2957.79,3236.59,2942.252,3530.928
2026-02-27 12:00:00+00:00,3135.78,2857.22,2562.8818,3151.5579
2026-02-27 13:00:00+00:00,3668.89,3245.7327,2951.3945,3540.0708
2026-02-27 14:00:00+00:00,4096.07,3650.0447,3355.7068,3944.3828
2026-02-27 15:00:00+00:00,4196.63,4504.414,4210.076,4798.7524
2026-02-27 16:00:00+00:00,5036.92,5757.588,5463.2495,6051.926
2026-02-27 17:00:00+00:00,6800.57,7122.842,6828.504,7417.18
2026-02-27 18:00:00+00:00,8337.46,7427.0044,7132.666,7721.3423
2026-02-27 19:00:00+00:00,9046.97,7612.6606,7318.3228,7906.999
2026-02-27 20:00:00+00:00,9182.1,9433.982,9139.645,9728.32
2026-02-27 21:00:00+00:00,8930.09,9754.068,9459.73,10048.406
2026-02-27 22:00:00+00:00,8389.85,9341.704,9047.366,9636.042
2026-02-27 23:00:00+00:00,7666.28,8477.29,8182.9526,8771.628
2026-02-28 00:00:00+00:00,7085.6396,6668.377,6374.039,6962.7153
2026-02-28 01:00:00+00:00,6710.3,6273.702,5979.3643,6568.04
2026-02-28 02:00:00+00:00,6497.97,6189.18,5894.8423,6483.5186
2026-02-28 03:00:00+00:00,6533.52,6364.585,6070.247,6658.9233
2026-02-28 04:00:00+00:00,6412.75,6298.4517,6004.1133,6592.7896
2026-02-28 05:00:00+00:00,6452.86,6005.694,5711.3555,6300.0317
2026-02-28 06:00:00+00:00,6306.84,5906.959,5612.621,6201.2974
2026-02-28 07:00:00+00:00,5900.56,5960.491,5666.1533,6254.829
2026-02-28 08:00:00+00:00,4188.88,5504.59,5210.252,5798.9277
2026-02-28 09:00:00+00:00,2451.58,3832.0774,3537.7393,4126.4155
2026-02-28 10:00:00+00:00,2105.59,2338.9192,2044.5812,2633.2573
2026-02-28 11:00:00+00:00,2552.72,2344.927,2050.5889,2639.2651
2026-02-28 12:00:00+00:00,3112.34,2353.2166,2058.8784,2647.5547
2026-02-28 13:00:00+00:00,3524.79,3336.528,3042.19,3630.866
2026-02-28 14:00:00+00:00,4330.33,3168.1816,2873.8435,3462.5195
2026-02-28 15:00:00+00:00,4761.11,3171.4363,2877.0981,3465.7742
2026-02-28 16:00:00+00:00,5215.24,3378.9968,3084.659,3673.335
2026-02-28 17:00:00+00:00,6333.24,7012.7915,6718.4536,7307.13
2026-02-28 18:00:00+00:00,7520.6895,7121.188,6826.85,7415.526
2026-02-28 19:00:00+00:00,9046.76,7278.3013,6983.963,7572.639
2026-02-28 20:00:00+00:00,10123.45,9541.846,9247.508,9836.184
2026-02-28 21:00:00+00:00,10694.789,10720.839,10426.501,11015.177
2026-02-28 22:00:00+00:00,11716.8,9985.242,9690.904,10279.581
2026-02-28 23:00:00+00:00,11383.66,8179.949,7885.6113,8474.287
2026-03-01 00:00:00+00:00,10807.63,7563.555,7257.5664,7869.544
2026-03-01 01:00:00+00:00,10418.66,9030.123,8724.134,9336.112
2026-03-01 02:00:00+00:00,9444.34,9185.89,8879.9,9491.879
2026-03-01 03:00:00+00:00,8643.11,8996.219,8690.23,9302.208
2026-03-01 04:00:00+00:00,7796.75,7956.1924,7650.203,8262.181
2026-03-01 05:00:00+00:00,6659.29,5741.5127,5435.5234,6047.502
2026-03-01 06:00:00+00:00,5529.55,4858.176,4552.1865,5164.165
2026-03-01 07:00:00+00:00,3853.22,3340.4128,3034.4238,3646.4019
2026-03-01 08:00:00+00:00,2961.72,2844.4104,2538.4216,3150.3997
2026-03-01 09:00:00+00:00,2727.0,1764.3088,1458.3197,2070.2979
2026-03-01 10:00:00+00:00,2639.63,3038.1445,2732.1555,3344.1335
2026-03-01 11:00:00+00:00,2251.46,2881.605,2575.6157,3187.594
2026-03-01 12:00:00+00:00,2222.66,2890.5195,2584.5305,3196.5085
2026-03-01 13:00:00+00:00,2381.8,2960.7915,2654.8025,3266.7805
2026-03-01 14:00:00+00:00,2255.71,2706.4165,2400.4275,3012.4055
2026-03-01 15:00:00+00:00,1755.0,2494.8882,2188.8992,2800.877
2026-03-01 16:00:00+00:00,1294.68,2753.0994,2447.1104,3059.0884
2026-03-01 17:00:00+00:00,1644.85,1838.961,1532.972,2144.9502
2026-03-01 18:00:00+00:00,2578.62,2881.2537,2575.265,3187.243
2026-03-01 19:00:00+00:00,3727.66,3671.2751,3365.2861,3977.2642
2026-03-01 20:00:00+00:00,4781.31,4712.853,4406.864,5018.842
2026-03-01 21:00:00+00:00,5484.05,4886.9624,4580.973,5192.951
2026-03-01 22:00:00+00:00,5911.2,5685.837,5379.8477,5991.8257
2026-03-01 23:00:00+00:00,6241.45,6069.137,5763.148,6375.1265
2026-03-02 00:00:00+00:00,6179.08,6189.8384,5883.8496,6495.8276
2026-03-02 01:00:00+00:00,6096.95,7040.414,6734.425,7346.403
2026-03-02 02:00:00+00:00,5562.64,6194.4575,5888.4683,6500.447
2026-03-02 03:00:00+00:00,4772.89,4823.593,4517.604,5129.582
2026-03-02 04:00:00+00:00,4189.24,4447.367,4141.378,4753.356
2026-03-02 05:00:00+00:00,3829.18,4638.3823,4332.393,4944.371
2026-03-02 06:00:00+00:00,3634.15,4492.908,4186.919,4798.897
2026-03-02 07:00:00+00:00,3180.09,4072.9473,3766.9583,4378.9365
2026-03-02 08:00:00+00:00,1807.6099,3381.6316,3075.6426,3687.6206
2026-03-02 09:00:00+00:00,734.2001,2796.4983,2490.5093,3102.4873
2026-03-02 10:00:00+00:00,615.18005,1672.3121,1366.3231,1978.3013
2026-03-02 11:00:00+00:00,837.85,953.74426,647.75525,1259.7335
2026-03-02 12:00:00+00:00,1185.2198,1511.0626,1205.0734,1817.0516
2026-03-02 13:00:00+00:00,1233.7799,1729.6412,1423.6522,2035.6302
2026-03-02 14:00:00+00:00,814.21985,1400.433,1094.4437,1706.422
2026-03-02 15:00:00+00:00,524.55994,1061.2784,755.2894,1367.2677
2026-03-02 16:00:00+00:00,682.9601,1069.7343,763.745,1375.7233
2026-03-02 17:00:00+00:00,1339.82,1874.6335,1568.6444,2180.6228
2026-03-02 18:00:00+00:00,2036.3801,2869.3147,2563.3257,3175.3037
2026-03-02 19:00:00+00:00,2650.7,2714.4756,2408.4866,3020.4646
2026-03-02 20:00:00+00:00,3244.63,2690.0032,2384.0142,2995.9922
2026-03-02 21:00:00+00:00,3512.33,3507.2722,3201.2832,3813.2612
2026-03-02 22:00:00+00:00,3508.2,3747.0522,3441.0632,4053.0413
2026-03-02 23:00:00+00:00,3056.4,4096.2036,3790.2146,4402.193
2026-03-03 00:00:00+00:00,2599.2,3758.1423,3452.1533,4064.1316
2026-03-03 01:00:00+00:00,2304.05,3092.0767,2786.0876,3398.0657
2026-03-03 02:00:00+00:00,1901.7098,3162.2964,2856.3074,3468.2854
2026-03-03 03:00:00+00:00,1516.83,2795.5078,2489.5188,3101.4968
2026-03-03 04:00:00+00:00,1396.4799,2853.9775,2547.9885,3159.9666
2026-03-03 05:00:00+00:00,1454.7499,3193.237,2887.248,3499.226
2026-03-03 06:00:00+00:00,1684.1,3181.4338,2875.4448,3487.4229
2026-03-03 07:00:00+00:00,1795.05,3243.9,2937.911,3549.889
2026-03-03 08:00:00+00:00,1159.07,3064.5703,2758.5813,3370.5593
2026-03-03 09:00:00+00:00,408.15005,2695.552,2389.563,3001.5408
2026-03-03 10:00:00+00:00,230.4501,1839.2069,1533.2179,2145.196
2026-03-03 11:00:00+00:00,339.50992,902.2042,596.2152,1208.1935
2026-03-03 12:00:00+00:00,703.9501,1023.90784,717.9186,1329.8969
2026-03-03 13:00:00+00:00,851.72986,1458.5114,1152.5221,1764.5004
2026-03-03 14:00:00+00:00,907.08997,1554.423,1248.434,1860.4121
2026-03-03 15:00:00+00:00,816.65,1043.2867,737.2977,1349.276
2026-03-03 16:00:00+00:00,793.63,1656.6046,1350.6156,1962.5936
2026-03-03 17:00:00+00:00,1000.7599,1881.0104,1575.0214,2186.9995
2026-03-03 18:00:00+00:00,1306.0099,1685.7423,1379.753,1991.7313
2026-03-03 19:00:00+00:00,1578.17,1696.3168,1390.3275,2002.3058
2026-03-03 20:00:00+00:00,1674.83,2274.3167,1968.3276,2580.3057
2026-03-03 21:00:00+00:00,1718.33,2213.8118,1907.8226,2519.801
2026-03-03 22:00:00+00:00,1626.57,1947.5488,1641.5597,2253.5378
2026-03-03 23:00:00+00:00,1687.07,1340.6666,1034.6776,1646.6556
2026-03-04 00:00:00+00:00,1678.15,2070.6133,1764.624,2376.6023
2026-03-04 01:00:00+00:00,1751.9,1963.8759,1657.8868,2269.865
2026-03-04 02:00:00+00:00,1706.5299,1654.0424,1348.0533,1960.0315
2026-03-04 03:00:00+00:00,1859.1,1912.9728,1606.9838,2218.962
2026-03-04 04:00:00+00:00,1864.93,1853.1332,1547.1442,2159.1223
2026-03-04 05:00:00+00:00,1628.13,1782.0026,1476.0135,2087.9917
2026-03-04 06:00:00+00:00,1439.1898,1303.6818,997.69275,1609.6708
2026-03-04 07:00:00+00:00,1133.7899,875.1466,569.1576,1181.1356
2026-03-04 08:00:00+00:00,660.05994,714.86316,408.87418,1020.8522
2026-03-04 09:00:00+00:00,355.97012,644.515,338.5258,950.504
2026-03-04 10:00:00+00:00,453.90005,559.5062,253.51749,865.49524
2026-03-04 11:00:00+00:00,476.42007,465.913,159.92422,771.9022
2026-03-04 12:00:00+00:00,401.57022,584.16565,278.1769,890.1549
2026-03-04 13:00:00+00:00,316.05997,500.07022,194.08145,806.0592
2026-03-04 14:00:00+00:00,282.5297,766.7848,460.79556,1072.7738
2026-03-04 15:00:00+00:00,248.74991,292.42398,-13.565034,598.41296
2026-03-04 16:00:00+00:00,301.35977,631.31335,325.32437,937.30237
2026-03-04 17:00:00+00:00,509.2001,533.6515,227.6625,839.6405
2026-03-04 18:00:00+00:00,673.46985,877.6383,571.6493,1183.6273
2026-03-04 19:00:00+00:00,731.2499,1020.40125,714.41223,1326.3903
2026-03-04 20:00:00+00:00,737.93005,926.3666,620.37756,1232.3556
2026-03-04 21:00:00+00:00,671.7899,544.51794,238.5292,850.5072
2026-03-04 22:00:00+00:00,597.9,592.77136,286.78238,898.7606
2026-03-04 23:00:00+00:00,590.62,642.95886,336.96964,948.9479
2026-03-05 00:00:00+00:00,717.92004,445.33292,139.3439,751.3219
2026-03-05 01:00:00+00:00,903.2999,891.3251,585.3358,1197.3141
2026-03-05 02:00:00+00:00,1200.59,1808.2892,1502.3002,2114.2783
2026-03-05 03:00:00+00:00,1569.5599,1759.5079,1453.5189,2065.497
2026-03-05 04:00:00+00:00,2017.2802,2105.1177,1799.1285,2411.1067
2026-03-05 05:00:00+00:00,2488.65,1954.8698,1648.8807,2260.859
2026-03-05 06:00:00+00:00,2720.59,3307.6494,3001.6604,3613.6384
2026-03-05 07:00:00+00:00,2797.13,3099.8518,2793.8628,3405.8408
2026-03-05 08:00:00+00:00,1943.58,3757.0186,3451.0293,4063.0076
2026-03-05 09:00:00+00:00,770.92004,1386.0731,1080.0841,1692.0621
2026-03-05 10:00:00+00:00,512.63025,702.0895,396.10025,1008.0785
2026-03-05 11:00:00+00:00,443.82974,923.7926,617.80334,1229.7816
2026-03-05 12:00:00+00:00,439.58,988.15247,682.1632,1294.1415
2026-03-05 13:00:00+00:00,564.71985,987.11633,681.1273,1293.1053
2026-03-05 14:00:00+00:00,793.81995,903.42126,597.43225,1209.4105
2026-03-05 15:00:00+00:00,1206.0499,1224.1166,918.12756,1530.1056
2026-03-05 16:00:00+00:00,2146.6003,2848.454,2542.465,3154.443
2026-03-05 17:00:00+00:00,4125.58,5017.714,4711.7246,5323.7026
2026-03-05 18:00:00+00:00,6308.11,6506.7275,6200.7383,6812.717
2026-03-05 19:00:00+00:00,7255.2793,7201.083,6895.094,7507.072
2026-03-05 20:00:00+00:00,7403.4995,7228.852,6922.8633,7534.841
2026-03-05 21:00:00+00:00,6972.28,5801.181,5495.192,6107.17
2026-03-05 22:00:00+00:00,6382.71,4926.9595,4620.97,5232.9487
2026-03-05 23:00:00+00:00,5725.91,5510.9155,5204.9263,5816.905
2026-03-06 00:00:00+00:00,4805.83,5593.422,5287.4326,5899.411
2026-03-06 01:00:00+00:00,3979.54,5111.978,4805.989,5417.9673
2026-03-06 02:00:00+00:00,3216.56,4912.647,4606.658,5218.636
2026-03-06 03:00:00+00:00,2687.43,3786.539,3480.55,4092.528
2026-03-06 04:00:00+00:00,2329.13,2615.2905,2309.3015,2921.2798
2026-03-06 05:00:00+00:00,2287.28,2172.1362,1866.1471,2478.1252
2026-03-06 06:00:00+00:00,2383.73,2941.6335,2635.6448,3247.6228
2026-03-06 07:00:00+00:00,2382.17,2854.9849,2548.9958,3160.9739
2026-03-06 08:00:00+00:00,1651.4598,2394.6155,2088.6265,2700.6045
2026-03-06 09:00:00+00:00,803.6,1466.4786,1160.4896,1772.4678
2026-03-06 10:00:00+00:00,521.3097,559.82776,253.83902,865.817
2026-03-06 11:00:00+00:00,696.39,776.28577,470.29678,1082.2748
2026-03-06 12:00:00+00:00,871.37,795.0585,489.0695,1101.0477
2026-03-06 13:00:00+00:00,803.88,843.64075,537.6515,1149.6298
2026-03-06 14:00:00+00:00,690.16003,874.9491,568.9601,1180.9384
2026-03-06 15:00:00+00:00,705.88,967.31335,661.32434,1273.3024
2026-03-06 16:00:00+00:00,1011.67004,1305.4752,999.4862,1611.4645
2026-03-06 17:00:00+00:00,1812.8901,2348.1318,2042.1428,2654.1208
2026-03-06 18:00:00+00:00,2739.31,3451.675,3145.686,3757.664
2026-03-06 19:00:00+00:00,3155.89,3805.629,3499.6396,4111.6177
2026-03-06 20:00:00+00:00,3178.02,3631.3855,3325.3965,3937.3745
2026-03-06 21:00:00+00:00,2926.56,3692.8801,3386.891,3998.8691
2026-03-06 22:00:00+00:00,2684.0,3759.1235,3453.1345,4065.1125
2026-03-06 23:00:00+00:00,2357.77,2681.8442,2375.8552,2987.8333
2026-03-07 00:00:00+00:00,2131.39,2359.8408,2053.8518,2665.8298
2026-03-07 01:00:00+00:00,1631.67,2811.9033,2505.9146,3117.8923
2026-03-07 02:00:00+00:00,1165.6898,2155.4722,1849.483,2461.4612
2026-03-07 03:00:00+00:00,936.4999,1252.9032,946.9142,1558.8922
2026-03-07 04:00:00+00:00,810.18005,1345.3246,1039.3356,1651.3136
2026-03-07 05:00:00+00:00,732.7101,1890.3746,1584.3856,2196.3638
2026-03-07 06:00:00+00:00,801.61,1091.091,785.1017,1397.08
2026-03-07 07:00:00+00:00,711.5199,947.08923,641.1002,1253.0782
2026-03-07 08:00:00+00:00,434.1901,973.37854,667.3895,1279.3676
2026-03-07 09:00:00+00:00,196.22989,1130.5216,824.5326,1436.5109
2026-03-07 10:00:00+00:00,137.98013,415.29507,109.30606,721.28406
2026-03-07 11:00:00+00:00,159.62979,145.35147,-160.63754,451.34024
2026-03-07 12:00:00+00:00,162.9899,347.88907,41.900055,653.87805
2026-03-07 13:00:00+00:00,163.97964,249.46622,-56.522797,555.45496
2026-03-07 14:00:00+00:00,176.17007,206.84024,-99.14853,512.8292
2026-03-07 15:00:00+00:00,217.46036,511.5978,205.6088,817.5868
2026-03-07 16:00:00+00:00,341.67984,888.4591,582.4701,1194.4481
2026-03-07 17:00:00+00:00,643.06995,1019.40393,713.4149,1325.3932
2026-03-07 18:00:00+00:00,1023.37,1088.9056,782.9166,1394.8947
2026-03-07 19:00:00+00:00,1399.2899,1938.2976,1632.3085,2244.2869
2026-03-07 20:00:00+00:00,1763.42,1806.3937,1500.4047,2112.3828
2026-03-07 21:00:00+00:00,1759.82,2603.4817,2297.4927,2909.4707
2026-03-07 22:00:00+00:00,1547.14,3671.1357,3365.1467,3977.1248
2026-03-07 23:00:00+00:00,1288.62,2875.8184,2569.8293,3181.8074
2026-03-08 00:00:00+00:00,1014.71985,1372.4437,1067.421,1677.4664
2026-03-08 01:00:00+00:00,807.21985,1166.1241,861.10144,1471.1469
2026-03-08 02:00:00+00:00,728.68005,1088.6088,783.58606,1393.6315
2026-03-08 03:00:00+00:00,851.68005,1031.348,726.3253,1336.3707
2026-03-08 04:00:00+00:00,963.43005,1114.7953,809.7726,1419.8182
2026-03-08 05:00:00+00:00,1102.5299,1263.5663,958.5436,1568.589
2026-03-08 06:00:00+00:00,1292.6,1177.4979,872.4752,1482.5206
2026-03-08 07:00:00+00:00,1413.2499,1130.8607,825.838,1435.8834
2026-03-08 08:00:00+00:00,1201.37,1549.6202,1244.5975,1854.643
2026-03-08 09:00:00+00:00,853.19006,2129.3196,1824.2968,2434.3423
2026-03-08 10:00:00+00:00,598.87,1392.2865,1087.2638,1697.3092
2026-03-08 11:00:00+00:00,676.81995,745.556,440.5336,1050.5787
2026-03-08 12:00:00+00:00,783.5399,1361.9318,1056.9088,1666.9545
2026-03-08 13:00:00+00:00,1132.2299,1632.7357,1327.713,1937.7585
2026-03-08 14:00:00+00:00,1768.02,1736.9874,1431.9647,2042.0101
2026-03-08 15:00:00+00:00,2374.3,2284.0137,1978.991,2589.0364
2026-03-08 16:00:00+00:00,3567.91,3445.1638,3140.141,3750.1865
2026-03-08 17:00:00+00:00,5829.54,4964.517,4659.494,5269.5396
2026-03-08 18:00:00+00:00,7371.52,6820.3647,6515.3423,7125.3877
2026-03-08 19:00:00+00:00,8043.01,8299.072,7994.0503,8604.095
2026-03-08 20:00:00+00:00,8245.74,7797.0317,7492.0093,8102.0547
2026-03-08 21:00:00+00:00,7805.56,6898.0454,6593.023,7203.068
2026-03-08 22:00:00+00:00,7302.63,6220.8555,5915.8325,6525.8784
2026-03-08 23:00:00+00:00,6331.58,4788.121,4483.098,5093.1436
2026-03-09 00:00:00+00:00,5680.1,4620.0107,4314.9883,4925.0337
2026-03-09 01:00:00+00:00,4853.75,4509.1914,4204.1685,4814.214
2026-03-09 02:00:00+00:00,4290.69,3682.8828,3377.86,3987.9055
2026-03-09 03:00:00+00:00,4004.36,3760.565,3455.5422,4065.5876
2026-03-09 04:00:00+00:00,3887.83,3256.21,2951.1873,3561.2327
2026-03-09 05:00:00+00:00,3592.77,3312.6025,3007.5798,3617.6252
2026-03-09 06:00:00+00:00,3252.07,3171.0903,2866.0679,3476.113
2026-03-09 07:00:00+00:00,2793.09,2495.561,2190.5383,2800.5837
2026-03-09 08:00:00+00:00,1630.7098,2086.8118,1781.789,2391.8345
2026-03-09 09:00:00+00:00,973.5199,806.51135,501.48892,1111.534
2026-03-09 10:00:00+00:00,728.2699,841.5299,536.50745,1146.5526
2026-03-09 11:00:00+00:00,778.16003,430.6591,125.63638,735.68176
2026-03-09 12:00:00+00:00,870.65,807.83435,502.81168,1112.857
2026-03-09 13:00:00+00:00,932.62,688.20056,383.17813,993.22327
2026-03-09 14:00:00+00:00,962.19006,669.1046,364.0817,974.1273
2026-03-09 15:00:00+00:00,1052.67,756.53357,451.5109,1061.5563
2026-03-09 16:00:00+00:00,1095.2799,1044.9918,739.9691,1350.0145
2026-03-09 17:00:00+00:00,1485.4398,1952.4114,1647.3885,2257.434
2026-03-09 18:00:00+00:00,1940.2299,2237.5212,1932.4985,2542.544
2026-03-09 19:00:00+00:00,2042.67,2355.9355,2050.9128,2660.9583
2026-03-09 20:00:00+00:00,2134.63,2026.5564,1721.5336,2331.5793
2026-03-09 21:00:00+00:00,2126.15,2036.4717,1731.4489,2341.4946
2026-03-09 22:00:00+00:00,2017.96,1639.3859,1334.3629,1944.4086
2026-03-09 23:00:00+00:00,1956.51,1343.8229,1038.8002,1648.8456
2026-03-10 00:00:00+00:00,1797.19,1086.1012,781.0785,1391.1239
2026-03-10 01:00:00+00:00,1733.2599,1193.6732,888.6505,1498.6959
2026-03-10 02:00:00+00:00,1643.11,1057.5348,752.5121,1362.5575
2026-03-10 03:00:00+00:00,1582.62,1170.0978,865.0751,1475.1205
2026-03-10 04:00:00+00:00,1593.5299,1375.4425,1070.4198,1680.4652
2026-03-10 05:00:00+00:00,1525.12,1678.6947,1373.672,1983.7175
2026-03-10 06:00:00+00:00,1390.92,1400.1952,1095.1725,1705.2179
2026-03-10 07:00:00+00:00,1173.7599,786.6644,481.64175,1091.6871
2026-03-10 08:00:00+00:00,810.9501,985.975,680.9523,1290.9977
2026-03-10 09:00:00+00:00,413.17032,650.4857,345.46304,955.5084
2026-03-10 10:00:00+00:00,245.71988,451.82047,146.798,756.84314
2026-03-10 11:00:00+00:00,278.07022,651.6942,346.67178,956.71716
2026-03-10 12:00:00+00:00,404.31998,461.26407,156.24136,766.28674
2026-03-10 13:00:00+00:00,564.13,282.55045,-22.472017,587.57336
2026-03-10 14:00:00+00:00,519.0099,277.9767,-27.045748,582.9994
2026-03-10 15:00:00+00:00,395.77994,503.1476,198.12491,808.1703
2026-03-10 16:00:00+00:00,519.0497,878.73083,573.7081,1183.7535
2026-03-10 17:00:00+00:00,1012.73987,1283.2069,978.1842,1588.2299
2026-03-10 18:00:00+00:00,1930.8198,2418.329,2113.3064,2723.352
2026-03-10 19:00:00+00:00,3056.83,3863.5088,3558.486,4168.5312
2026-03-10 20:00:00+00:00,3274.53,4882.9053,4577.8823,5187.9277
2026-03-10 21:00:00+00:00,3230.69,4277.6895,3972.667,4582.7124
2026-03-10 22:00:00+00:00,3523.18,3055.1772,2750.1545,3360.2
2026-03-10 23:00:00+00:00,4058.14,4417.288,4112.2656,4722.311
2026-03-11 00:00:00+00:00,4793.25,6745.4785,6440.456,7050.5015
2026-03-11 01:00:00+00:00,5570.87,5550.4785,5245.456,5855.5015
2026-03-11 02:00:00+00:00,6371.91,6972.319,6667.296,7277.342
2026-03-11 03:00:00+00:00,6654.99,8242.994,7937.972,8548.017
2026-03-11 04:00:00+00:00,6310.87,6909.1567,6604.134,7214.179
2026-03-11 05:00:00+00:00,6736.08,7440.997,7135.9746,7746.0195
2026-03-11 06:00:00+00:00,6855.29,6058.316,5753.293,6363.339
2026-03-11 07:00:00+00:00,6166.72,5911.455,5606.4326,6216.478
2026-03-11 08:00:00+00:00,4847.95,6210.614,5905.591,6515.6367
2026-03-11 09:00:00+00:00,4849.64,3988.3345,3683.3118,4293.357
2026-03-11 10:00:00+00:00,5952.43,4476.0815,4171.059,4781.1045
2026-03-11 11:00:00+00:00,7063.38,7060.0884,6755.0654,7365.111
2026-03-11 12:00:00+00:00,8017.23,6601.5767,6296.5537,6906.599
2026-03-11 13:00:00+00:00,8260.55,7409.3667,7104.344,7714.3896
2026-03-11 14:00:00+00:00,8616.93,8700.012,8394.989,9005.034
2026-03-11 15:00:00+00:00,8062.97,7328.5205,7023.4976,7633.543
2026-03-11 16:00:00+00:00,8072.46,6575.623,6270.6,6880.6455
2026-03-11 17:00:00+00:00,8466.38,8668.293,8363.2705,8973.315
2026-03-11 18:00:00+00:00,8460.73,7852.49,7547.468,8157.513
2026-03-11 19:00:00+00:00,8534.76,9496.447,9191.425,9801.47
2026-03-11 20:00:00+00:00,8225.0,7025.053,6720.0303,7330.0757
2026-03-11 21:00:00+00:00,7713.36,8804.56,8499.536,9109.582
2026-03-11 22:00:00+00:00,6900.27,7553.0747,7248.0522,7858.097
2026-03-11 23:00:00+00:00,6368.49,6413.1333,6108.1104,6718.1562
2026-03-12 00:00:00+00:00,6131.66,5762.2695,5457.247,6067.2925
2026-03-12 01:00:00+00:00,6001.23,6152.935,5847.912,6457.9575
2026-03-12 02:00:00+00:00,5423.31,3967.6572,3662.6345,4272.6797
2026-03-12 03:00:00+00:00,4826.46,3886.7148,3581.6921,4191.7373
2026-03-12 04:00:00+00:00,4167.62,3965.7092,3660.6865,4270.732
2026-03-12 05:00:00+00:00,3873.23,4086.8235,3781.8008,4391.846
2026-03-12 06:00:00+00:00,3311.4,3440.1406,3135.118,3745.1633
2026-03-12 07:00:00+00:00,2345.1,3464.3582,3159.3357,3769.3809
2026-03-12 08:00:00+00:00,1494.82,2206.7764,1901.7537,2511.799
2026-03-12 09:00:00+00:00,1686.84,1622.8412,1317.8182,1927.8638
2026-03-12 10:00:00+00:00,2134.73,2732.9968,2427.974,3038.0195
2026-03-12 11:00:00+00:00,2935.1,3063.4265,2758.404,3368.4492
2026-03-12 12:00:00+00:00,3259.36,4069.2598,3764.237,4374.2827
2026-03-12 13:00:00+00:00,3715.91,4372.7383,4067.7153,4677.7607
2026-03-12 14:00:00+00:00,4878.66,4988.6895,4683.6665,5293.7124
2026-03-12 15:00:00+00:00,5521.18,4596.2637,4291.2407,4901.286
2026-03-12 16:00:00+00:00,5244.21,3080.998,2775.9753,3386.0208
2026-03-12 17:00:00+00:00,5853.28,4355.645,4050.6223,4660.6675
2026-03-12 18:00:00+00:00,7928.9,7265.0166,6959.9937,7570.039
2026-03-12 19:00:00+00:00,9989.31,8474.604,8169.5815,8779.626
2026-03-12 20:00:00+00:00,10654.51,9857.812,9552.789,10162.834
2026-03-12 21:00:00+00:00,10330.279,9379.189,9074.167,9684.213
2026-03-12 22:00:00+00:00,9850.3,8710.43,8405.407,9015.452
2026-03-12 23:00:00+00:00,9043.68,8172.851,7867.828,8477.873
2026-03-13 00:00:00+00:00,8964.88,8336.552,8031.529,8641.574
2026-03-13 01:00:00+00:00,9497.09,8719.692,8414.67,9024.715
2026-03-13 02:00:00+00:00,10241.29,8771.753,8466.73,9076.775
2026-03-13 03:00:00+00:00,10921.04,9809.214,9504.191,10114.236
2026-03-13 04:00:00+00:00,11612.0,9906.862,9601.84,10211.886
2026-03-13 05:00:00+00:00,12660.62,11429.652,11124.63,11734.675
2026-03-13 06:00:00+00:00,12454.83,12161.801,11856.778,12466.823
2026-03-13 07:00:00+00:00,11494.56,11976.455,11671.433,12281.478
2026-03-13 08:00:00+00:00,10407.02,11012.908,10707.886,11317.932
2026-03-13 09:00:00+00:00,8958.45,10337.523,10032.501,10642.546
2026-03-13 10:00:00+00:00,8139.78,10967.8125,10662.79,11272.835
2026-03-13 11:00:00+00:00,8147.88,11302.652,10997.63,11607.675
2026-03-13 12:00:00+00:00,3724.5842,10931.858,10626.836,11236.881
2026-03-13 13:00:00+00:00,3724.5842,11351.099,11046.076,11656.121
2026-03-13 14:00:00+00:00,3724.5842,10246.353,9941.329,10551.375
2026-03-13 15:00:00+00:00,3724.5842,9933.524,9628.502,10238.547
2026-03-13 16:00:00+00:00,3724.5842,9890.363,9585.341,10195.387
2026-03-13 17:00:00+00:00,3724.5842,6998.5737,6693.551,7303.596
2026-03-13 18:00:00+00:00,3724.5842,6645.634,6340.611,6950.6567
2026-03-13 19:00:00+00:00,3724.5842,6703.376,6398.353,7008.399
2026-03-13 20:00:00+00:00,3724.5842,5999.5483,5694.5254,6304.571
2026-03-13 21:00:00+00:00,3724.5842,5021.0513,4716.0283,5326.074
2026-03-13 22:00:00+00:00,3724.5842,5052.9688,4747.946,5357.991
2026-03-13 23:00:00+00:00,3724.5842,5011.882,4706.859,5316.9043
2026-03-14 00:00:00+00:00,3724.5842,5665.7163,5360.6934,5970.739
2026-03-14 01:00:00+00:00,3724.5842,5263.4517,4958.429,5568.4746
2026-03-14 02:00:00+00:00,3724.5842,5279.817,4974.794,5584.84
2026-03-14 03:00:00+00:00,3724.5842,4322.7495,4017.727,4627.7725
2026-03-14 04:00:00+00:00,3724.5842,4653.0405,4348.0176,4958.063
2026-03-14 05:00:00+00:00,3724.5842,5306.091,5001.0684,5611.1133
2026-03-14 06:00:00+00:00,3724.5842,7232.465,6927.4424,7537.488
2026-03-14 07:00:00+00:00,3724.5842,7265.1904,6960.168,7570.213
2026-03-14 08:00:00+00:00,3724.5842,4699.396,4394.373,5004.4185
2026-03-14 09:00:00+00:00,3724.5842,2499.3003,2194.2776,2804.323
2026-03-14 10:00:00+00:00,3724.5842,1960.7424,1655.7196,2265.7654
2026-03-14 11:00:00+00:00,3724.5842,2924.392,2619.3696,3229.4148
2026-03-14 12:00:00+00:00,3724.5842,2558.056,2253.0332,2863.0786
2026-03-14 13:00:00+00:00,3724.5842,1358.857,1053.8344,1663.8798
2026-03-14 14:00:00+00:00,3724.5842,1495.9398,1190.9171,1800.9626
2026-03-14 15:00:00+00:00,3724.5842,1718.5577,1413.535,2023.5804
2026-03-14 16:00:00+00:00,3724.5842,2134.7776,1829.7549,2439.8005
2026-03-14 17:00:00+00:00,3724.5842,1338.9054,1033.8824,1643.9281
2026-03-14 18:00:00+00:00,3724.5842,1441.9098,1136.8868,1746.9325
2026-03-14 19:00:00+00:00,3724.5842,1878.4802,1573.4574,2183.5032
2026-03-14 20:00:00+00:00,3724.5842,1940.0537,1635.0309,2245.0767
2026-03-14 21:00:00+00:00,3724.5842,1604.9674,1299.9447,1909.9901
2026-03-14 22:00:00+00:00,3724.5842,1125.1578,820.13513,1430.1808
2026-03-14 23:00:00+00:00,3724.5842,920.0675,615.0448,1225.0902
2026-03-15 00:00:00+00:00,3724.5842,1617.4838,1283.9528,1951.0145
2026-03-15 01:00:00+00:00,3724.5842,1660.6779,1327.1469,1994.2086
2026-03-15 02:00:00+00:00,3724.5842,1609.3124,1275.7816,1942.8431
2026-03-15 03:00:00+00:00,3724.5842,1276.1793,942.64856,1609.7103
2026-03-15 04:00:00+00:00,3724.5842,1484.8739,1151.3429,1818.4047
2026-03-15 05:00:00+00:00,3724.5842,1178.3756,844.84485,1511.9066
2026-03-15 06:00:00+00:00,3724.5842,852.84656,519.31604,1186.3776
2026-03-15 07:00:00+00:00,3724.5842,573.48694,239.9562,907.01794
2026-03-15 08:00:00+00:00,3724.5842,345.6293,12.09854,679.1603
2026-03-15 09:00:00+00:00,3724.5842,59.503082,-274.02792,393.03384
2026-03-15 10:00:00+00:00,3724.5842,380.12003,46.589264,713.65076
2026-03-15 11:00:00+00:00,3724.5842,442.12418,108.593414,775.65515
2026-03-15 12:00:00+00:00,3724.5842,576.9623,243.43155,910.4933
2026-03-15 13:00:00+00:00,3724.5842,434.85733,101.32657,768.3883
2026-03-15 14:00:00+00:00,3724.5842,370.18375,36.65274,703.7145
2026-03-15 15:00:00+00:00,3724.5842,410.81412,77.283356,744.3451
2026-03-15 16:00:00+00:00,3724.5842,839.1117,505.58072,1172.6425
2026-03-15 17:00:00+00:00,3724.5842,894.27844,560.7477,1227.8094
2026-03-15 18:00:00+00:00,3724.5842,900.44275,566.91223,1233.9738
2026-03-15 19:00:00+00:00,3724.5842,1420.3099,1086.7792,1753.8408
2026-03-15 20:00:00+00:00,3724.5842,2271.1125,1937.5818,2604.6436
2026-03-15 21:00:00+00:00,3724.5842,2355.3945,2021.8635,2688.9253
2026-03-15 22:00:00+00:00,3724.5842,2964.1821,2630.6514,3297.7131
2026-03-15 23:00:00+00:00,3724.5842,3754.998,3421.4673,4088.5288
2026-03-16 00:00:00+00:00,3724.5842,4343.982,4010.4512,4677.5127
2026-03-16 01:00:00+00:00,3724.5842,3974.1873,3640.6565,4307.7183
2026-03-16 02:00:00+00:00,3724.5842,4217.4766,3883.9456,4551.0073
2026-03-16 03:00:00+00:00,3724.5842,5529.538,5196.0073,5863.069
2026-03-16 04:00:00+00:00,3724.5842,6484.409,6150.8784,6817.94
2026-03-16 05:00:00+00:00,3724.5842,6176.884,5843.353,6510.4146
2026-03-16 06:00:00+00:00,3724.5842,8861.21,8527.679,9194.74
2026-03-16 07:00:00+00:00,3724.5842,8682.828,8349.298,9016.359
2026-03-16 08:00:00+00:00,3724.5842,8821.288,8487.758,9154.819
2026-03-16 09:00:00+00:00,3724.5842,8120.72,7787.189,8454.251
2026-03-16 10:00:00+00:00,3724.5842,8678.736,8345.205,9012.267
2026-03-16 11:00:00+00:00,3724.5842,8816.571,8483.041,9150.103
2026-03-16 12:00:00+00:00,3724.5842,8417.636,8084.1045,8751.166
2026-03-16 13:00:00+00:00,3724.5842,7763.4116,7429.881,8096.943
2026-03-16 14:00:00+00:00,3724.5842,8057.2256,7723.6943,8390.756
2026-03-16 15:00:00+00:00,3724.5842,7066.217,6732.686,7399.7476
2026-03-16 16:00:00+00:00,3724.5842,7391.3076,7057.777,7724.8384
2026-03-16 17:00:00+00:00,3724.5842,7447.573,7114.0425,7781.104
2026-03-16 18:00:00+00:00,3724.5842,5349.066,5015.5347,5682.5967
2026-03-16 19:00:00+00:00,3724.5842,4777.7925,4444.2617,5111.323
2026-03-16 20:00:00+00:00,3724.5842,5451.9663,5118.4355,5785.497
2026-03-16 21:00:00+00:00,3724.5842,5147.8486,4814.3174,5481.3794
2026-03-16 22:00:00+00:00,3724.5842,3963.7627,3630.232,4297.2935
2026-03-16 23:00:00+00:00,3724.5842,3409.471,3075.94,3743.0017
2026-03-17 00:00:00+00:00,3724.5842,2806.403,2472.8723,3139.934
2026-03-17 01:00:00+00:00,3724.5842,2214.3318,1880.801,2547.8628
2026-03-17 02:00:00+00:00,3724.5842,2029.426,1695.8951,2362.957
2026-03-17 03:00:00+00:00,3724.5842,1901.8179,1568.287,2235.3486
2026-03-17 04:00:00+00:00,3724.5842,1570.286,1236.7552,1903.817
2026-03-17 05:00:00+00:00,3724.5842,842.0353,508.5043,1175.566
2026-03-17 06:00:00+00:00,3724.5842,552.11145,218.58072,885.6422
2026-03-17 07:00:00+00:00,3724.5842,570.09607,236.56534,903.62683
2026-03-17 08:00:00+00:00,3724.5842,295.2404,-38.29062,628.7711
2026-03-17 09:00:00+00:00,3724.5842,226.65372,-106.87729,560.18445
2026-03-17 10:00:00+00:00,3724.5842,155.53262,-177.99838,489.0634
2026-03-17 11:00:00+00:00,3724.5842,271.11636,-62.4144,604.64734
2026-03-17 12:00:00+00:00,3724.5842,162.72134,-170.80942,496.2521
2026-03-17 13:00:00+00:00,3724.5842,128.23184,-205.29892,461.7626
2026-03-17 14:00:00+00:00,3724.5842,216.53629,-116.99472,550.067
2026-03-17 15:00:00+00:00,3724.5842,657.3795,323.8488,990.9103
2026-03-17 16:00:00+00:00,3724.5842,1052.1483,718.6173,1385.6791
2026-03-17 17:00:00+00:00,3724.5842,1382.5421,1049.0111,1716.0729
2026-03-17 18:00:00+00:00,3724.5842,1998.2814,1664.7506,2331.8123
2026-03-17 19:00:00+00:00,3724.5842,2891.9124,2558.3816,3225.443
2026-03-17 20:00:00+00:00,3724.5842,4106.4736,3772.9429,4440.005
2026-03-17 21:00:00+00:00,3724.5842,4939.1406,4605.61,5272.6714
2026-03-17 22:00:00+00:00,3724.5842,4694.4717,4360.941,5028.003
2026-03-17 23:00:00+00:00,3724.5842,4773.6416,4440.1104,5107.1724
2026-03-18 00:00:00+00:00,3724.5842,4547.255,4213.7236,4880.7856
2026-03-18 01:00:00+00:00,3724.5842,4822.7603,4489.2295,5156.291
2026-03-18 02:00:00+00:00,3724.5842,4793.73,4460.199,5127.261
2026-03-18 03:00:00+00:00,3724.5842,3743.8674,3410.3367,4077.3984
2026-03-18 04:00:00+00:00,3724.5842,3422.759,3089.2283,3756.2898
2026-03-18 05:00:00+00:00,3724.5842,3328.9072,2995.3765,3662.4382
2026-03-18 06:00:00+00:00,3724.5842,2738.8455,2405.3145,3072.3762
2026-03-18 07:00:00+00:00,3724.5842,2496.4648,2162.934,2829.9958
2026-03-18 08:00:00+00:00,3724.5842,1410.7333,1077.2025,1744.2643
2026-03-18 09:00:00+00:00,3724.5842,688.48816,354.95718,1022.01917
2026-03-18 10:00:00+00:00,3724.5842,538.2733,204.74234,871.8041
2026-03-18 11:00:00+00:00,3724.5842,777.01917,443.4882,1110.5499
2026-03-18 12:00:00+00:00,3724.5842,1159.976,826.4452,1493.5067
2026-03-18 13:00:00+00:00,3724.5842,1076.1483,742.61755,1409.6793
2026-03-18 14:00:00+00:00,3724.5842,1423.567,1090.0363,1757.0979
2026-03-18 15:00:00+00:00,3724.5842,1401.8759,1068.3451,1735.4066
2026-03-18 16:00:00+00:00,3724.5842,1551.0194,1217.4886,1884.5502
2026-03-18 17:00:00+00:00,3724.5842,1909.1667,1575.6359,2242.6975
2026-03-18 18:00:00+00:00,3724.5842,2313.6968,1980.1658,2647.2275
2026-03-18 19:00:00+00:00,3724.5842,2298.942,1965.411,2632.4727
2026-03-18 20:00:00+00:00,3724.5842,2511.375,2177.8442,2844.9058
2026-03-18 21:00:00+00:00,3724.5842,2745.1108,2411.5798,3078.6416
2026-03-18 22:00:00+00:00,3724.5842,2312.8123,1979.2812,2646.3433
2026-03-18 23:00:00+00:00,3724.5842,1836.3739,1502.8431,2169.9048
2026-03-19 00:00:00+00:00,3724.5842,1269.8527,936.3219,1603.3837
2026-03-19 01:00:00+00:00,3724.5842,1334.1342,1000.6034,1667.6652
2026-03-19 02:00:00+00:00,3724.5842,991.39685,657.8661,1324.9279
2026-03-19 03:00:00+00:00,3724.5842,330.02457,-3.5064402,663.5553
2026-03-19 04:00:00+00:00,3724.5842,476.5165,142.98575,810.04724
2026-03-19 05:00:00+00:00,3724.5842,407.94522,74.41446,741.47595
2026-03-19 06:00:00+00:00,3724.5842,287.51675,-46.01425,621.0475
2026-03-19 07:00:00+00:00,3724.5842,751.0443,417.51358,1084.5751
2026-03-19 08:00:00+00:00,3724.5842,227.19302,-106.33774,560.72375
2026-03-19 09:00:00+00:00,3724.5842,336.85806,3.327056,670.3888
2026-03-19 10:00:00+00:00,3724.5842,133.28165,-200.24911,466.81265
2026-03-19 11:00:00+00:00,3724.5842,201.29019,-132.24057,534.8209
2026-03-19 12:00:00+00:00,3724.5842,291.8273,-41.703705,625.35803
2026-03-19 13:00:00+00:00,3724.5842,439.40738,105.87662,772.9381
2026-03-19 14:00:00+00:00,3724.5842,369.06094,35.53018,702.5917
2026-03-19 15:00:00+00:00,3724.5842,466.4738,132.94278,800.0045
2026-03-19 16:00:00+00:00,3724.5842,569.5172,235.98648,903.048
2026-03-19 17:00:00+00:00,3724.5842,724.5514,391.02042,1058.0824
2026-03-19 18:00:00+00:00,3724.5842,480.1144,146.58365,813.64514
2026-03-19 19:00:00+00:00,3724.5842,490.28067,156.74966,823.8114
2026-03-19 20:00:00+00:00,3724.5842,324.3959,-9.134858,657.9269
2026-03-19 21:00:00+00:00,3724.5842,769.2272,435.69644,1102.7579
2026-03-19 22:00:00+00:00,3724.5842,199.70181,-133.82895,533.23254
2026-03-19 23:00:00+00:00,3724.5842,572.37,238.83926,905.901
2026-03-20 00:00:00+00:00,3724.5842,762.51624,428.98575,1096.0472
2026-03-20 01:00:00+00:00,3724.5842,2295.546,1962.015,2629.0767
2026-03-20 02:00:00+00:00,3724.5842,1080.253,746.7223,1413.7838
2026-03-20 03:00:00+00:00,3724.5842,1564.9198,1231.389,1898.4507
2026-03-20 04:00:00+00:00,3724.5842,1210.3729,876.84216,1543.9037
2026-03-20 05:00:00+00:00,3724.5842,783.7982,450.2675,1117.3292
2026-03-20 06:00:00+00:00,3724.5842,732.7992,399.26822,1066.3302
2026-03-20 07:00:00+00:00,3724.5842,715.7462,382.21573,1049.277
2026-03-20 08:00:00+00:00,3724.5842,651.69055,318.15958,985.2213
2026-03-20 09:00:00+00:00,3724.5842,738.1566,404.6259,1071.6874
2026-03-20 10:00:00+00:00,3724.5842,594.94226,261.41177,928.473
2026-03-20 11:00:00+00:00,3724.5842,549.2975,215.76651,882.82825
2026-03-20 12:00:00+00:00,3724.5842,665.58435,332.05362,999.1151
2026-03-20 13:00:00+00:00,3724.5842,1070.747,737.2162,1404.2777
2026-03-20 14:00:00+00:00,3724.5842,773.6693,440.1381,1107.2001
2026-03-20 15:00:00+00:00,3724.5842,1007.6471,674.11633,1341.1781
2026-03-20 16:00:00+00:00,3724.5842,1137.1935,803.6627,1470.7245
2026-03-20 17:00:00+00:00,3724.5842,1817.4042,1483.8734,2150.935
2026-03-20 18:00:00+00:00,3724.5842,2856.8054,2523.2747,3190.3362
2026-03-20 19:00:00+00:00,3724.5842,2722.0198,2388.489,3055.5505
2026-03-20 20:00:00+00:00,3724.5842,1888.6841,1555.1532,2222.215
2026-03-20 21:00:00+00:00,3724.5842,1361.1593,1027.6283,1694.6901
2026-03-20 22:00:00+00:00,3724.5842,835.78894,502.25797,1169.32
2026-03-20 23:00:00+00:00,3724.5842,604.37756,270.8466,937.9083
2026-03-21 00:00:00+00:00,3724.5842,587.48865,253.95767,921.01965
2026-03-21 01:00:00+00:00,3724.5842,853.2135,519.6825,1186.7443
2026-03-21 02:00:00+00:00,3724.5842,631.92883,298.39786,965.45984
2026-03-21 03:00:00+00:00,3724.5842,1479.9222,1146.3915,1813.4531
2026-03-21 04:00:00+00:00,3724.5842,857.23425,523.7035,1190.7653
2026-03-21 05:00:00+00:00,3724.5842,715.9359,382.40494,1049.4667
2026-03-21 06:00:00+00:00,3724.5842,522.6564,189.12564,856.1874
2026-03-21 07:00:00+00:00,3724.5842,410.60635,77.07559,744.1371
2026-03-21 08:00:00+00:00,3724.5842,315.24527,-18.285494,648.77625
2026-03-21 09:00:00+00:00,3724.5842,493.3129,159.78214,826.8436
2026-03-21 10:00:00+00:00,3724.5842,352.46085,18.930082,685.9918
2026-03-21 11:00:00+00:00,3724.5842,1164.4503,830.91956,1497.9813
2026-03-21 12:00:00+00:00,3724.5842,1804.4537,1470.9227,2137.9846
2026-03-21 13:00:00+00:00,3724.5842,2079.5164,1745.9854,2413.047
2026-03-21 14:00:00+00:00,3724.5842,2226.0725,1892.5415,2559.6033
2026-03-21 15:00:00+00:00,3724.5842,1834.0242,1500.4933,2167.5552
2026-03-21 16:00:00+00:00,3724.5842,2216.4797,1882.949,2550.0107
2026-03-21 17:00:00+00:00,3724.5842,1918.9546,1585.4237,2252.4856
2026-03-21 18:00:00+00:00,3724.5842,3925.7788,3592.248,4259.3096
2026-03-21 19:00:00+00:00,3724.5842,3957.2163,3623.6853,4290.747
2026-03-21 20:00:00+00:00,3724.5842,4551.881,4218.35,4885.4116
2026-03-21 21:00:00+00:00,3724.5842,4552.8896,4219.359,4886.421
2026-03-21 22:00:00+00:00,3724.5842,4438.7827,4105.252,4772.314
2026-03-21 23:00:00+00:00,3724.5842,4214.1167,3880.586,4547.6475
