date,wind_onshore_ampr_actual,wind_onshore_ampr_fitted,wind_onshore_ampr_lower,wind_onshore_ampr_upper
2026-02-15 00:00:00+00:00,129.14978,976.6145,623.0416,1330.1874
2026-02-15 01:00:00+00:00,79.4701,1159.2303,805.6575,1512.8032
2026-02-15 02:00:00+00:00,76.569954,969.50195,615.9292,1323.0746
2026-02-15 03:00:00+00:00,155.85999,1018.83057,665.25793,1372.4033
2026-02-15 04:00:00+00:00,333.49988,892.1002,538.52734,1245.6731
2026-02-15 05:00:00+00:00,747.5,939.7584,586.18567,1293.3312
2026-02-15 06:00:00+00:00,1316.41,902.7295,549.15674,1256.3022
2026-02-15 07:00:00+00:00,1496.25,675.9188,322.34583,1029.4916
2026-02-15 08:00:00+00:00,1433.56,986.1775,632.6046,1339.7504
2026-02-15 09:00:00+00:00,1287.88,1220.376,866.80334,1573.9489
2026-02-15 10:00:00+00:00,1847.38,2486.5212,2132.9485,2840.094
2026-02-15 11:00:00+00:00,2793.02,2679.1375,2325.5647,3032.7104
2026-02-15 12:00:00+00:00,3805.5,4684.9004,4331.3276,5038.473
2026-02-15 13:00:00+00:00,4635.42,4469.68,4116.1074,4823.253
2026-02-15 14:00:00+00:00,5284.84,5270.969,4917.3965,5624.542
2026-02-15 15:00:00+00:00,5521.93,6087.607,5734.034,6441.1797
2026-02-15 16:00:00+00:00,6103.68,6039.987,5686.414,6393.5596
2026-02-15 17:00:00+00:00,6671.95,5536.558,5182.9854,5890.131
2026-02-15 18:00:00+00:00,6654.91,4991.304,4637.7314,5344.877
2026-02-15 19:00:00+00:00,6157.47,4548.972,4195.3994,4902.545
2026-02-15 20:00:00+00:00,5644.23,4742.2017,4388.629,5095.7744
2026-02-15 21:00:00+00:00,4676.29,4208.4097,3854.837,4561.9824
2026-02-15 22:00:00+00:00,4362.62,3788.369,3434.796,4141.9414
2026-02-15 23:00:00+00:00,4307.73,3362.6863,3009.1135,3716.259
2026-02-16 00:00:00+00:00,4383.38,2128.7236,1775.1508,2482.2964
2026-02-16 01:00:00+00:00,4164.8,1394.4376,1040.8649,1748.0104
2026-02-16 02:00:00+00:00,4486.34,1771.734,1418.1613,2125.307
2026-02-16 03:00:00+00:00,4991.78,2986.7036,2633.1309,3340.2766
2026-02-16 04:00:00+00:00,5444.79,3514.844,3161.2712,3868.4167
2026-02-16 05:00:00+00:00,5854.63,1633.4521,1279.8793,1987.0249
2026-02-16 06:00:00+00:00,5937.98,3539.5889,3186.016,3893.1619
2026-02-16 07:00:00+00:00,5748.79,3980.757,3627.184,4334.3296
2026-02-16 08:00:00+00:00,5198.72,3217.524,2863.951,3571.0967
2026-02-16 09:00:00+00:00,5104.64,4490.2715,4136.6987,4843.844
2026-02-16 10:00:00+00:00,4811.56,4024.9404,3671.3677,4378.513
2026-02-16 11:00:00+00:00,4156.59,3808.4155,3454.8425,4161.9883
2026-02-16 12:00:00+00:00,4089.2,4318.2075,3964.6345,4671.78
2026-02-16 13:00:00+00:00,4258.39,4560.1396,4206.5664,4913.7124
2026-02-16 14:00:00+00:00,4982.68,3723.4578,3369.885,4077.0305
2026-02-16 15:00:00+00:00,4695.19,4999.5083,4645.9355,5353.081
2026-02-16 16:00:00+00:00,4501.92,4343.062,3989.4893,4696.635
2026-02-16 17:00:00+00:00,4272.33,3934.365,3580.7922,4287.938
2026-02-16 18:00:00+00:00,4294.23,4262.295,3908.722,4615.8677
2026-02-16 19:00:00+00:00,4413.12,3946.8857,3593.313,4300.4585
2026-02-16 20:00:00+00:00,4569.95,4607.6343,4254.061,4961.207
2026-02-16 21:00:00+00:00,5099.98,4389.939,4036.366,4743.5117
2026-02-16 22:00:00+00:00,5514.16,4559.2646,4205.692,4912.8374
2026-02-16 23:00:00+00:00,5516.89,4285.872,3932.2993,4639.445
2026-02-17 00:00:00+00:00,5304.57,4886.8047,4533.232,5240.3774
2026-02-17 01:00:00+00:00,5050.6,5723.193,5369.62,6076.7656
2026-02-17 02:00:00+00:00,4892.37,5532.528,5178.955,5886.1006
2026-02-17 03:00:00+00:00,4689.23,4274.885,3921.312,4628.4575
2026-02-17 04:00:00+00:00,4638.09,4219.4136,3865.8406,4572.9863
2026-02-17 05:00:00+00:00,4604.82,4647.2373,4293.6646,5000.81
2026-02-17 06:00:00+00:00,4663.11,3926.5964,3573.0237,4280.169
2026-02-17 07:00:00+00:00,4805.72,2825.6184,2472.0457,3179.1914
2026-02-17 08:00:00+00:00,4983.25,3564.1677,3210.595,3917.7405
2026-02-17 09:00:00+00:00,4990.39,4195.348,3841.7754,4548.921
2026-02-17 10:00:00+00:00,4964.53,3374.1765,3020.6035,3727.7493
2026-02-17 11:00:00+00:00,5134.85,4202.0015,3848.4287,4555.574
2026-02-17 12:00:00+00:00,6165.9697,3243.93,2890.3572,3597.5027
2026-02-17 13:00:00+00:00,7034.45,3502.944,3149.3713,3856.5168
2026-02-17 14:00:00+00:00,7490.19,7206.4697,6852.897,7560.043
2026-02-17 15:00:00+00:00,7731.11,7793.56,7439.9873,8147.1333
2026-02-17 16:00:00+00:00,8128.88,8086.042,7732.4688,8439.614
2026-02-17 17:00:00+00:00,7982.58,6589.7324,6236.1597,6943.305
2026-02-17 18:00:00+00:00,7667.6,5462.364,5108.791,5815.9365
2026-02-17 19:00:00+00:00,7491.45,6089.5435,5735.9707,6443.116
2026-02-17 20:00:00+00:00,7048.4805,5755.993,5402.4204,6109.566
2026-02-17 21:00:00+00:00,6493.5996,6473.456,6119.8833,6827.029
2026-02-17 22:00:00+00:00,6122.93,6617.8096,6264.237,6971.3823
2026-02-17 23:00:00+00:00,5310.18,7073.7925,6720.2197,7427.365
2026-02-18 00:00:00+00:00,4703.09,5006.1914,4652.6187,5359.764
2026-02-18 01:00:00+00:00,4115.14,4092.6064,3739.0337,4446.179
2026-02-18 02:00:00+00:00,3306.72,3479.748,3126.1753,3833.3208
2026-02-18 03:00:00+00:00,2352.76,3485.7976,3132.2249,3839.3704
2026-02-18 04:00:00+00:00,1432.38,2878.182,2524.6091,3231.7546
2026-02-18 05:00:00+00:00,828.85,3150.357,2796.7842,3503.9297
2026-02-18 06:00:00+00:00,487.93994,2597.2444,2243.6716,2950.8171
2026-02-18 07:00:00+00:00,299.5199,1196.8826,843.3097,1550.4554
2026-02-18 08:00:00+00:00,261.20007,985.2903,631.7175,1338.8629
2026-02-18 09:00:00+00:00,463.08997,462.4713,108.89857,816.0442
2026-02-18 10:00:00+00:00,661.4099,725.4115,371.83875,1078.9843
2026-02-18 11:00:00+00:00,894.6598,1110.9436,757.3707,1464.5164
2026-02-18 12:00:00+00:00,1279.35,1086.3809,732.8082,1439.9537
2026-02-18 13:00:00+00:00,2045.16,1426.9968,1073.4241,1780.5696
2026-02-18 14:00:00+00:00,3223.75,3137.3247,2783.752,3490.8975
2026-02-18 15:00:00+00:00,4266.74,2867.1199,2513.547,3220.6926
2026-02-18 16:00:00+00:00,5265.21,4479.7666,4126.194,4833.3394
2026-02-18 17:00:00+00:00,6510.53,5577.807,5224.2344,5931.38
2026-02-18 18:00:00+00:00,7806.95,5942.859,5589.286,6296.4316
2026-02-18 19:00:00+00:00,8459.33,6621.9976,6268.425,6975.5703
2026-02-18 20:00:00+00:00,8761.51,6847.819,6494.246,7201.3916
2026-02-18 21:00:00+00:00,8231.41,6184.4355,5830.863,6538.0083
2026-02-18 22:00:00+00:00,8408.9,7013.294,6659.721,7366.8667
2026-02-18 23:00:00+00:00,8297.25,5956.114,5602.541,6309.6865
2026-02-19 00:00:00+00:00,8138.78,6255.5303,5901.9575,6609.103
2026-02-19 01:00:00+00:00,7875.86,6433.062,6079.4893,6786.635
2026-02-19 02:00:00+00:00,7685.27,6124.485,5770.912,6478.0576
2026-02-19 03:00:00+00:00,7316.42,6346.079,5992.5063,6699.652
2026-02-19 04:00:00+00:00,6817.58,7174.686,6821.1133,7528.259
2026-02-19 05:00:00+00:00,7067.44,7203.652,6850.079,7557.225
2026-02-19 06:00:00+00:00,6764.73,6648.0874,6294.5146,7001.66
2026-02-19 07:00:00+00:00,6516.15,6510.8525,6157.28,6864.4253
2026-02-19 08:00:00+00:00,6327.8794,6488.3306,6134.758,6841.9033
2026-02-19 09:00:00+00:00,6163.48,6485.9277,6132.355,6839.5005
2026-02-19 10:00:00+00:00,6012.64,5566.663,5213.0903,5920.236
2026-02-19 11:00:00+00:00,5779.44,5742.2285,5388.656,6095.8013
2026-02-19 12:00:00+00:00,5774.52,5558.294,5204.721,5911.8667
2026-02-19 13:00:00+00:00,5711.0,6121.785,5768.2124,6475.358
2026-02-19 14:00:00+00:00,5736.49,5787.876,5434.303,6141.4487
2026-02-19 15:00:00+00:00,5612.77,6090.0,5736.4272,6443.5728
2026-02-19 16:00:00+00:00,5433.27,5913.5166,5559.944,6267.0894
2026-02-19 17:00:00+00:00,5246.08,4923.3633,4569.7905,5276.936
2026-02-19 18:00:00+00:00,5040.65,5420.189,5066.616,5773.7617
2026-02-19 19:00:00+00:00,4935.25,5546.197,5192.624,5899.7695
2026-02-19 20:00:00+00:00,5019.93,6267.9473,5914.3745,6621.52
2026-02-19 21:00:00+00:00,4836.89,7348.432,6994.86,7702.0054
2026-02-19 22:00:00+00:00,4673.83,5989.463,5635.89,6343.0356
2026-02-19 23:00:00+00:00,4161.52,5105.893,4752.321,5459.466
2026-02-20 00:00:00+00:00,3517.24,3169.1206,2815.5479,3522.6934
2026-02-20 01:00:00+00:00,3096.8,2878.3079,2524.735,3231.8809
2026-02-20 02:00:00+00:00,2823.34,3740.3818,3386.809,4093.9548
2026-02-20 03:00:00+00:00,2844.77,3194.5984,2841.0256,3548.1711
2026-02-20 04:00:00+00:00,3022.67,3328.8804,2975.3076,3682.4531
2026-02-20 05:00:00+00:00,2815.41,3157.875,2804.3022,3511.448
2026-02-20 06:00:00+00:00,2347.85,2860.2598,2506.687,3213.8325
2026-02-20 07:00:00+00:00,2058.31,2487.846,2134.2732,2841.4187
2026-02-20 08:00:00+00:00,2007.18,2856.7441,2503.1714,3210.317
2026-02-20 09:00:00+00:00,1726.43,3202.999,2849.426,3556.5718
2026-02-20 10:00:00+00:00,1717.37,2249.045,1895.4722,2602.6177
2026-02-20 11:00:00+00:00,1854.07,2502.0684,2148.4956,2855.641
2026-02-20 12:00:00+00:00,2153.76,2460.653,2107.0803,2814.2258
2026-02-20 13:00:00+00:00,2390.46,2522.2446,2168.6719,2875.8174
2026-02-20 14:00:00+00:00,2685.47,2160.814,1807.2412,2514.3867
2026-02-20 15:00:00+00:00,2829.25,2215.6191,1862.0463,2569.192
2026-02-20 16:00:00+00:00,3409.57,2896.5461,2542.9734,3250.119
2026-02-20 17:00:00+00:00,4380.57,3811.465,3457.892,4165.038
2026-02-20 18:00:00+00:00,5650.77,4313.061,3959.4883,4666.634
2026-02-20 19:00:00+00:00,6926.82,4879.2476,4525.6753,5232.8203
2026-02-20 20:00:00+00:00,8144.47,6636.7373,6283.164,6990.3096
2026-02-20 21:00:00+00:00,8636.64,7329.688,6976.1157,7683.261
2026-02-20 22:00:00+00:00,9100.79,8219.132,7865.559,8572.705
2026-02-20 23:00:00+00:00,9329.249,8038.5493,7684.9766,8392.122
2026-02-21 00:00:00+00:00,9236.92,7971.8877,7618.315,8325.461
2026-02-21 01:00:00+00:00,9058.52,8040.7964,7687.223,8394.369
2026-02-21 02:00:00+00:00,9067.42,7582.683,7229.1104,7936.2563
2026-02-21 03:00:00+00:00,8650.27,7747.6177,7394.045,8101.191
2026-02-21 04:00:00+00:00,7922.35,7043.498,6689.9253,7397.0713
2026-02-21 05:00:00+00:00,7486.2,5611.6846,5258.112,5965.257
2026-02-21 06:00:00+00:00,7037.36,4885.4736,4531.901,5239.0464
2026-02-21 07:00:00+00:00,6655.61,5627.611,5274.038,5981.1836
2026-02-21 08:00:00+00:00,6409.22,5565.7236,5212.151,5919.296
2026-02-21 09:00:00+00:00,5841.21,5585.2637,5231.6914,5938.8364
2026-02-21 10:00:00+00:00,5056.35,7230.991,6877.4185,7584.564
2026-02-21 11:00:00+00:00,5096.88,6253.531,5899.958,6607.1035
2026-02-21 12:00:00+00:00,5243.08,6070.9814,5717.4087,6424.554
2026-02-21 13:00:00+00:00,5659.0,5538.3726,5184.8,5891.9453
2026-02-21 14:00:00+00:00,5801.24,4730.9263,4377.3535,5084.499
2026-02-21 15:00:00+00:00,5831.77,4279.2354,3925.6626,4632.808
2026-02-21 16:00:00+00:00,5984.16,4250.204,3896.6313,4603.777
2026-02-21 17:00:00+00:00,6298.58,4678.4956,4324.923,5032.0684
2026-02-21 18:00:00+00:00,6533.77,4851.2505,4497.6777,5204.823
2026-02-21 19:00:00+00:00,6745.94,5028.2305,4674.6577,5381.803
2026-02-21 20:00:00+00:00,7057.13,5057.8916,4704.319,5411.4644
2026-02-21 21:00:00+00:00,6896.26,3952.061,3598.488,4305.634
2026-02-21 22:00:00+00:00,7036.36,4500.525,4146.9517,4854.0977
2026-02-21 23:00:00+00:00,7296.28,4467.624,4114.0513,4821.197
2026-02-22 00:00:00+00:00,7731.19,6919.3374,6563.6777,7274.9976
2026-02-22 01:00:00+00:00,8228.33,6163.194,5807.5337,6518.854
2026-02-22 02:00:00+00:00,8316.43,7602.3354,7246.6753,7957.9956
2026-02-22 03:00:00+00:00,8469.74,7534.833,7179.173,7890.493
2026-02-22 04:00:00+00:00,8330.5,7338.281,6982.6206,7693.941
2026-02-22 05:00:00+00:00,8994.08,7495.3877,7139.7275,7851.048
2026-02-22 06:00:00+00:00,9087.52,7301.7964,6946.136,7657.4565
2026-02-22 07:00:00+00:00,9124.45,6572.2534,6216.5938,6927.9136
2026-02-22 08:00:00+00:00,9134.98,5874.5083,5518.8486,6230.1685
2026-02-22 09:00:00+00:00,9283.3,7131.7466,6776.0864,7487.4067
2026-02-22 10:00:00+00:00,9284.264,7315.8516,6960.1914,7671.5117
2026-02-22 11:00:00+00:00,9285.227,7645.3115,7289.6514,8000.9717
2026-02-22 12:00:00+00:00,9286.189,8043.3696,7687.7095,8399.029
2026-02-22 13:00:00+00:00,9287.153,8122.0815,7766.4214,8477.741
2026-02-22 14:00:00+00:00,9288.117,8358.066,8002.4062,8713.727
2026-02-22 15:00:00+00:00,9289.08,8414.643,8058.9824,8770.303
2026-02-22 16:00:00+00:00,9120.01,8777.921,8422.261,9133.581
2026-02-22 17:00:00+00:00,8964.05,7523.3745,7167.7144,7879.0347
2026-02-22 18:00:00+00:00,8386.89,5749.061,5393.401,6104.7207
2026-02-22 19:00:00+00:00,7965.42,5548.623,5192.963,5904.283
2026-02-22 20:00:00+00:00,7377.04,6720.772,6365.112,7076.432
2026-02-22 21:00:00+00:00,7406.72,6793.698,6438.0386,7149.3584
2026-02-22 22:00:00+00:00,8083.47,6319.956,5964.2964,6675.616
2026-02-22 23:00:00+00:00,8209.28,5893.075,5537.415,6248.7354
2026-02-23 00:00:00+00:00,8330.53,5982.7607,5627.1006,6338.421
2026-02-23 01:00:00+00:00,8192.46,6598.978,6243.318,6954.638
2026-02-23 02:00:00+00:00,7906.62,6259.0796,5903.4194,6614.74
2026-02-23 03:00:00+00:00,7637.92,5964.886,5609.2266,6320.5464
2026-02-23 04:00:00+00:00,7443.4,6267.894,5912.2344,6623.554
2026-02-23 05:00:00+00:00,7915.81,8083.445,7727.7847,8439.1045
2026-02-23 06:00:00+00:00,8136.75,6564.818,6209.158,6920.478
2026-02-23 07:00:00+00:00,8431.55,7175.2573,6819.597,7530.9175
2026-02-23 08:00:00+00:00,8746.65,7504.12,7148.46,7859.7803
2026-02-23 09:00:00+00:00,9025.48,8376.202,8020.542,8731.862
2026-02-23 10:00:00+00:00,8954.372,8577.549,8221.889,8933.209
2026-02-23 11:00:00+00:00,8883.264,8248.558,7892.8975,8604.218
2026-02-23 12:00:00+00:00,8812.155,7986.817,7631.1567,8342.477
2026-02-23 13:00:00+00:00,8741.047,8083.9717,7728.3115,8439.632
2026-02-23 14:00:00+00:00,8669.938,7309.347,6953.687,7665.0073
2026-02-23 15:00:00+00:00,8598.83,8166.7617,7811.1016,8522.422
2026-02-23 16:00:00+00:00,7887.61,8623.496,8267.836,8979.156
2026-02-23 17:00:00+00:00,7752.62,7112.9346,6757.2744,7468.5947
2026-02-23 18:00:00+00:00,7982.12,6363.654,6007.9937,6719.314
2026-02-23 19:00:00+00:00,7870.96,6510.3794,6154.719,6866.0396
2026-02-23 20:00:00+00:00,7573.65,6754.631,6398.9707,7110.291
2026-02-23 21:00:00+00:00,6906.64,7075.3945,6719.7344,7431.0547
2026-02-23 22:00:00+00:00,6038.42,6923.422,6567.7617,7279.082
2026-02-23 23:00:00+00:00,4835.23,6228.6504,5872.99,6584.3105
2026-02-24 00:00:00+00:00,3821.43,5075.891,4720.231,5431.551
2026-02-24 01:00:00+00:00,3093.95,4755.047,4399.387,5110.707
2026-02-24 02:00:00+00:00,2664.66,3204.05,2848.3901,3559.7102
2026-02-24 03:00:00+00:00,2442.51,3308.2917,2952.6318,3663.9517
2026-02-24 04:00:00+00:00,2244.55,2318.5215,1962.8615,2674.1814
2026-02-24 05:00:00+00:00,1570.03,2042.6903,1687.0303,2398.3503
2026-02-24 06:00:00+00:00,960.7998,1484.787,1129.127,1840.447
2026-02-24 07:00:00+00:00,691.36,1545.2935,1189.6334,1900.9534
2026-02-24 08:00:00+00:00,528.73,1175.4325,819.7726,1531.0925
2026-02-24 09:00:00+00:00,408.91003,645.56726,289.90735,1001.2273
2026-02-24 10:00:00+00:00,346.4801,643.4015,287.74158,999.0615
2026-02-24 11:00:00+00:00,303.7599,475.41687,119.756966,831.0769
2026-02-24 12:00:00+00:00,242.49011,1048.206,692.546,1403.8661
2026-02-24 13:00:00+00:00,190.06995,917.2539,561.5939,1272.914
2026-02-24 14:00:00+00:00,115.799934,1456.2631,1100.603,1811.9231
2026-02-24 15:00:00+00:00,89.90003,741.32837,385.66833,1096.9883
2026-02-24 16:00:00+00:00,153.7699,917.90576,562.2457,1273.5658
2026-02-24 17:00:00+00:00,300.7301,848.8087,493.14868,1204.4688
2026-02-24 18:00:00+00:00,479.83997,1682.6398,1326.9797,2038.2998
2026-02-24 19:00:00+00:00,678.06995,764.82385,409.16394,1120.4839
2026-02-24 20:00:00+00:00,793.0199,736.1907,380.53064,1091.8507
2026-02-24 21:00:00+00:00,795.67993,1041.5012,685.8412,1397.1611
2026-02-24 22:00:00+00:00,714.57996,973.9203,618.2604,1329.5803
2026-02-24 23:00:00+00:00,766.08997,514.44006,158.78015,870.1001
2026-02-25 00:00:00+00:00,795.7999,527.1398,171.47986,882.7998
2026-02-25 01:00:00+00:00,869.38,475.59668,119.93665,831.2567
2026-02-25 02:00:00+00:00,928.31995,661.28625,305.6261,1016.9463
2026-02-25 03:00:00+00:00,1015.56995,833.1362,477.4762,1188.7963
2026-02-25 04:00:00+00:00,1194.45,1299.7601,944.1001,1655.4202
2026-02-25 05:00:00+00:00,1217.38,1920.6649,1565.0049,2276.325
2026-02-25 06:00:00+00:00,1349.68,1541.146,1185.486,1896.806
2026-02-25 07:00:00+00:00,1445.27,1811.8483,1456.1882,2167.5083
2026-02-25 08:00:00+00:00,1226.02,2184.7896,1829.1295,2540.4495
2026-02-25 09:00:00+00:00,953.48,1529.1925,1173.5325,1884.8524
2026-02-25 10:00:00+00:00,844.70996,1509.6989,1154.0388,1865.3589
2026-02-25 11:00:00+00:00,800.98,1395.2904,1039.6305,1750.9504
2026-02-25 12:00:00+00:00,700.53,1073.3672,717.70715,1429.0272
2026-02-25 13:00:00+00:00,735.22,1089.981,734.3209,1445.6409
2026-02-25 14:00:00+00:00,798.36,1069.8756,714.2156,1425.5356
2026-02-25 15:00:00+00:00,832.77,1150.8873,795.2274,1506.5474
2026-02-25 16:00:00+00:00,1291.48,1898.1078,1542.4478,2253.7678
2026-02-25 17:00:00+00:00,2371.16,3479.8157,3124.1558,3835.4756
2026-02-25 18:00:00+00:00,3100.85,4117.7344,3762.0745,4473.3945
2026-02-25 19:00:00+00:00,3463.01,4662.813,4307.1533,5018.473
2026-02-25 20:00:00+00:00,3605.36,4849.068,4493.4077,5204.728
2026-02-25 21:00:00+00:00,3535.29,5038.3037,4682.6436,5393.9634
2026-02-25 22:00:00+00:00,3488.23,5542.102,5186.4424,5897.7617
2026-02-25 23:00:00+00:00,3471.14,5651.0405,5295.3804,6006.7
2026-02-26 00:00:00+00:00,3591.73,5191.467,4835.807,5547.127
2026-02-26 01:00:00+00:00,3822.4,5494.049,5138.3887,5849.709
2026-02-26 02:00:00+00:00,3899.91,5264.379,4908.7188,5620.039
2026-02-26 03:00:00+00:00,3863.3,5911.015,5555.3555,6266.6753
2026-02-26 04:00:00+00:00,3947.18,5758.6367,5402.977,6114.297
2026-02-26 05:00:00+00:00,4136.48,4411.82,4056.1602,4767.48
2026-02-26 06:00:00+00:00,4035.59,4304.039,3948.3792,4659.699
2026-02-26 07:00:00+00:00,3540.97,4663.2754,4307.6157,5018.9355
2026-02-26 08:00:00+00:00,2831.4,4075.5642,3719.9043,4431.224
2026-02-26 09:00:00+00:00,2040.6,2712.2126,2356.5527,3067.8728
2026-02-26 10:00:00+00:00,1532.08,2422.41,2066.7498,2778.0698
2026-02-26 11:00:00+00:00,1378.17,1919.7987,1564.1387,2275.4587
2026-02-26 12:00:00+00:00,1351.61,2255.989,1900.329,2611.649
2026-02-26 13:00:00+00:00,1626.23,2000.3467,1644.6866,2356.0066
2026-02-26 14:00:00+00:00,2349.41,2116.7754,1761.1154,2472.4353
2026-02-26 15:00:00+00:00,2460.68,2278.309,1922.6489,2633.969
2026-02-26 16:00:00+00:00,2819.35,3200.2942,2844.6343,3555.9543
2026-02-26 17:00:00+00:00,4181.93,3651.74,3296.0798,4007.4
2026-02-26 18:00:00+00:00,5585.71,4496.825,4141.165,4852.485
2026-02-26 19:00:00+00:00,6569.22,6943.142,6587.482,7298.8022
2026-02-26 20:00:00+00:00,6767.49,6815.561,6459.901,7171.2207
2026-02-26 21:00:00+00:00,6233.56,5871.665,5516.005,6227.3247
2026-02-26 22:00:00+00:00,5588.41,6069.897,5714.237,6425.5566
2026-02-26 23:00:00+00:00,4915.36,6163.092,5807.4316,6518.752
2026-02-27 00:00:00+00:00,5264.74,5199.332,4843.672,5554.992
2026-02-27 01:00:00+00:00,5620.94,5230.9766,4875.317,5586.6367
2026-02-27 02:00:00+00:00,5783.77,5517.3447,5161.6846,5873.0044
2026-02-27 03:00:00+00:00,5439.23,5450.556,5094.896,5806.2163
2026-02-27 04:00:00+00:00,5222.92,5049.82,4694.1597,5405.48
2026-02-27 05:00:00+00:00,5293.71,4984.8594,4629.1997,5340.5195
2026-02-27 06:00:00+00:00,5300.89,5108.419,4752.759,5464.079
2026-02-27 07:00:00+00:00,4844.58,4912.0225,4556.363,5267.6826
2026-02-27 08:00:00+00:00,4179.25,4808.583,4452.923,5164.2427
2026-02-27 09:00:00+00:00,3171.0,2940.5647,2584.9045,3296.2246
2026-02-27 10:00:00+00:00,2717.5,3241.1904,2885.5305,3596.8506
2026-02-27 11:00:00+00:00,2727.75,3186.836,2831.1758,3542.4958
2026-02-27 12:00:00+00:00,3085.0,3651.9392,3296.2793,4007.5994
2026-02-27 13:00:00+00:00,3849.0,4219.638,3863.9785,4575.2983
2026-02-27 14:00:00+00:00,4520.75,3224.0623,2868.402,3579.7222
2026-02-27 15:00:00+00:00,4316.0,3261.1064,2905.4463,3616.7664
2026-02-27 16:00:00+00:00,3730.0,3486.0823,3130.4224,3841.7424
2026-02-27 17:00:00+00:00,3978.25,3541.2512,3185.5913,3896.9114
2026-02-27 18:00:00+00:00,4429.5,2129.8835,1774.2236,2485.5437
2026-02-27 19:00:00+00:00,3993.25,2617.7185,2262.0583,2973.3784
2026-02-27 20:00:00+00:00,3815.5,3161.9216,2806.2617,3517.5815
2026-02-27 21:00:00+00:00,3811.5,3427.9614,3072.3013,3783.6213
2026-02-27 22:00:00+00:00,3468.0,4946.7705,4591.1104,5302.4307
2026-02-27 23:00:00+00:00,3844.5,5550.424,5194.7637,5906.084
2026-02-28 00:00:00+00:00,3834.75,3846.3513,3490.6914,4202.011
2026-02-28 01:00:00+00:00,4175.25,4722.593,4366.933,5078.253
2026-02-28 02:00:00+00:00,4828.75,5341.5996,4985.94,5697.26
2026-02-28 03:00:00+00:00,5038.75,6536.201,6180.541,6891.862
2026-02-28 04:00:00+00:00,5600.5,5391.393,5035.733,5747.053
2026-02-28 05:00:00+00:00,6383.75,5480.703,5125.0435,5836.363
2026-02-28 06:00:00+00:00,6423.0,5374.0273,5018.367,5729.6875
2026-02-28 07:00:00+00:00,6180.5,4856.8843,4501.224,5212.5444
2026-02-28 08:00:00+00:00,5483.0,4107.705,3752.045,4463.3647
2026-02-28 09:00:00+00:00,5316.0,4120.8755,3765.2156,4476.5356
2026-02-28 10:00:00+00:00,5515.25,4368.283,4012.6233,4723.9434
2026-02-28 11:00:00+00:00,5688.0,7181.5903,6825.93,7537.25
2026-02-28 12:00:00+00:00,5994.25,8276.508,7920.848,8632.168
2026-02-28 13:00:00+00:00,7169.75,8413.748,8058.0884,8769.408
2026-02-28 14:00:00+00:00,8457.5,8432.727,8077.0664,8788.387
2026-02-28 15:00:00+00:00,9343.75,8838.329,8482.669,9193.989
2026-02-28 16:00:00+00:00,8778.5,8694.15,8338.49,9049.811
2026-02-28 17:00:00+00:00,8177.0,9504.923,9149.263,9860.583
2026-02-28 18:00:00+00:00,7425.2495,8858.287,8502.627,9213.947
2026-02-28 19:00:00+00:00,6750.25,9203.795,8848.135,9559.455
2026-02-28 20:00:00+00:00,5789.25,7774.79,7419.13,8130.45
2026-02-28 21:00:00+00:00,4455.75,6651.95,6296.29,7007.6104
2026-02-28 22:00:00+00:00,3390.5,5066.407,4710.747,5422.0674
2026-02-28 23:00:00+00:00,2883.25,4261.0386,3905.379,4616.6987
2026-03-01 00:00:00+00:00,2417.25,1951.1244,1594.5841,2307.6648
2026-03-01 01:00:00+00:00,2247.0,2223.4104,1866.8701,2579.9507
2026-03-01 02:00:00+00:00,2375.0,2429.2615,2072.7212,2785.802
2026-03-01 03:00:00+00:00,2449.75,2543.3096,2186.769,2899.8499
2026-03-01 04:00:00+00:00,2532.0,2584.5273,2227.987,2941.0676
2026-03-01 05:00:00+00:00,2779.5,2922.504,2565.9636,3279.0444
2026-03-01 06:00:00+00:00,2899.25,2332.5981,1976.0577,2689.1384
2026-03-01 07:00:00+00:00,2730.0,2302.066,1945.5255,2658.6062
2026-03-01 08:00:00+00:00,2175.5,2167.5923,1811.0519,2524.1326
2026-03-01 09:00:00+00:00,1659.5,1950.1846,1593.6443,2306.7249
2026-03-01 10:00:00+00:00,2212.25,1620.2128,1263.6724,1976.753
2026-03-01 11:00:00+00:00,2835.75,1519.5134,1162.973,1876.0537
2026-03-01 12:00:00+00:00,3190.0,2764.006,2407.4658,3120.5464
2026-03-01 13:00:00+00:00,3575.0,2905.7805,2549.2402,3262.3208
2026-03-01 14:00:00+00:00,3567.0,4290.6304,3934.0903,4647.171
2026-03-01 15:00:00+00:00,3136.5,4203.3135,3846.7734,4559.854
2026-03-01 16:00:00+00:00,2504.5,3304.6365,2948.0962,3661.1768
2026-03-01 17:00:00+00:00,2582.0,3587.669,3231.1287,3944.2095
2026-03-01 18:00:00+00:00,3097.25,3482.0525,3125.5122,3838.5928
2026-03-01 19:00:00+00:00,3437.25,3548.4805,3191.94,3905.0208
2026-03-01 20:00:00+00:00,3485.5,3721.9885,3365.448,4078.5288
2026-03-01 21:00:00+00:00,3315.0,2875.1445,2518.604,3231.6848
2026-03-01 22:00:00+00:00,3152.0,3524.024,3167.4836,3880.5645
2026-03-01 23:00:00+00:00,2909.5,3457.881,3101.3408,3814.4214
2026-03-02 00:00:00+00:00,2885.75,3552.9102,3196.3699,3909.4504
2026-03-02 01:00:00+00:00,2845.0,3149.413,2792.8726,3505.9534
2026-03-02 02:00:00+00:00,2877.0,3206.3223,2849.782,3562.8625
2026-03-02 03:00:00+00:00,2923.25,2838.1658,2481.6255,3194.706
2026-03-02 04:00:00+00:00,3057.25,3294.1687,2937.6282,3650.709
2026-03-02 05:00:00+00:00,3293.5,3773.9504,3417.4102,4130.4907
2026-03-02 06:00:00+00:00,3385.0,3759.3313,3402.791,4115.8716
2026-03-02 07:00:00+00:00,3027.25,3991.8652,3635.325,4348.4053
2026-03-02 08:00:00+00:00,2223.0,3488.452,3131.9116,3844.9922
2026-03-02 09:00:00+00:00,1526.25,3023.1074,2666.5671,3379.6477
2026-03-02 10:00:00+00:00,1555.5,2373.2124,2016.6721,2729.753
2026-03-02 11:00:00+00:00,1668.5,2266.8147,1910.2744,2623.355
2026-03-02 12:00:00+00:00,1764.75,2793.3352,2436.7947,3149.8755
2026-03-02 13:00:00+00:00,1886.15,2906.1667,2549.6265,3262.7073
2026-03-02 14:00:00+00:00,1426.6,2435.038,2078.4978,2791.5784
2026-03-02 15:00:00+00:00,1097.15,2135.1357,1778.5955,2491.676
2026-03-02 16:00:00+00:00,915.5,2046.765,1690.2247,2403.3054
2026-03-02 17:00:00+00:00,1561.63,2193.0627,1836.5225,2549.603
2026-03-02 18:00:00+00:00,2343.72,2619.1675,2262.6272,2975.708
2026-03-02 19:00:00+00:00,2971.88,3842.0244,3485.4841,4198.565
2026-03-02 20:00:00+00:00,3038.05,4021.5508,3665.0105,4378.0913
2026-03-02 21:00:00+00:00,2877.87,4098.7314,3742.1914,4455.272
2026-03-02 22:00:00+00:00,2761.44,3920.6184,3564.0781,4277.1587
2026-03-02 23:00:00+00:00,2677.43,3964.3555,3607.815,4320.8955
2026-03-03 00:00:00+00:00,2432.41,3462.6582,3106.118,3819.1985
2026-03-03 01:00:00+00:00,2155.83,2702.9705,2346.4302,3059.5107
2026-03-03 02:00:00+00:00,1867.6,2604.5627,2248.0225,2961.103
2026-03-03 03:00:00+00:00,1548.34,1843.8453,1487.3049,2200.3855
2026-03-03 04:00:00+00:00,1309.85,1608.6096,1252.0692,1965.15
2026-03-03 05:00:00+00:00,1136.84,1520.8696,1164.3291,1877.4099
2026-03-03 06:00:00+00:00,926.45996,1482.6072,1126.0668,1839.1475
2026-03-03 07:00:00+00:00,816.87,1678.9987,1322.4583,2035.539
2026-03-03 08:00:00+00:00,497.87,1008.99915,652.45886,1365.5394
2026-03-03 09:00:00+00:00,127.07996,839.88416,483.34375,1196.4244
2026-03-03 10:00:00+00:00,62.460087,465.5321,108.99183,822.0725
2026-03-03 11:00:00+00:00,70.059944,130.51355,-226.02673,487.05383
2026-03-03 12:00:00+00:00,92.60999,98.20692,-258.33337,454.7472
2026-03-03 13:00:00+00:00,113.4701,534.33435,177.79407,890.87463
2026-03-03 14:00:00+00:00,115.73011,556.9763,200.43591,913.5166
2026-03-03 15:00:00+00:00,89.999886,548.80505,192.26477,905.34534
2026-03-03 16:00:00+00:00,135.82996,1104.2439,747.7036,1460.7843
2026-03-03 17:00:00+00:00,313.06995,714.5786,358.0382,1071.1189
2026-03-03 18:00:00+00:00,534.22,1625.543,1269.0027,1982.0833
2026-03-03 19:00:00+00:00,761.75,2206.374,1849.8336,2562.9143
2026-03-03 20:00:00+00:00,980.0399,3784.3765,3427.836,4140.9165
2026-03-03 21:00:00+00:00,1055.05,3589.5588,3233.0186,3946.099
2026-03-03 22:00:00+00:00,980.69995,3498.252,3141.7117,3854.7922
2026-03-03 23:00:00+00:00,901.87,3714.4795,3357.9392,4071.0198
2026-03-04 00:00:00+00:00,815.92993,2896.9956,2540.4553,3253.536
2026-03-04 01:00:00+00:00,723.13,2330.394,1973.8538,2686.9343
2026-03-04 02:00:00+00:00,708.14,2557.4375,2200.8972,2913.9778
2026-03-04 03:00:00+00:00,701.0,2216.8198,1860.2795,2573.36
2026-03-04 04:00:00+00:00,703.6599,1978.9746,1622.4343,2335.515
2026-03-04 05:00:00+00:00,657.17993,2103.1838,1746.6436,2459.7244
2026-03-04 06:00:00+00:00,594.61,1828.7656,1472.2252,2185.306
2026-03-04 07:00:00+00:00,480.87,1828.5679,1472.0275,2185.1082
2026-03-04 08:00:00+00:00,287.68005,1328.1547,971.6144,1684.6951
2026-03-04 09:00:00+00:00,127.90003,744.6101,388.0697,1101.1504
2026-03-04 10:00:00+00:00,101.60999,137.05017,-219.49011,493.59045
2026-03-04 11:00:00+00:00,118.18006,301.55823,-54.98205,658.09863
2026-03-04 12:00:00+00:00,152.03992,332.22278,-24.317501,688.76306
2026-03-04 13:00:00+00:00,200.46008,669.6797,313.13928,1026.22
2026-03-04 14:00:00+00:00,256.39,530.0769,173.53674,886.6173
2026-03-04 15:00:00+00:00,338.13,499.01196,142.4718,855.55237
2026-03-04 16:00:00+00:00,544.1699,1258.2,901.65967,1614.7404
2026-03-04 17:00:00+00:00,1153.61,484.60742,128.06702,841.1477
2026-03-04 18:00:00+00:00,1861.72,2261.5896,1905.0493,2618.13
2026-03-04 19:00:00+00:00,2220.98,2993.8892,2637.3489,3350.4294
2026-03-04 20:00:00+00:00,2714.33,2953.947,2597.4067,3310.4875
2026-03-04 21:00:00+00:00,2928.75,1757.1672,1400.6268,2113.7075
2026-03-04 22:00:00+00:00,3085.19,1405.4535,1048.9132,1761.9938
2026-03-04 23:00:00+00:00,3159.06,1433.6011,1077.0608,1790.1415
2026-03-05 00:00:00+00:00,3234.64,1886.4973,1529.957,2243.0376
2026-03-05 01:00:00+00:00,3310.76,1487.0276,1130.4873,1843.568
2026-03-05 02:00:00+00:00,3432.21,2265.1843,1908.6439,2621.7246
2026-03-05 03:00:00+00:00,3406.51,1970.5009,1613.9604,2327.041
2026-03-05 04:00:00+00:00,3492.35,1753.8938,1397.3534,2110.434
2026-03-05 05:00:00+00:00,3634.27,1721.158,1364.6176,2077.6982
2026-03-05 06:00:00+00:00,3785.78,1939.5834,1583.0431,2296.1238
2026-03-05 07:00:00+00:00,3407.2,1895.8285,1539.2882,2252.369
2026-03-05 08:00:00+00:00,2562.57,2201.779,1845.2386,2558.3193
2026-03-05 09:00:00+00:00,1860.36,1855.474,1498.9336,2212.0142
2026-03-05 10:00:00+00:00,1686.48,751.9686,395.42834,1108.5089
2026-03-05 11:00:00+00:00,1615.62,695.58167,339.04138,1052.122
2026-03-05 12:00:00+00:00,1417.99,876.43604,519.8956,1232.9763
2026-03-05 13:00:00+00:00,1402.85,1677.9515,1321.4113,2034.4918
2026-03-05 14:00:00+00:00,1442.9,1884.619,1528.0786,2241.1592
2026-03-05 15:00:00+00:00,1567.83,1750.6093,1394.0688,2107.1497
2026-03-05 16:00:00+00:00,1832.76,1458.1787,1101.6383,1814.7191
2026-03-05 17:00:00+00:00,3018.0,1693.8986,1337.3582,2050.439
2026-03-05 18:00:00+00:00,4092.41,2371.232,2014.6917,2727.7722
2026-03-05 19:00:00+00:00,4372.91,3096.6958,2740.1555,3453.2363
2026-03-05 20:00:00+00:00,4049.09,3583.777,3227.2368,3940.3174
2026-03-05 21:00:00+00:00,3354.66,2966.8599,2610.3196,3323.4001
2026-03-05 22:00:00+00:00,2747.19,3296.676,2940.1357,3653.2166
2026-03-05 23:00:00+00:00,2325.83,2852.299,2495.7588,3208.8394
2026-03-06 00:00:00+00:00,1956.97,2799.7207,2443.1804,3156.261
2026-03-06 01:00:00+00:00,1659.34,2255.588,1899.0476,2612.1282
2026-03-06 02:00:00+00:00,1390.18,2266.0007,1909.4604,2622.541
2026-03-06 03:00:00+00:00,1193.42,2096.2153,1739.675,2452.7556
2026-03-06 04:00:00+00:00,1097.8899,1254.701,898.16077,1611.2415
2026-03-06 05:00:00+00:00,987.42993,826.979,470.4386,1183.5193
2026-03-06 06:00:00+00:00,896.07996,948.3002,591.75977,1304.8405
2026-03-06 07:00:00+00:00,872.27,1274.1235,917.58325,1630.664
2026-03-06 08:00:00+00:00,660.22,1240.1062,883.5658,1596.6465
2026-03-06 09:00:00+00:00,265.4801,834.66345,478.12305,1191.2037
2026-03-06 10:00:00+00:00,114.069954,133.06653,-223.47375,489.6068
2026-03-06 11:00:00+00:00,88.65003,-48.18713,-404.72742,308.3534
2026-03-06 12:00:00+00:00,98.40003,24.509892,-332.0304,381.05017
2026-03-06 13:00:00+00:00,86.74012,-31.213497,-387.75378,325.32678
2026-03-06 14:00:00+00:00,69.249886,-126.64538,-483.18567,229.8949
2026-03-06 15:00:00+00:00,51.980106,9.706669,-346.83362,366.24695
2026-03-06 16:00:00+00:00,64.70008,51.545048,-304.99524,408.08533
2026-03-06 17:00:00+00:00,107.529915,200.35559,-156.1847,556.896
2026-03-06 18:00:00+00:00,157.35999,79.524055,-277.01624,436.06433
2026-03-06 19:00:00+00:00,216.07996,151.901,-204.63928,508.44128
2026-03-06 20:00:00+00:00,268.83997,33.543827,-322.99646,390.0841
2026-03-06 21:00:00+00:00,316.16003,281.92834,-74.61193,638.4686
2026-03-06 22:00:00+00:00,354.89,248.64246,-107.89782,605.18274
2026-03-06 23:00:00+00:00,347.57996,677.3827,320.8424,1033.9231
2026-03-07 00:00:00+00:00,406.84998,390.98425,34.443974,747.52454
2026-03-07 01:00:00+00:00,438.38,751.9735,395.43323,1108.5139
2026-03-07 02:00:00+00:00,396.9701,539.80286,183.26257,896.34314
2026-03-07 03:00:00+00:00,373.40002,585.27747,228.73718,941.8179
2026-03-07 04:00:00+00:00,390.45007,385.162,28.621708,741.7024
2026-03-07 05:00:00+00:00,447.88,240.63,-115.91027,597.1703
2026-03-07 06:00:00+00:00,439.36,511.2882,154.74768,867.8285
2026-03-07 07:00:00+00:00,373.14,752.46643,395.92615,1109.0067
2026-03-07 08:00:00+00:00,298.87,409.73523,53.194706,766.2755
2026-03-07 09:00:00+00:00,150.35999,1156.9303,800.3899,1513.4706
2026-03-07 10:00:00+00:00,108.289925,782.4863,425.94592,1139.0266
2026-03-07 11:00:00+00:00,121.18006,663.9988,307.45837,1020.5392
2026-03-07 12:00:00+00:00,132.99011,121.96888,-234.57141,478.50928
2026-03-07 13:00:00+00:00,182.28992,308.03992,-48.500362,664.5802
2026-03-07 14:00:00+00:00,241.93005,484.838,128.29773,841.3783
2026-03-07 15:00:00+00:00,316.83997,504.011,147.47058,860.5514
2026-03-07 16:00:00+00:00,513.0,1028.4258,671.8855,1384.9662
2026-03-07 17:00:00+00:00,938.2899,1351.0095,994.46924,1707.5499
2026-03-07 18:00:00+00:00,1402.28,1663.7178,1307.1775,2020.258
2026-03-07 19:00:00+00:00,1629.67,1846.9928,1490.4525,2203.5332
2026-03-07 20:00:00+00:00,1622.49,1733.0564,1376.516,2089.5967
2026-03-07 21:00:00+00:00,1465.19,1398.8174,1042.277,1755.3577
2026-03-07 22:00:00+00:00,1266.58,1184.2584,827.71814,1540.7988
2026-03-07 23:00:00+00:00,1224.24,862.6561,506.11584,1219.1965
2026-03-08 00:00:00+00:00,1230.94,1443.1663,1108.7817,1777.5509
2026-03-08 01:00:00+00:00,1103.6898,1737.5786,1403.194,2071.9631
2026-03-08 02:00:00+00:00,900.24,2132.2722,1797.8877,2466.6567
2026-03-08 03:00:00+00:00,791.20996,1747.1896,1412.8049,2081.5742
2026-03-08 04:00:00+00:00,735.0,1779.262,1444.8773,2113.6465
2026-03-08 05:00:00+00:00,619.68994,2176.5588,1842.1743,2510.9436
2026-03-08 06:00:00+00:00,603.11,2236.11,1901.7255,2570.4946
2026-03-08 07:00:00+00:00,584.4,1678.8401,1344.4554,2013.2246
2026-03-08 08:00:00+00:00,527.68994,1688.7936,1354.4089,2023.1781
2026-03-08 09:00:00+00:00,257.09998,1215.7726,881.38806,1550.1572
2026-03-08 10:00:00+00:00,169.21008,894.05676,559.6721,1228.4414
2026-03-08 11:00:00+00:00,181.16003,466.44592,132.06116,800.83057
2026-03-08 12:00:00+00:00,180.66003,392.98206,58.597538,727.3666
2026-03-08 13:00:00+00:00,197.67004,479.3291,144.9447,813.71375
2026-03-08 14:00:00+00:00,216.10999,480.77612,146.39172,815.16064
2026-03-08 15:00:00+00:00,232.46008,458.99817,124.613655,793.3828
2026-03-08 16:00:00+00:00,350.79993,552.4204,218.03577,886.80505
2026-03-08 17:00:00+00:00,726.97,792.6787,458.29407,1127.0632
2026-03-08 18:00:00+00:00,1052.43,682.64856,348.26404,1017.0332
2026-03-08 19:00:00+00:00,1103.7,867.12415,532.7396,1201.5088
2026-03-08 20:00:00+00:00,1040.74,1030.8453,696.4608,1365.23
2026-03-08 21:00:00+00:00,988.2898,1118.7291,784.3446,1453.1138
2026-03-08 22:00:00+00:00,933.89,1072.5858,738.2012,1406.9705
2026-03-08 23:00:00+00:00,900.7999,1429.9446,1095.5599,1764.3292
2026-03-09 00:00:00+00:00,842.63,1468.0648,1133.6802,1802.4493
2026-03-09 01:00:00+00:00,809.9199,1559.397,1225.0123,1893.7815
2026-03-09 02:00:00+00:00,670.15,1027.1201,692.7356,1361.5048
2026-03-09 03:00:00+00:00,529.05994,1096.8823,762.4977,1431.2668
2026-03-09 04:00:00+00:00,447.32996,1071.5508,737.16626,1405.9354
2026-03-09 05:00:00+00:00,405.08997,878.3446,543.9601,1212.7292
2026-03-09 06:00:00+00:00,403.81995,961.4464,627.0619,1295.831
2026-03-09 07:00:00+00:00,383.84998,765.17773,430.7931,1099.5624
2026-03-09 08:00:00+00:00,253.9801,311.22083,-23.163692,645.60547
2026-03-09 09:00:00+00:00,92.70008,108.76771,-225.61682,443.15247
2026-03-09 10:00:00+00:00,65.9701,-178.87756,-513.2621,155.50696
2026-03-09 11:00:00+00:00,88.85999,124.39124,-209.99329,458.77576
2026-03-09 12:00:00+00:00,126.299934,199.60242,-134.7821,533.98706
2026-03-09 13:00:00+00:00,161.08997,161.52771,-172.85706,495.91235
2026-03-09 14:00:00+00:00,183.64001,542.8324,208.44788,877.2169
2026-03-09 15:00:00+00:00,135.43005,515.78015,181.39563,850.1648
2026-03-09 16:00:00+00:00,79.809944,433.54333,99.15858,767.928
2026-03-09 17:00:00+00:00,94.529915,412.9491,78.56434,747.3336
2026-03-09 18:00:00+00:00,122.2201,394.83728,60.452763,729.2219
2026-03-09 19:00:00+00:00,113.059944,313.0946,-21.290157,647.4791
2026-03-09 20:00:00+00:00,108.269905,237.26013,-97.12438,571.64465
2026-03-09 21:00:00+00:00,158.64001,338.16785,3.7830853,672.55237
2026-03-09 22:00:00+00:00,241.38,443.05676,108.67249,777.4415
2026-03-09 23:00:00+00:00,300.64,256.53967,-77.845085,590.9242
2026-03-10 00:00:00+00:00,404.93005,563.8573,229.47253,898.24194
2026-03-10 01:00:00+00:00,489.84998,721.4098,387.02527,1055.7943
2026-03-10 02:00:00+00:00,507.49,994.17334,659.7888,1328.558
2026-03-10 03:00:00+00:00,545.1599,1168.9758,834.5912,1503.3605
2026-03-10 04:00:00+00:00,670.25,1005.2704,670.88586,1339.655
2026-03-10 05:00:00+00:00,729.7201,1387.818,1053.4335,1722.2026
2026-03-10 06:00:00+00:00,692.58997,1501.418,1167.0334,1835.8026
2026-03-10 07:00:00+00:00,751.1599,2362.5857,2028.201,2696.9702
2026-03-10 08:00:00+00:00,719.45996,719.4866,385.10193,1053.8711
2026-03-10 09:00:00+00:00,586.20996,235.92078,-98.46374,570.3053
2026-03-10 10:00:00+00:00,772.56995,655.5333,321.1488,989.91785
2026-03-10 11:00:00+00:00,1173.47,567.98303,233.59851,902.36755
2026-03-10 12:00:00+00:00,1549.66,621.5597,287.17517,955.9442
2026-03-10 13:00:00+00:00,1862.79,1190.565,856.1803,1524.9496
2026-03-10 14:00:00+00:00,2136.11,1016.22766,681.84314,1350.6123
2026-03-10 15:00:00+00:00,2507.72,1977.998,1643.6134,2312.3826
2026-03-10 16:00:00+00:00,2722.26,2926.0598,2591.6753,3260.4446
2026-03-10 17:00:00+00:00,2974.32,2238.5393,1904.1547,2572.9238
2026-03-10 18:00:00+00:00,2960.57,3073.3948,2739.0103,3407.7793
2026-03-10 19:00:00+00:00,3119.87,2529.4336,2195.049,2863.818
2026-03-10 20:00:00+00:00,3669.85,1064.187,729.80237,1398.5715
2026-03-10 21:00:00+00:00,3930.04,1834.1903,1499.8058,2168.575
2026-03-10 22:00:00+00:00,4237.98,2645.0618,2310.677,2979.4463
2026-03-10 23:00:00+00:00,4600.08,3838.0215,3503.6367,4172.406
2026-03-11 00:00:00+00:00,4927.33,5761.292,5426.907,6095.6763
2026-03-11 01:00:00+00:00,5067.21,4332.9653,3998.5808,4667.35
2026-03-11 02:00:00+00:00,5050.18,4196.8813,3862.4968,4531.266
2026-03-11 03:00:00+00:00,4999.91,4405.524,4071.1394,4739.9087
2026-03-11 04:00:00+00:00,5582.26,4366.051,4031.6663,4700.4355
2026-03-11 05:00:00+00:00,6325.65,5517.43,5183.0454,5851.8145
2026-03-11 06:00:00+00:00,6672.3,5733.4155,5399.031,6067.8
2026-03-11 07:00:00+00:00,6854.7,5955.099,5620.7144,6289.484
2026-03-11 08:00:00+00:00,7244.51,6345.817,6011.432,6680.2017
2026-03-11 09:00:00+00:00,7671.5903,6115.1587,5780.774,6449.5435
2026-03-11 10:00:00+00:00,8004.04,6805.818,6471.433,7140.202
2026-03-11 11:00:00+00:00,8155.41,7544.598,7210.2134,7878.983
2026-03-11 12:00:00+00:00,8307.36,8207.308,7872.9233,8541.692
2026-03-11 13:00:00+00:00,8387.24,8218.378,7883.993,8552.763
2026-03-11 14:00:00+00:00,7861.49,8794.658,8460.273,9129.043
2026-03-11 15:00:00+00:00,6792.08,8375.685,8041.3,8710.069
2026-03-11 16:00:00+00:00,5454.32,7738.2793,7403.8945,8072.664
2026-03-11 17:00:00+00:00,4411.78,7216.6606,6882.276,7551.0454
2026-03-11 18:00:00+00:00,3860.05,5095.7324,4761.348,5430.117
2026-03-11 19:00:00+00:00,3431.79,4173.489,3839.1042,4507.8735
2026-03-11 20:00:00+00:00,3162.0,3102.236,2767.8516,3436.6206
2026-03-11 21:00:00+00:00,3104.24,3906.3823,3571.9978,4240.767
2026-03-11 22:00:00+00:00,3003.47,2988.5352,2654.1506,3322.9197
2026-03-11 23:00:00+00:00,3005.01,2517.64,2183.2554,2852.0244
2026-03-12 00:00:00+00:00,3109.82,1504.2484,1169.8638,1838.6329
2026-03-12 01:00:00+00:00,3271.18,1923.3286,1588.944,2257.7131
2026-03-12 02:00:00+00:00,3314.25,2250.8337,1916.4491,2585.2183
2026-03-12 03:00:00+00:00,3315.02,2275.3684,1940.9839,2609.753
2026-03-12 04:00:00+00:00,3388.21,2602.7434,2268.359,2937.1282
2026-03-12 05:00:00+00:00,3695.32,3712.2761,3377.8914,4046.6606
2026-03-12 06:00:00+00:00,3622.19,3861.0269,3526.6423,4195.4116
2026-03-12 07:00:00+00:00,3334.06,3600.6646,3266.2798,3935.049
2026-03-12 08:00:00+00:00,3155.65,2827.3188,2492.9343,3161.7036
2026-03-12 09:00:00+00:00,3466.41,3791.1091,3456.7246,4125.4937
2026-03-12 10:00:00+00:00,3844.97,4667.033,4332.6484,5001.418
2026-03-12 11:00:00+00:00,4448.91,5328.631,4994.246,5663.0156
2026-03-12 12:00:00+00:00,4471.58,6417.8496,6083.4653,6752.2344
2026-03-12 13:00:00+00:00,4731.55,7449.3843,7114.9995,7783.769
2026-03-12 14:00:00+00:00,5402.29,7915.617,7581.2324,8250.002
2026-03-12 15:00:00+00:00,5964.38,7848.222,7513.8374,8182.607
2026-03-12 16:00:00+00:00,6073.41,6692.467,6358.082,7026.851
2026-03-12 17:00:00+00:00,6457.37,6035.0527,5700.6685,6369.4375
2026-03-12 18:00:00+00:00,6883.24,6419.078,6084.6934,6753.4634
2026-03-12 19:00:00+00:00,7553.95,6693.5576,6359.173,7027.9424
2026-03-12 20:00:00+00:00,8045.97,8230.074,7895.6895,8564.459
2026-03-12 21:00:00+00:00,7952.7,8147.8105,7813.426,8482.195
2026-03-12 22:00:00+00:00,8098.49,7824.678,7490.2935,8159.063
2026-03-12 23:00:00+00:00,8026.68,8499.983,8165.5996,8834.368
2026-03-13 00:00:00+00:00,7981.77,8443.496,8109.112,8777.881
2026-03-13 01:00:00+00:00,8025.44,8263.609,7929.225,8597.994
2026-03-13 02:00:00+00:00,7933.5806,8271.005,7936.62,8605.39
2026-03-13 03:00:00+00:00,8121.41,8192.941,7858.557,8527.326
2026-03-13 04:00:00+00:00,8359.5,8030.4824,7696.0977,8364.866
2026-03-13 05:00:00+00:00,8392.287,8145.768,7811.3833,8480.152
2026-03-13 06:00:00+00:00,8425.075,8428.196,8093.8115,8762.58
2026-03-13 07:00:00+00:00,8457.863,8260.845,7926.46,8595.2295
2026-03-13 08:00:00+00:00,8490.65,8436.745,8102.3604,8771.13
2026-03-13 09:00:00+00:00,6894.47,7549.0337,7214.649,7883.4185
2026-03-13 10:00:00+00:00,6437.64,8268.211,7933.826,8602.596
2026-03-13 11:00:00+00:00,6553.53,8483.028,8148.644,8817.413
2026-03-13 12:00:00+00:00,2216.4668,8985.861,8651.477,9320.246
2026-03-13 13:00:00+00:00,2216.4668,8648.216,8313.831,8982.601
2026-03-13 14:00:00+00:00,2216.4668,5296.0454,4961.661,5630.43
2026-03-13 15:00:00+00:00,2216.4668,3879.7058,3545.3213,4214.0903
2026-03-13 16:00:00+00:00,2216.4668,4347.563,4013.1782,4681.9473
2026-03-13 17:00:00+00:00,2216.4668,2619.6006,2285.216,2953.985
2026-03-13 18:00:00+00:00,2216.4668,1546.7765,1212.392,1881.1611
2026-03-13 19:00:00+00:00,2216.4668,1785.0691,1450.6844,2119.4536
2026-03-13 20:00:00+00:00,2216.4668,1921.6165,1587.2319,2256.001
2026-03-13 21:00:00+00:00,2216.4668,1830.6356,1496.251,2165.0203
2026-03-13 22:00:00+00:00,2216.4668,2641.326,2306.9414,2975.7107
2026-03-13 23:00:00+00:00,2216.4668,2176.4624,1842.0778,2510.847
2026-03-14 00:00:00+00:00,2216.4668,1354.9258,1020.54114,1689.3103
2026-03-14 01:00:00+00:00,2216.4668,471.33582,136.9513,805.72046
2026-03-14 02:00:00+00:00,2216.4668,311.91077,-22.473995,646.2953
2026-03-14 03:00:00+00:00,2216.4668,563.4059,229.02136,897.7904
2026-03-14 04:00:00+00:00,2216.4668,377.8031,43.418583,712.1876
2026-03-14 05:00:00+00:00,2216.4668,284.56824,-49.816525,618.9529
2026-03-14 06:00:00+00:00,2216.4668,368.48572,34.1012,702.87036
2026-03-14 07:00:00+00:00,2216.4668,309.90662,-24.477901,644.29126
2026-03-14 08:00:00+00:00,2216.4668,345.84314,11.458378,680.22766
2026-03-14 09:00:00+00:00,2216.4668,337.4171,3.032597,671.80164
2026-03-14 10:00:00+00:00,2216.4668,657.0221,322.63757,991.4066
2026-03-14 11:00:00+00:00,2216.4668,1685.1616,1350.777,2019.5461
2026-03-14 12:00:00+00:00,2216.4668,1094.8962,760.5116,1429.2809
2026-03-14 13:00:00+00:00,2216.4668,820.92114,486.5365,1155.3057
2026-03-14 14:00:00+00:00,2216.4668,482.0011,147.61658,816.38574
2026-03-14 15:00:00+00:00,2216.4668,697.31116,362.92664,1031.6957
2026-03-14 16:00:00+00:00,2216.4668,483.78284,149.39807,818.16736
2026-03-14 17:00:00+00:00,2216.4668,934.2334,599.8489,1268.618
2026-03-14 18:00:00+00:00,2216.4668,1163.9703,829.5858,1498.355
2026-03-14 19:00:00+00:00,2216.4668,845.5493,511.16467,1179.9338
2026-03-14 20:00:00+00:00,2216.4668,568.6244,234.23987,903.00903
2026-03-14 21:00:00+00:00,2216.4668,996.53064,662.146,1330.9153
2026-03-14 22:00:00+00:00,2216.4668,1432.3857,1098.0011,1766.7703
2026-03-14 23:00:00+00:00,2216.4668,1886.5658,1552.1813,2220.9504
2026-03-15 00:00:00+00:00,2216.4668,1921.6501,1564.1292,2279.1711
2026-03-15 01:00:00+00:00,2216.4668,2045.8102,1688.2892,2403.331
2026-03-15 02:00:00+00:00,2216.4668,1656.2582,1298.7372,2013.779
2026-03-15 03:00:00+00:00,2216.4668,1523.8074,1166.2864,1881.3284
2026-03-15 04:00:00+00:00,2216.4668,1006.4889,648.968,1364.0099
2026-03-15 05:00:00+00:00,2216.4668,975.90784,618.38684,1333.4288
2026-03-15 06:00:00+00:00,2216.4668,913.9337,556.4127,1271.4546
2026-03-15 07:00:00+00:00,2216.4668,921.93555,564.41455,1279.4565
2026-03-15 08:00:00+00:00,2216.4668,797.3729,439.85193,1154.8939
2026-03-15 09:00:00+00:00,2216.4668,195.53577,-161.98523,553.05676
2026-03-15 10:00:00+00:00,2216.4668,238.10583,-119.41491,595.62683
2026-03-15 11:00:00+00:00,2216.4668,655.03723,297.51624,1012.5582
2026-03-15 12:00:00+00:00,2216.4668,389.4779,31.956913,746.9988
2026-03-15 13:00:00+00:00,2216.4668,895.6731,538.1522,1253.1941
2026-03-15 14:00:00+00:00,2216.4668,983.6758,626.1548,1341.1967
2026-03-15 15:00:00+00:00,2216.4668,1103.7565,746.2355,1461.2773
2026-03-15 16:00:00+00:00,2216.4668,1567.927,1210.4061,1925.448
2026-03-15 17:00:00+00:00,2216.4668,2086.4954,1728.9745,2444.0164
2026-03-15 18:00:00+00:00,2216.4668,3888.24,3530.719,4245.761
2026-03-15 19:00:00+00:00,2216.4668,4357.343,3999.8218,4714.864
2026-03-15 20:00:00+00:00,2216.4668,4593.608,4236.087,4951.129
2026-03-15 21:00:00+00:00,2216.4668,5108.2617,4750.7407,5465.7827
2026-03-15 22:00:00+00:00,2216.4668,6008.5815,5651.0605,6366.1025
2026-03-15 23:00:00+00:00,2216.4668,6074.094,5716.573,6431.615
2026-03-16 00:00:00+00:00,2216.4668,6982.8784,6625.358,7340.4
2026-03-16 01:00:00+00:00,2216.4668,7746.401,7388.88,8103.9214
2026-03-16 02:00:00+00:00,2216.4668,8285.977,7928.456,8643.497
2026-03-16 03:00:00+00:00,2216.4668,7841.8784,7484.3574,8199.399
2026-03-16 04:00:00+00:00,2216.4668,7471.7573,7114.237,7829.278
2026-03-16 05:00:00+00:00,2216.4668,7128.169,6770.648,7485.6904
2026-03-16 06:00:00+00:00,2216.4668,7392.4077,7034.886,7749.9287
2026-03-16 07:00:00+00:00,2216.4668,6534.613,6177.092,6892.134
2026-03-16 08:00:00+00:00,2216.4668,6780.0386,6422.5176,7137.5596
2026-03-16 09:00:00+00:00,2216.4668,6876.6074,6519.0864,7234.1284
2026-03-16 10:00:00+00:00,2216.4668,5923.0747,5565.5537,6280.5957
2026-03-16 11:00:00+00:00,2216.4668,5460.1426,5102.6216,5817.6636
2026-03-16 12:00:00+00:00,2216.4668,5747.8433,5390.3228,6105.3643
2026-03-16 13:00:00+00:00,2216.4668,5308.5547,4951.0337,5666.0757
2026-03-16 14:00:00+00:00,2216.4668,5161.8296,4804.3086,5519.3506
2026-03-16 15:00:00+00:00,2216.4668,4227.196,3869.6748,4584.717
2026-03-16 16:00:00+00:00,2216.4668,3543.792,3186.271,3901.313
2026-03-16 17:00:00+00:00,2216.4668,3006.9324,2649.4114,3364.4534
2026-03-16 18:00:00+00:00,2216.4668,3228.16,2870.639,3585.681
2026-03-16 19:00:00+00:00,2216.4668,2978.7485,2621.2275,3336.2695
2026-03-16 20:00:00+00:00,2216.4668,2541.2705,2183.7498,2898.7915
2026-03-16 21:00:00+00:00,2216.4668,1756.1085,1398.5875,2113.6294
2026-03-16 22:00:00+00:00,2216.4668,1164.5609,807.0399,1522.0818
2026-03-16 23:00:00+00:00,2216.4668,1165.2733,807.75244,1522.7943
2026-03-17 00:00:00+00:00,2216.4668,2229.938,1872.4171,2587.459
2026-03-17 01:00:00+00:00,2216.4668,2963.5364,2606.0154,3321.0574
2026-03-17 02:00:00+00:00,2216.4668,2490.7769,2133.2559,2848.2979
2026-03-17 03:00:00+00:00,2216.4668,2828.428,2470.907,3185.949
2026-03-17 04:00:00+00:00,2216.4668,1742.0448,1384.5239,2099.5657
2026-03-17 05:00:00+00:00,2216.4668,1528.8577,1171.3367,1886.3787
2026-03-17 06:00:00+00:00,2216.4668,1318.7582,961.2373,1676.2792
2026-03-17 07:00:00+00:00,2216.4668,1685.46,1327.939,2042.981
2026-03-17 08:00:00+00:00,2216.4668,1214.3597,856.83887,1571.8807
2026-03-17 09:00:00+00:00,2216.4668,716.92114,359.40027,1074.442
2026-03-17 10:00:00+00:00,2216.4668,1911.1255,1553.6045,2268.6465
2026-03-17 11:00:00+00:00,2216.4668,814.5968,457.0758,1172.1178
2026-03-17 12:00:00+00:00,2216.4668,523.26965,165.74866,880.7905
2026-03-17 13:00:00+00:00,2216.4668,484.69812,127.17713,842.219
2026-03-17 14:00:00+00:00,2216.4668,519.0188,161.49768,876.5398
2026-03-17 15:00:00+00:00,2216.4668,313.4359,-44.08508,670.9568
2026-03-17 16:00:00+00:00,2216.4668,405.49744,47.976444,763.01843
2026-03-17 17:00:00+00:00,2216.4668,637.6587,280.13782,995.1797
2026-03-17 18:00:00+00:00,2216.4668,679.9579,322.4369,1037.4789
2026-03-17 19:00:00+00:00,2216.4668,1321.7446,964.22363,1679.2655
2026-03-17 20:00:00+00:00,2216.4668,2609.7405,2252.2195,2967.2615
2026-03-17 21:00:00+00:00,2216.4668,3565.3442,3207.8232,3922.865
2026-03-17 22:00:00+00:00,2216.4668,3780.1465,3422.6255,4137.6675
2026-03-17 23:00:00+00:00,2216.4668,3458.9497,3101.4287,3816.4707
2026-03-18 00:00:00+00:00,2216.4668,2886.2495,2528.7285,3243.7705
2026-03-18 01:00:00+00:00,2216.4668,2938.5613,2581.0403,3296.0823
2026-03-18 02:00:00+00:00,2216.4668,2853.5176,2495.9966,3211.0386
2026-03-18 03:00:00+00:00,2216.4668,2862.4946,2504.9736,3220.0156
2026-03-18 04:00:00+00:00,2216.4668,3724.8782,3367.3572,4082.399
2026-03-18 05:00:00+00:00,2216.4668,3753.5752,3396.0542,4111.096
2026-03-18 06:00:00+00:00,2216.4668,3790.6384,3433.1174,4148.159
2026-03-18 07:00:00+00:00,2216.4668,2627.7703,2270.2495,2985.2913
2026-03-18 08:00:00+00:00,2216.4668,2016.0864,1658.5656,2373.6074
2026-03-18 09:00:00+00:00,2216.4668,1259.0662,901.5453,1616.5872
2026-03-18 10:00:00+00:00,2216.4668,789.27026,431.74915,1146.7911
2026-03-18 11:00:00+00:00,2216.4668,1051.048,693.5271,1408.569
2026-03-18 12:00:00+00:00,2216.4668,1185.5868,828.0658,1543.1078
2026-03-18 13:00:00+00:00,2216.4668,1087.5203,729.99927,1445.0411
2026-03-18 14:00:00+00:00,2216.4668,1331.1122,973.5913,1688.6332
2026-03-18 15:00:00+00:00,2216.4668,1943.8475,1586.3267,2301.3684
2026-03-18 16:00:00+00:00,2216.4668,1991.6549,1634.134,2349.1758
2026-03-18 17:00:00+00:00,2216.4668,2259.0588,1901.538,2616.5798
2026-03-18 18:00:00+00:00,2216.4668,3282.883,2925.362,3640.404
2026-03-18 19:00:00+00:00,2216.4668,4545.032,4187.511,4902.553
2026-03-18 20:00:00+00:00,2216.4668,4314.9893,3957.4683,4672.5103
2026-03-18 21:00:00+00:00,2216.4668,3805.4324,3447.9114,4162.953
2026-03-18 22:00:00+00:00,2216.4668,3011.4043,2653.8833,3368.9253
2026-03-18 23:00:00+00:00,2216.4668,2788.4417,2430.9207,3145.9626
2026-03-19 00:00:00+00:00,2216.4668,3067.3174,2709.7964,3424.8384
2026-03-19 01:00:00+00:00,2216.4668,3053.462,2695.941,3410.983
2026-03-19 02:00:00+00:00,2216.4668,1726.2041,1368.6831,2083.725
2026-03-19 03:00:00+00:00,2216.4668,1345.2976,987.7766,1702.8186
2026-03-19 04:00:00+00:00,2216.4668,2301.9536,1944.4327,2659.4746
2026-03-19 05:00:00+00:00,2216.4668,2218.082,1860.561,2575.603
2026-03-19 06:00:00+00:00,2216.4668,2004.6865,1647.1656,2362.2075
2026-03-19 07:00:00+00:00,2216.4668,1015.27295,657.75195,1372.7938
2026-03-19 08:00:00+00:00,2216.4668,302.1974,-55.323605,659.71826
2026-03-19 09:00:00+00:00,2216.4668,262.60852,-94.91247,620.1294
2026-03-19 10:00:00+00:00,2216.4668,293.42834,-64.09264,650.9492
2026-03-19 11:00:00+00:00,2216.4668,419.48108,61.960087,777.00195
2026-03-19 12:00:00+00:00,2216.4668,768.83997,411.31897,1126.361
2026-03-19 13:00:00+00:00,2216.4668,615.516,257.99524,973.037
2026-03-19 14:00:00+00:00,2216.4668,516.9099,159.3888,874.4308
2026-03-19 15:00:00+00:00,2216.4668,788.76807,431.2472,1146.2891
2026-03-19 16:00:00+00:00,2216.4668,278.0006,-79.52038,635.5216
2026-03-19 17:00:00+00:00,2216.4668,539.88477,182.36389,897.40564
2026-03-19 18:00:00+00:00,2216.4668,948.4641,590.9431,1305.985
2026-03-19 19:00:00+00:00,2216.4668,2248.1816,1890.6606,2605.7026
2026-03-19 20:00:00+00:00,2216.4668,2546.6826,2189.1619,2904.2036
2026-03-19 21:00:00+00:00,2216.4668,2352.211,1994.69,2709.732
2026-03-19 22:00:00+00:00,2216.4668,2011.5753,1654.0543,2369.0962
2026-03-19 23:00:00+00:00,2216.4668,2462.6614,2105.1404,2820.1821
2026-03-20 00:00:00+00:00,2216.4668,2799.3286,2441.8076,3156.8494
2026-03-20 01:00:00+00:00,2216.4668,2590.3372,2232.8162,2947.8582
2026-03-20 02:00:00+00:00,2216.4668,2393.9543,2036.4333,2751.4753
2026-03-20 03:00:00+00:00,2216.4668,1893.4481,1535.9272,2250.969
2026-03-20 04:00:00+00:00,2216.4668,1479.7019,1122.1809,1837.2229
2026-03-20 05:00:00+00:00,2216.4668,1989.4664,1631.9456,2346.9873
2026-03-20 06:00:00+00:00,2216.4668,1857.1567,1499.6357,2214.6777
2026-03-20 07:00:00+00:00,2216.4668,1902.9254,1545.4045,2260.4463
2026-03-20 08:00:00+00:00,2216.4668,1418.0165,1060.4956,1775.5375
2026-03-20 09:00:00+00:00,2216.4668,699.2722,341.75134,1056.7932
2026-03-20 10:00:00+00:00,2216.4668,830.3085,472.78748,1187.8293
2026-03-20 11:00:00+00:00,2216.4668,871.24426,513.72327,1228.7651
2026-03-20 12:00:00+00:00,2216.4668,977.3915,619.8706,1334.9125
2026-03-20 13:00:00+00:00,2216.4668,1442.985,1085.464,1800.506
2026-03-20 14:00:00+00:00,2216.4668,1097.5487,740.0277,1455.0697
2026-03-20 15:00:00+00:00,2216.4668,950.6117,593.0908,1308.1327
2026-03-20 16:00:00+00:00,2216.4668,943.9348,586.41394,1301.4558
2026-03-20 17:00:00+00:00,2216.4668,1487.6414,1130.1205,1845.1624
2026-03-20 18:00:00+00:00,2216.4668,2455.109,2097.588,2812.63
2026-03-20 19:00:00+00:00,2216.4668,3270.2944,2912.7737,3627.8154
2026-03-20 20:00:00+00:00,2216.4668,2933.1099,2575.5889,3290.6309
2026-03-20 21:00:00+00:00,2216.4668,3445.8152,3088.2944,3803.3362
2026-03-20 22:00:00+00:00,2216.4668,2842.6475,2485.1265,3200.1685
2026-03-20 23:00:00+00:00,2216.4668,2390.7146,2033.1937,2748.2356
2026-03-21 00:00:00+00:00,2216.4668,1969.2748,1611.7538,2326.7957
2026-03-21 01:00:00+00:00,2216.4668,2179.5613,1822.0403,2537.082
2026-03-21 02:00:00+00:00,2216.4668,1961.6278,1604.1069,2319.1487
2026-03-21 03:00:00+00:00,2216.4668,1962.102,1604.581,2319.623
2026-03-21 04:00:00+00:00,2216.4668,1441.4375,1083.9166,1798.9585
2026-03-21 05:00:00+00:00,2216.4668,1282.9255,925.40454,1640.4465
2026-03-21 06:00:00+00:00,2216.4668,1612.4219,1254.9009,1969.9429
2026-03-21 07:00:00+00:00,2216.4668,2057.068,1699.5472,2414.589
2026-03-21 08:00:00+00:00,2216.4668,1134.5425,777.0215,1492.0634
2026-03-21 09:00:00+00:00,2216.4668,774.54895,417.02795,1132.07
2026-03-21 10:00:00+00:00,2216.4668,692.10376,334.5829,1049.6248
2026-03-21 11:00:00+00:00,2216.4668,898.09766,540.57666,1255.6187
2026-03-21 12:00:00+00:00,2216.4668,1526.4077,1168.8867,1883.9286
2026-03-21 13:00:00+00:00,2216.4668,1957.4285,1599.9075,2314.9495
2026-03-21 14:00:00+00:00,2216.4668,2202.254,1844.7329,2559.7747
2026-03-21 15:00:00+00:00,2216.4668,1866.484,1508.9631,2224.005
2026-03-21 16:00:00+00:00,2216.4668,2384.1018,2026.5808,2741.6228
2026-03-21 17:00:00+00:00,2216.4668,1721.9719,1364.4509,2079.493
2026-03-21 18:00:00+00:00,2216.4668,2142.1182,1784.5973,2499.6392
2026-03-21 19:00:00+00:00,2216.4668,3051.1616,2693.6406,3408.6824
2026-03-21 20:00:00+00:00,2216.4668,4389.132,4031.6108,4746.653
2026-03-21 21:00:00+00:00,2216.4668,4504.5835,4147.0625,4862.1045
2026-03-21 22:00:00+00:00,2216.4668,5000.8647,4643.3438,5358.3857
2026-03-21 23:00:00+00:00,2216.4668,3202.1812,2844.6602,3559.7021
