date,wind_onshore_tran_actual,wind_onshore_tran_fitted,wind_onshore_tran_lower,wind_onshore_tran_upper
2026-01-24 00:00:00+00:00,576.38,382.33772652490046,74.21007109392002,682.9649663324064
2026-01-24 01:00:00+00:00,369.92,386.133511282654,78.46872823052684,685.4544773582496
2026-01-24 02:00:00+00:00,301.75,318.1437646993463,10.5944244362409,619.8490121737728
2026-01-24 03:00:00+00:00,231.29999,337.35879045623983,29.814528565160458,641.648791218443
2026-01-24 04:00:00+00:00,203.28,306.4843136309503,-1.7720234775679273,605.1246772928544
2026-01-24 05:00:00+00:00,206.84,232.22412656508016,-70.68588312055653,538.3730611317395
2026-01-24 06:00:00+00:00,199.95,230.65523331638826,-74.40557390752622,533.3113922364059
2026-01-24 07:00:00+00:00,187.01,230.4421114436426,-83.16087564525571,536.690183906101
2026-01-24 08:00:00+00:00,174.12,240.3808603608329,-62.58788641046425,545.716840247521
2026-01-24 09:00:00+00:00,145.11,200.8815121666893,-100.58230386438595,510.3688484534949
2026-01-24 10:00:00+00:00,130.72,119.31938054570531,-183.64517010192884,427.14808029805386
2026-01-24 11:00:00+00:00,101.539986,86.69729629335814,-217.13576466718456,391.1353519768505
2026-01-24 12:00:00+00:00,124.21,67.85663140977704,-236.46865347066665,371.13032873920173
2026-01-24 13:00:00+00:00,119.86001,91.40380744626353,-213.40279867101862,395.093642958817
2026-01-24 14:00:00+00:00,148.82999,97.63281639676768,-206.3624251571477,400.71808087987057
2026-01-24 15:00:00+00:00,257.43,243.30220248441776,-60.913428239969505,547.0394834452193
2026-01-24 16:00:00+00:00,242.86,297.602393956165,-5.229515538744522,603.0728159279367
2026-01-24 17:00:00+00:00,255.13,302.4723358850464,-1.5130926247279604,606.0841134910279
2026-01-24 18:00:00+00:00,230.32,353.8256938996873,51.3417578678301,658.1113625943194
2026-01-24 19:00:00+00:00,194.31,380.72719084041887,77.44646404301278,684.6292653733457
2026-01-24 20:00:00+00:00,195.94,374.94026806838144,70.74326446160097,678.3523008719146
2026-01-24 21:00:00+00:00,186.25,466.46036103464155,162.6566142547777,770.2947602938434
2026-01-24 22:00:00+00:00,178.95,411.3561783337974,105.73476550597951,713.5696675169165
2026-01-24 23:00:00+00:00,168.47,321.4100329614845,16.76415705321608,623.6238612844038
2026-01-25 00:00:00+00:00,147.69002,323.9483540833825,19.426800411354122,626.2582831044364
2026-01-25 01:00:00+00:00,148.28,328.60755795528485,23.260979624309016,630.3576660477081
2026-01-25 02:00:00+00:00,148.33,210.94532253016976,-92.56876918318164,513.2530844687966
2026-01-25 03:00:00+00:00,146.05,158.24911450997254,-145.3145376919653,461.0940090754782
2026-01-25 04:00:00+00:00,106.76,183.04197057372062,-122.04604075032648,483.9270746114345
2026-01-25 05:00:00+00:00,85.939995,282.1028766898089,-20.96840553147149,589.2734661031748
2026-01-25 06:00:00+00:00,87.670006,118.64743160013072,-183.57840647286133,425.61344183676727
2026-01-25 07:00:00+00:00,88.46999,119.85119113584187,-184.67896982941267,425.5492934030661
2026-01-25 08:00:00+00:00,80.180016,78.36743434488113,-225.46838850213118,382.5826965302556
2026-01-25 09:00:00+00:00,77.460014,95.5956722207103,-203.66590152126463,403.93228446604274
2026-01-25 10:00:00+00:00,81.71999,71.05124286112385,-230.6175216850708,379.72972250496366
2026-01-25 11:00:00+00:00,91.590004,57.33271530377124,-246.12344596075997,363.75433391680394
2026-01-25 12:00:00+00:00,104.91001,39.99798313590776,-262.29496471560896,344.6197082996743
2026-01-25 13:00:00+00:00,110.64001,17.31727221291544,-285.3532980794394,321.9125992378001
2026-01-25 14:00:00+00:00,100.96,-9.233177188848629,-310.6625903577138,296.0671791899275
2026-01-25 15:00:00+00:00,86.64001,8.085558104057611,-292.5945265274955,319.31792536649766
2026-01-25 16:00:00+00:00,97.12,-14.92610083570645,-315.6346671630235,291.87285743863885
2026-01-25 17:00:00+00:00,104.840004,51.860129054721995,-248.7065298268065,362.78163700885614
2026-01-25 18:00:00+00:00,111.18,45.24416979406692,-262.0248906950788,345.84300195075474
2026-01-25 19:00:00+00:00,122.38,15.389965613977097,-289.0021802775091,318.4817609994958
2026-01-25 20:00:00+00:00,133.16,42.44001794841586,-256.8589703106417,353.7566462977314
2026-01-25 21:00:00+00:00,151.67001,-24.36573675520293,-327.5761018271648,279.2122542210499
2026-01-25 22:00:00+00:00,190.24,82.01696289487984,-222.87981523722084,383.60405736725005
2026-01-25 23:00:00+00:00,226.81,209.8971872837524,-94.48460571306038,512.2112134860735
2026-01-26 00:00:00+00:00,280.27,271.37135289593584,-34.07905123919875,571.7909446184275
2026-01-26 01:00:00+00:00,325.95,360.3304822565968,54.67097563319794,660.8340395821599
2026-01-26 02:00:00+00:00,471.57,399.94316524077357,95.4495760117172,702.2336705447722
2026-01-26 03:00:00+00:00,473.48,424.49755925097514,120.11709449705054,727.5134460837385
2026-01-26 04:00:00+00:00,465.07,517.4154141510945,213.34310588814753,820.0721420422353
2026-01-26 05:00:00+00:00,469.59,584.475551796827,280.6506144255269,886.8932110298174
2026-01-26 06:00:00+00:00,517.11,607.5242311334291,303.08721869243107,910.172116368133
2026-01-26 07:00:00+00:00,569.21,642.4779326395208,338.89371682040087,946.0050992468814
2026-01-26 08:00:00+00:00,670.88,703.9305117251098,401.7358943260203,1009.0736039377446
2026-01-26 09:00:00+00:00,751.09,819.8638216331096,517.8590645962516,1125.0688444777709
2026-01-26 10:00:00+00:00,799.64,896.2257182169594,593.3023666691138,1200.6662532543114
2026-01-26 11:00:00+00:00,856.61,945.5202245053927,642.3980184316591,1250.7229560640178
2026-01-26 12:00:00+00:00,920.75,907.2998798584506,605.357583599427,1212.2092648114324
2026-01-26 13:00:00+00:00,1051.08,763.3847266422395,458.7795346082052,1066.2247832756534
2026-01-26 14:00:00+00:00,1053.78,761.8746614582769,458.2154110078937,1065.3073854325355
2026-01-26 15:00:00+00:00,1077.72,745.1047210025138,440.83174364083584,1049.5681043850313
2026-01-26 16:00:00+00:00,997.08,737.6193654142164,434.3231979897706,1042.4065106298376
2026-01-26 17:00:00+00:00,941.49,822.8577221898753,519.6667216551065,1127.6075127500612
2026-01-26 18:00:00+00:00,870.36,950.8938392918667,649.4967185680307,1256.3330765644268
2026-01-26 19:00:00+00:00,856.59,777.288763337229,474.717306996834,1082.7265975640921
2026-01-26 20:00:00+00:00,812.09,726.1913894904002,424.19790630161725,1030.7398329810424
2026-01-26 21:00:00+00:00,744.68,626.9894902967427,324.176049383177,930.7447522407454
2026-01-26 22:00:00+00:00,574.02,587.4208809530269,284.2066665452757,891.280046546547
2026-01-26 23:00:00+00:00,366.17,515.4981252773991,210.69158208314133,817.8178669301044
2026-01-27 00:00:00+00:00,243.07,269.9157579157532,-34.36515693982494,572.4231991083898
2026-01-27 01:00:00+00:00,169.08,124.59662204054072,-179.57812498778668,427.49903159146106
2026-01-27 02:00:00+00:00,165.02,81.86611472144381,-219.8081562803746,387.4268569111005
2026-01-27 03:00:00+00:00,165.65,94.08676827029308,-207.5142422902988,399.9962522451542
2026-01-27 04:00:00+00:00,151.60002,196.0515901383621,-108.28810095786702,499.7544157423366
2026-01-27 05:00:00+00:00,141.55002,208.20112977926235,-95.87887906047365,512.1350458144182
2026-01-27 06:00:00+00:00,182.88,293.2315135796989,-9.183870928394299,599.0778908543135
2026-01-27 07:00:00+00:00,229.09,324.9173086047394,21.070721044783852,629.8195212151938
2026-01-27 08:00:00+00:00,274.27,384.06187061499975,80.26019504767436,687.646474100118
2026-01-27 09:00:00+00:00,353.74,374.86083327615063,70.4701095407591,678.9638822161992
2026-01-27 10:00:00+00:00,333.46,405.3555787385503,101.68262531259552,709.565308322216
2026-01-27 11:00:00+00:00,303.41,243.01258438061973,-60.80663873041959,546.5122023044399
2026-01-27 12:00:00+00:00,279.23,241.01355671052397,-62.498578627946415,544.9886219541908
2026-01-27 13:00:00+00:00,284.14,251.54858199146568,-51.19752868042576,556.5033379935794
2026-01-27 14:00:00+00:00,395.74,338.1100195146394,33.80901172302487,640.5645969879117
2026-01-27 15:00:00+00:00,442.34,363.10928988283825,59.49701089159015,667.1859382331052
2026-01-27 16:00:00+00:00,399.48,380.64653817278315,77.21641194763362,684.3044963849109
2026-01-27 17:00:00+00:00,398.74,382.17947230746904,79.28147179025734,687.2064119654351
2026-01-27 18:00:00+00:00,430.72,494.39799190182646,194.22797769051203,800.1998225372809
2026-01-27 19:00:00+00:00,388.01,597.0791802771564,296.69087594887077,902.3830430753981
2026-01-27 20:00:00+00:00,311.79,599.2478570706744,297.7704959163665,903.9606620115608
2026-01-27 21:00:00+00:00,289.18,512.6453959828357,209.53468727239346,817.1064267389505
2026-01-27 22:00:00+00:00,148.41,390.1864110338215,86.99445381063373,694.1649314920833
2026-01-27 23:00:00+00:00,48.300007,197.5850305719255,-106.63197498102511,500.83576849113
2026-01-28 00:00:00+00:00,26.140003,42.94699836424013,-263.0781071319887,344.4520078009503
2026-01-28 01:00:00+00:00,74.83999,78.13907685628504,-226.60323032659716,379.8095901456551
2026-01-28 02:00:00+00:00,146.64001,157.48280586160186,-150.5591542013051,457.7290361731417
2026-01-28 03:00:00+00:00,198.69,123.45177572705668,-184.57936110617737,422.6722081807143
2026-01-28 04:00:00+00:00,218.21,114.70469281971955,-192.32292102823516,414.07092469759573
2026-01-28 05:00:00+00:00,181.21,172.17523794035858,-137.19907597118254,469.8989304691223
2026-01-28 06:00:00+00:00,246.43999,204.7599323944644,-102.71554167747104,506.53395927584404
2026-01-28 07:00:00+00:00,354.12,219.68017503556337,-88.04839929606493,519.483083083438
2026-01-28 08:00:00+00:00,278.87,219.49183871856167,-88.44420655984646,518.8372362344145
2026-01-28 09:00:00+00:00,230.4,176.0188684801199,-130.33725670930818,475.82934520070353
2026-01-28 10:00:00+00:00,179.76,119.2201915110015,-183.71694537968523,425.33827417458883
2026-01-28 11:00:00+00:00,115.94001,91.91777491497194,-211.19275221811023,398.69671602416247
2026-01-28 12:00:00+00:00,108.80001,187.9347809329928,-115.39936721736967,494.88623139494183
2026-01-28 13:00:00+00:00,131.87,209.63256746241876,-93.44286732935257,515.0402717536251
2026-01-28 14:00:00+00:00,175.99,232.81813738392904,-70.6437616120379,536.5159451731232
2026-01-28 15:00:00+00:00,238.84,234.07896200542842,-69.00334995432837,538.4146200952089
2026-01-28 16:00:00+00:00,218.5,274.7274330879701,-29.637011977365034,578.3094332756624
2026-01-28 17:00:00+00:00,226.98,273.6572343835658,-30.458253516707316,577.4316712423223
2026-01-28 18:00:00+00:00,238.59,281.84085616636645,-21.932879908865175,585.7512642739407
2026-01-28 19:00:00+00:00,191.39,284.3030489767763,-18.55882411646303,588.2686122316345
2026-01-28 20:00:00+00:00,162.6,325.991779162231,22.06726370751403,630.3543864472451
2026-01-28 21:00:00+00:00,167.41,295.99960234715854,-6.943799099053308,600.7369514665872
2026-01-28 22:00:00+00:00,134.49002,288.4660545477264,-14.729363548847914,593.2626910542136
2026-01-28 23:00:00+00:00,94.71,272.79342721571277,-29.63686568270265,579.2096648882155
2026-01-29 00:00:00+00:00,68.33001,265.1481532227667,-38.91245882797648,567.9897975652356
2026-01-29 01:00:00+00:00,59.409992,263.99232676623035,-40.296258212716396,567.6805588985055
2026-01-29 02:00:00+00:00,52.2,235.04756927586868,-69.44928843403068,539.161978527378
2026-01-29 03:00:00+00:00,39.21001,225.91206578706502,-79.4032934092661,527.7792040321362
2026-01-29 04:00:00+00:00,28.620014,225.5052196651494,-79.07337159034716,527.7991171081528
2026-01-29 05:00:00+00:00,29.039997,203.35686013544483,-101.44453877477821,505.0336022346803
2026-01-29 06:00:00+00:00,28.539997,208.47192988465423,-97.41258559423329,509.40726820628925
2026-01-29 07:00:00+00:00,30.430012,220.46781626123013,-84.26276738591099,522.2233816967665
2026-01-29 08:00:00+00:00,38.48,208.2965017672772,-95.59244673395386,510.6564172271834
2026-01-29 09:00:00+00:00,31.099995,200.42930380426247,-103.28021862879535,503.7940388783916
2026-01-29 10:00:00+00:00,37.96001,129.44883732842,-173.8947561321549,432.44697839804195
2026-01-29 11:00:00+00:00,43.23,165.06585808636635,-138.59417237602497,468.50383406427994
2026-01-29 12:00:00+00:00,51.400013,183.07694044830944,-119.61110799706813,487.3422500762607
2026-01-29 13:00:00+00:00,54.629993,228.58722485839965,-75.55228204062831,532.7011654359258
2026-01-29 14:00:00+00:00,50.640003,210.75842324253014,-92.6081668057833,514.5265659380766
2026-01-29 15:00:00+00:00,40.369984,192.98519430615352,-110.40637528909718,497.4232331487484
2026-01-29 16:00:00+00:00,43.300007,156.5422753972886,-147.1402359100412,459.46700584217143
2026-01-29 17:00:00+00:00,39.830006,133.65285194283004,-172.20843991323312,434.65573674001337
2026-01-29 18:00:00+00:00,30.999989,138.98685468692307,-166.2617881230736,440.4542272687329
2026-01-29 19:00:00+00:00,41.319996,118.15682817570831,-186.20027799329392,421.0828289010307
2026-01-29 20:00:00+00:00,25.289997,74.6677633047754,-228.12433778652763,379.2991206381806
2026-01-29 21:00:00+00:00,8.629993,37.54278668291812,-264.47875050190754,343.26000768703045
2026-01-29 22:00:00+00:00,13.890003,73.76241972995945,-228.31765777329434,378.89774633971246
2026-01-29 23:00:00+00:00,17.420002,92.38732221897703,-209.8097140280252,397.3942166483934
2026-01-30 00:00:00+00:00,23.159992,123.70850205014139,-180.8516794682568,427.323221637359
2026-01-30 01:00:00+00:00,40.879993,131.72545586318776,-172.86132789601078,434.33471967506296
2026-01-30 02:00:00+00:00,48.71999,219.1850875306604,-86.11444973345868,522.124639760543
2026-01-30 03:00:00+00:00,49.129993,236.94532523301473,-67.10710006190936,540.2489683132867
2026-01-30 04:00:00+00:00,42.46001,293.4618270214994,-10.017626443347638,597.756021374864
2026-01-30 05:00:00+00:00,65.80999,329.74072858667034,25.25512525091051,633.7027504203054
2026-01-30 06:00:00+00:00,66.76,265.1936356943084,-39.5699311226943,568.2173823701452
2026-01-30 07:00:00+00:00,88.87002,155.91601884451666,-147.6977496990733,459.7102478749168
2026-01-30 08:00:00+00:00,129.3,163.85101932000595,-139.36049361741823,467.67837028353347
2026-01-30 09:00:00+00:00,154.03998,137.85306554648432,-165.3302702583705,441.9505868184031
2026-01-30 10:00:00+00:00,165.83002,109.88392267673669,-194.79440030748327,412.511332156256
2026-01-30 11:00:00+00:00,198.15,148.07683494749529,-153.87414741727895,456.6912269431409
2026-01-30 12:00:00+00:00,213.67,120.13709185064954,-183.41385108809715,432.1027679570114
2026-01-30 13:00:00+00:00,226.73999,134.2455040551608,-169.91734993387564,438.9675528826329
2026-01-30 14:00:00+00:00,246.08,155.72851619072276,-148.44219358708614,459.8372008935099
2026-01-30 15:00:00+00:00,284.55,141.99231137142027,-161.3247134760511,445.6581147848779
2026-01-30 16:00:00+00:00,293.82,223.53069433971882,-80.58400481962286,527.4499289739074
2026-01-30 17:00:00+00:00,298.25,358.98050020435335,56.88231601114791,663.2717612832964
2026-01-30 18:00:00+00:00,277.3,342.5896174662098,37.78981643538134,645.3608594692887
2026-01-30 19:00:00+00:00,253.91,302.67733823624917,-1.4379363916667671,607.2063351625443
2026-01-30 20:00:00+00:00,215.52,275.72527134086266,-28.934651597690333,579.5478025539333
2026-01-30 21:00:00+00:00,159.0,205.2490716227581,-98.83414603833575,508.75216035675726
2026-01-30 22:00:00+00:00,90.54,155.39450080718245,-147.65836384129415,458.79571511812924
2026-01-30 23:00:00+00:00,61.339985,71.10653141037574,-231.43995791043045,375.1381287147311
2026-01-31 00:00:00+00:00,33.46001,107.43247995256033,-194.71718941750106,410.3936858139562
2026-01-31 01:00:00+00:00,24.120014,61.459913556207425,-239.20697290838297,364.2911450082013
2026-01-31 02:00:00+00:00,24.48,119.4759830035616,-182.93990656348052,421.03532461482723
2026-01-31 03:00:00+00:00,53.779987,222.51968370748693,-79.86982734494012,524.0630585991486
2026-01-31 04:00:00+00:00,99.38999,328.4343640503196,25.845550155693104,629.8732795011275
2026-01-31 05:00:00+00:00,119.04,354.7929555118467,51.75452704487515,656.5556742914854
2026-01-31 06:00:00+00:00,138.53,358.6297372985953,57.083033706658625,660.23631482884
2026-01-31 07:00:00+00:00,105.76,309.8304716186718,7.450501272665235,610.9879273535989
2026-01-31 08:00:00+00:00,82.27001,213.87754265111494,-88.2515066032039,515.0882156272442
2026-01-31 09:00:00+00:00,52.339985,194.419461145151,-108.05805918213639,495.96773537192774
2026-01-31 10:00:00+00:00,39.71999,204.76064702982123,-97.69456943685447,505.86687145041503
2026-01-31 11:00:00+00:00,19.95,253.77946105921342,-46.23894847411816,580.1040380289514
2026-01-31 12:00:00+00:00,15.439991,61.3187712585422,-241.16933969535256,363.07058558409614
2026-01-31 13:00:00+00:00,21.589985,68.95641601768659,-233.35218633597123,370.2277802796168
2026-01-31 14:00:00+00:00,28.650013,75.64586718274018,-226.31757308039533,378.033124791863
2026-01-31 15:00:00+00:00,28.050007,107.76259468361073,-194.50751947465602,409.4414512758207
2026-01-31 16:00:00+00:00,30.430012,131.24886777684796,-172.0131801444074,431.95530745619453
2026-01-31 17:00:00+00:00,59.029987,145.75420024016694,-158.82133840515053,446.79952233708116
2026-01-31 18:00:00+00:00,42.2,218.8566249241981,-80.75052751235245,525.668877543603
2026-01-31 19:00:00+00:00,85.170006,185.030922402518,-115.92009406387132,487.9475459798212
2026-01-31 20:00:00+00:00,81.65002,181.74174508947723,-118.73406696957323,484.00437323439473
2026-01-31 21:00:00+00:00,66.170006,202.94433017159017,-99.21484697673475,504.1253276514332
2026-01-31 22:00:00+00:00,55.670002,195.98427438674406,-106.84078716887149,498.2863836585632
2026-01-31 23:00:00+00:00,42.369984,161.72180889018955,-140.3883635270168,464.7218028077092
2026-02-01 00:00:00+00:00,32.069996,165.64544979143594,-136.18257660807393,468.36828716715377
2026-02-01 01:00:00+00:00,27.529987,150.87149538836977,-151.04830725732376,452.048788085515
2026-02-01 02:00:00+00:00,38.96999,143.56442103009897,-158.37216687536915,445.4772322641812
2026-02-01 03:00:00+00:00,68.74999,116.77563029629869,-184.13851733472444,420.970030810868
2026-02-01 04:00:00+00:00,76.430016,78.4715765766004,-223.26055797364194,382.14553815416616
2026-02-01 05:00:00+00:00,94.97001,69.78907385087427,-231.81721280700827,372.94006835913973
2026-02-01 06:00:00+00:00,96.569984,60.85112320544317,-239.52416412081192,364.23430221258286
2026-02-01 07:00:00+00:00,101.55001,63.554431442228065,-237.40028514777038,366.8020814925659
2026-02-01 08:00:00+00:00,118.48002,23.044738128335837,-277.9738570908059,326.9488074862447
2026-02-01 09:00:00+00:00,146.54,22.818532399427113,-278.1928931369919,325.15432913443567
2026-02-01 10:00:00+00:00,122.42002,25.047448648247837,-277.04604936893685,326.1468401942134
2026-02-01 11:00:00+00:00,99.21,5.641492835835891,-296.8718880595914,307.6801990778675
2026-02-01 12:00:00+00:00,62.68001,18.17219030544203,-283.3491597073955,320.8005475710557
2026-02-01 13:00:00+00:00,65.710014,-29.597004719560687,-331.4089229883919,273.0624681539932
2026-02-01 14:00:00+00:00,87.76,18.891861329394885,-283.401329742981,321.4534800144028
2026-02-01 15:00:00+00:00,126.78001,75.92477917550622,-227.40962889435883,377.2350815372468
2026-02-01 16:00:00+00:00,199.11,131.80434020425167,-170.42282750637054,433.4964382528649
2026-02-01 17:00:00+00:00,344.22,299.6775375915784,-2.0796065902652003,601.5006688717655
2026-02-01 18:00:00+00:00,444.34,352.0553516336687,50.735114742844814,654.3959831755908
2026-02-01 19:00:00+00:00,436.66,463.45552513993215,162.47348779056676,766.2210161438564
2026-02-01 20:00:00+00:00,390.89,476.6661625285939,174.91754809193947,779.3632906282771
2026-02-01 21:00:00+00:00,427.24,503.9521529102325,201.998176832682,806.2221905788873
2026-02-01 22:00:00+00:00,529.51,578.1245686708553,276.39331855687954,880.9770795304519
2026-02-01 23:00:00+00:00,629.98,635.0783479507392,333.3509974620272,938.2846857697375
2026-02-02 00:00:00+00:00,772.69,803.3572044243776,502.25873436924155,1106.8468897763498
2026-02-02 01:00:00+00:00,692.5,869.6279216302362,568.694679754175,1172.4976498703752
2026-02-02 02:00:00+00:00,644.87,837.7765568344903,536.8703410988012,1140.6441572098336
2026-02-02 03:00:00+00:00,668.29,800.7387219328591,498.66832621963897,1104.3106778014485
2026-02-02 04:00:00+00:00,635.32,689.6065184176139,387.8586006189129,991.8945978945053
2026-02-02 05:00:00+00:00,581.73,605.0735509274537,303.4775171199587,906.9497243125384
2026-02-02 06:00:00+00:00,490.6,576.9873163373876,274.3066819944429,879.0644655451069
2026-02-02 07:00:00+00:00,507.55,575.9520964537868,273.90082844834683,878.9506724944972
2026-02-02 08:00:00+00:00,432.12,474.55077715575624,173.04417503676643,776.83172900816
2026-02-02 09:00:00+00:00,308.11,327.1273905318523,25.452255883520138,629.3348469100426
2026-02-02 10:00:00+00:00,271.74,344.1887594077593,42.10682912083945,646.6079091780232
2026-02-02 11:00:00+00:00,233.41998,237.19076499214646,-65.03239453747369,539.3435599975088
2026-02-02 12:00:00+00:00,176.39,205.1998046994431,-97.60678620267561,506.6424927591876
2026-02-02 13:00:00+00:00,148.85999,167.23263258978048,-135.36122083818105,469.10383830331966
2026-02-02 14:00:00+00:00,136.49002,171.87328727681572,-129.33847086635637,473.72364868601187
2026-02-02 15:00:00+00:00,173.71,195.8868939239824,-106.03475093971872,498.0514068006208
2026-02-02 16:00:00+00:00,242.99998,320.6612489889048,18.78318484546935,623.21330433149
2026-02-02 17:00:00+00:00,391.38,474.1760635001905,172.87428662085227,777.4628081209573
2026-02-02 18:00:00+00:00,546.81,556.2141251801329,255.16013404810485,858.3350999467717
2026-02-02 19:00:00+00:00,701.75,675.8200094663862,374.81004441576,977.8223273112851
2026-02-02 20:00:00+00:00,835.49,691.5936696735947,390.8794292149834,994.0230102343896
2026-02-02 21:00:00+00:00,921.23,706.245452040543,404.99258450344473,1008.1523687784143
2026-02-02 22:00:00+00:00,927.49,722.962830683032,421.3476134738963,1024.4746143194398
2026-02-02 23:00:00+00:00,852.83,717.8400615553219,415.9947295967836,1020.0764103037477
2026-02-03 00:00:00+00:00,767.67,647.5851588854691,345.35522842484266,949.5481988782456
2026-02-03 01:00:00+00:00,698.5,655.2507647368474,353.0208792252348,958.61478290269
2026-02-03 02:00:00+00:00,755.22,706.8730328160636,405.70193418082255,1009.4608295358828
2026-02-03 03:00:00+00:00,832.76,732.5566382359498,431.4726564534769,1035.0115508575288
2026-02-03 04:00:00+00:00,898.34,742.4823306467364,440.7842154410781,1045.9006742000902
2026-02-03 05:00:00+00:00,1003.55,779.9163182221725,478.4930740843698,1082.864719776378
2026-02-03 06:00:00+00:00,983.98,829.0929717199875,527.6524736175207,1131.7325236578824
2026-02-03 07:00:00+00:00,915.96,887.4009689943198,586.2203314141889,1190.3020121211528
2026-02-03 08:00:00+00:00,861.12,774.5978458739222,473.8353726340722,1077.486883144752
2026-02-03 09:00:00+00:00,582.46,533.7104186251153,231.69827034741036,835.6489089684693
2026-02-03 10:00:00+00:00,409.76,322.9156351317877,20.9480935256081,625.9811283952537
2026-02-03 11:00:00+00:00,396.49,268.5906938259509,-34.54686523298096,568.2953700723646
2026-02-03 12:00:00+00:00,365.56,644.2310762161705,334.5174869156211,965.578893798325
2026-02-03 13:00:00+00:00,453.25,261.64384990636034,-40.63974144767917,563.0333074500178
2026-02-03 14:00:00+00:00,464.06,262.21207123998147,-40.38099849537372,564.1053146228271
2026-02-03 15:00:00+00:00,496.97,328.2164370467352,25.951192602121807,629.6486642077189
2026-02-03 16:00:00+00:00,493.49,377.7157996119811,75.3893463004232,679.3515576095647
2026-02-03 17:00:00+00:00,442.02,368.0521058415537,66.82873723946273,669.4231504614133
2026-02-03 18:00:00+00:00,535.21,374.89022996422943,72.70561872297401,676.8742575801324
2026-02-03 19:00:00+00:00,574.56,409.64288762743354,107.766416235446,711.614557253909
2026-02-03 20:00:00+00:00,490.83,362.22861638449535,59.777511390594555,663.3573911302794
2026-02-03 21:00:00+00:00,362.08,313.5978705129314,10.530552299167994,614.857198857904
2026-02-03 22:00:00+00:00,264.0,263.9137360007952,-39.020857102923856,564.9058976261689
2026-02-03 23:00:00+00:00,240.33,227.28672893959526,-75.86941967337822,528.4717807041081
2026-02-04 00:00:00+00:00,216.35,174.2304083090398,-128.25324753403504,475.21310334742134
2026-02-04 01:00:00+00:00,187.35,156.28960969219747,-145.64262308518897,457.48674442204157
2026-02-04 02:00:00+00:00,185.39,116.50831839124712,-185.5717562149827,417.73718429434706
2026-02-04 03:00:00+00:00,247.36,118.86113380213598,-182.27390132461898,420.69591590572975
2026-02-04 04:00:00+00:00,373.16,207.7048718272809,-93.51158777494334,509.4629734866056
2026-02-04 05:00:00+00:00,708.8499,264.79468888555095,-38.63595969251713,566.6642131257951
2026-02-04 06:00:00+00:00,1082.51,365.9854671513031,62.96463205968024,667.0075479960019
2026-02-04 07:00:00+00:00,1179.9,545.8390485937362,243.58057349613637,847.83651975221
2026-02-04 08:00:00+00:00,1156.95,528.4277906999221,225.38138673773403,830.7506367988433
2026-02-04 09:00:00+00:00,1080.49,567.6296251897747,266.18193732736535,869.9010193007459
2026-02-04 10:00:00+00:00,874.51,540.679865987922,238.69212492710463,842.725214949804
2026-02-04 11:00:00+00:00,766.7,466.130938743833,164.3060979161501,768.1035492775136
2026-02-04 12:00:00+00:00,708.9099,399.8935461852347,97.39988803251407,701.536480311934
2026-02-04 13:00:00+00:00,644.9,359.34224336852196,57.17756560493274,661.1559185187473
2026-02-04 14:00:00+00:00,770.54,408.3031837396756,105.99880841494038,710.548634118942
2026-02-04 15:00:00+00:00,788.35,564.8497220396389,262.39343062084004,867.0255277416809
2026-02-04 16:00:00+00:00,841.02997,620.4524358211038,318.8296474798873,923.0794664039302
2026-02-04 17:00:00+00:00,773.68,640.0074068559741,338.83611607494527,942.2380357402617
2026-02-04 18:00:00+00:00,666.08,589.0397956160442,287.0733151546009,891.4183158459055
2026-02-04 19:00:00+00:00,459.59,560.3495253441447,258.24011873499586,862.4711293377622
2026-02-04 20:00:00+00:00,375.62,514.8180134074187,212.37872767100345,816.9876722292004
2026-02-04 21:00:00+00:00,304.27,486.90820376230727,184.8028128043823,788.6729890561912
2026-02-04 22:00:00+00:00,207.71,397.77546873711714,95.04988344984864,699.6605908277825
2026-02-04 23:00:00+00:00,177.14,286.01228852207856,-15.681641044297521,587.9451266212078
2026-02-05 00:00:00+00:00,138.82,278.80848713772536,-22.592886711006315,581.2897043155161
2026-02-05 01:00:00+00:00,102.64001,233.13908021024025,-68.30615397621983,535.1143698198259
2026-02-05 02:00:00+00:00,65.14001,172.05950831788445,-129.5333941766022,473.64157172206467
2026-02-05 03:00:00+00:00,54.619984,135.39833067441407,-166.08997900959588,437.84290693449276
2026-02-05 04:00:00+00:00,74.65002,141.3787443586904,-159.86542956846472,444.2162511384993
2026-02-05 05:00:00+00:00,69.1,120.94216287956127,-181.42768992356042,423.19973301337996
2026-02-05 06:00:00+00:00,65.80001,88.28535229094445,-214.89004386341134,389.48007758119155
2026-02-05 07:00:00+00:00,53.849995,29.99331993982173,-272.5499589442863,332.8586020221722
2026-02-05 08:00:00+00:00,41.74999,40.30470879919761,-261.43245486816346,342.66602857415313
2026-02-05 09:00:00+00:00,37.099995,61.31219741331978,-240.5501826079182,363.99032662844377
2026-02-05 10:00:00+00:00,14.460011,27.09932687319281,-272.3876085581564,333.7485630345896
2026-02-05 11:00:00+00:00,13.550007,1.3584573439308656,-300.3064180986202,304.3025264595766
2026-02-05 12:00:00+00:00,9.740009,31.628024586152662,-269.2176933731561,334.56068716164253
2026-02-05 13:00:00+00:00,14.270008,56.84399587725602,-244.49839686287334,359.9323461816421
2026-02-05 14:00:00+00:00,46.150013,80.98396330126718,-221.66874806693176,382.3462683458472
2026-02-05 15:00:00+00:00,111.98,180.83363025775975,-120.23364924429569,484.60946006908705
2026-02-05 16:00:00+00:00,212.54,363.3245312203449,60.344057563381796,664.8414378469301
2026-02-05 17:00:00+00:00,279.42,511.0174209560961,208.563183888562,813.7967159753703
2026-02-05 18:00:00+00:00,432.93,618.5022509990678,317.4268545698379,920.4391374653628
2026-02-05 19:00:00+00:00,543.28,657.3128987894356,356.5930900723392,959.8450875890517
2026-02-05 20:00:00+00:00,572.65,621.6497601209954,319.79816332408035,924.842532971981
2026-02-05 21:00:00+00:00,498.04,581.671240231793,279.9806514295446,883.4751612241014
2026-02-05 22:00:00+00:00,358.84,433.39137121472976,131.21032901047568,734.7060994825581
2026-02-05 23:00:00+00:00,302.38,406.86654119882263,104.54586014647145,707.8839972520319
2026-02-06 00:00:00+00:00,251.82,363.1857969590141,61.31142539259673,665.6051237078693
2026-02-06 01:00:00+00:00,199.18,288.34663088499644,-13.256733252400693,590.4494764866379
2026-02-06 02:00:00+00:00,222.70999,299.34712881079014,-1.6838812141666608,602.122536317926
2026-02-06 03:00:00+00:00,289.85,326.55648468365627,24.23198173709278,628.121978066978
2026-02-06 04:00:00+00:00,312.79,292.8968615846332,-10.895426489281874,594.7838120743642
2026-02-06 05:00:00+00:00,311.32,289.0256378750063,-14.683765481057264,590.022503187362
2026-02-06 06:00:00+00:00,276.97,218.61477529091758,-84.77337882157343,519.7396623876784
2026-02-06 07:00:00+00:00,237.8,196.31823633158342,-107.14329438289019,498.39837250874587
2026-02-06 08:00:00+00:00,226.63,193.24601462690515,-108.80221986247778,494.7464212739859
2026-02-06 09:00:00+00:00,237.41,171.52972733638586,-130.3702948329357,472.61927975655135
2026-02-06 10:00:00+00:00,235.37,86.46087044346655,-216.27299789153943,388.2315499929811
2026-02-06 11:00:00+00:00,263.9,132.61671024000384,-169.8216553756684,433.54883512877666
2026-02-06 12:00:00+00:00,274.96,182.2109368804872,-119.15882203775726,483.40237266119743
2026-02-06 13:00:00+00:00,265.4,127.48681443438645,-173.59347119706734,429.4746720025179
2026-02-06 14:00:00+00:00,237.53,147.0927000161692,-154.41180674167543,449.36253582767245
2026-02-06 15:00:00+00:00,264.56,335.82047616223304,34.74973328206022,638.7546222836705
2026-02-06 16:00:00+00:00,357.1,290.755700430282,-10.242072106776789,593.8566827929503
2026-02-06 17:00:00+00:00,435.69,358.19481321430703,57.453302678919556,660.3507331959374
2026-02-06 18:00:00+00:00,538.79,321.9905869659823,20.930816972461116,623.8644533170655
2026-02-06 19:00:00+00:00,603.05,464.7858568982656,163.5818238249071,767.0421568331201
2026-02-06 20:00:00+00:00,655.86,523.2000182278197,221.70095103146758,824.9329842262492
2026-02-06 21:00:00+00:00,694.13,525.8301162478333,224.76203684141257,827.5082554233409
2026-02-06 22:00:00+00:00,787.12994,590.5780961288967,290.3707910120555,892.3663096104615
2026-02-06 23:00:00+00:00,785.29,614.9784959137536,314.3587780228062,916.7690625966898
2026-02-07 00:00:00+00:00,749.42,522.0554627498202,221.6781314939705,822.6534416692666
2026-02-07 01:00:00+00:00,644.46,560.8350803754909,260.57162844555785,861.8331901657195
2026-02-07 02:00:00+00:00,610.04,552.8879685757224,253.20189549221465,854.4704090739684
2026-02-07 03:00:00+00:00,483.19,555.0829245353575,255.15605741759492,856.9313425576302
2026-02-07 04:00:00+00:00,386.32,533.9737309042672,233.17874203306826,834.9716914065209
2026-02-07 05:00:00+00:00,319.6,476.4639581058535,175.70803698841848,776.8216991058321
2026-02-07 06:00:00+00:00,201.24,374.34467329547067,73.00567039824841,674.7913344502247
2026-02-07 07:00:00+00:00,162.28,305.40484806297934,4.138392165319431,605.3199606927616
2026-02-07 08:00:00+00:00,122.549995,195.5269440676164,-105.83948389081968,495.5382502946187
2026-02-07 09:00:00+00:00,59.24001,115.20926782602055,-185.93240114959082,415.97165386460256
2026-02-07 10:00:00+00:00,45.49999,77.63420485682252,-222.94404445247523,378.5004138759387
2026-02-07 11:00:00+00:00,32.059986,54.48914254822705,-245.11282639939117,355.54138271944004
2026-02-07 12:00:00+00:00,15.430012,72.19160504450588,-228.02979387601573,374.43593295973454
2026-02-07 13:00:00+00:00,7.300007,41.49131545366163,-258.34464767862465,342.9248271008538
2026-02-07 14:00:00+00:00,5.6100044,39.33293716276302,-260.92403952387184,340.511712700093
2026-02-07 15:00:00+00:00,8.249989,4.8192144959193115,-296.16226716649845,305.4389070482981
2026-02-07 16:00:00+00:00,20.789997,151.61262739763592,-149.654062684478,451.6744848289293
2026-02-07 17:00:00+00:00,25.379993,172.24498336069644,-128.05486579821724,472.6199216398469
2026-02-07 18:00:00+00:00,25.74001,213.4372830512728,-88.1219046228581,512.521808123083
2026-02-07 19:00:00+00:00,49.48,309.52226648220426,8.541215574403282,609.7610685634954
2026-02-07 20:00:00+00:00,58.569996,292.3893043680226,-8.237270332216212,592.7466557651173
2026-02-07 21:00:00+00:00,79.46999,340.0600799959541,39.05978327894593,640.4285996844787
2026-02-07 22:00:00+00:00,90.189995,385.56089558990783,84.20362684505778,685.5443945817426
2026-02-07 23:00:00+00:00,72.659996,434.9061333694597,133.0752455283217,734.5548027734919
2026-02-08 00:00:00+00:00,55.74001,204.76940971520878,-97.0285611927473,504.41327178039523
2026-02-08 01:00:00+00:00,57.51,106.31735607723945,-195.14006196885356,406.44959501543684
2026-02-08 02:00:00+00:00,84.920006,94.82517081762657,-204.4887102508714,395.91822784368065
2026-02-08 03:00:00+00:00,106.65,103.02162323784734,-195.82663636598357,405.3872452730798
2026-02-08 04:00:00+00:00,97.82,106.68820876789673,-191.59956413529375,409.0467680363792
2026-02-08 05:00:00+00:00,105.40002,140.1084346370487,-160.29502246014619,441.0826063672926
2026-02-08 06:00:00+00:00,148.19,134.0206031189208,-166.1744056490656,434.24372078611077
2026-02-08 07:00:00+00:00,251.63,161.13558300568437,-139.89491573248137,462.0616257377449
2026-02-08 08:00:00+00:00,296.09,206.04468692735364,-95.78386297867519,506.1375160714864
2026-02-08 09:00:00+00:00,262.52,260.7787806592979,-39.37932507713026,561.111382336675
2026-02-08 10:00:00+00:00,199.98,158.1912114929108,-142.87848912510566,458.39845696491824
2026-02-08 11:00:00+00:00,125.52,142.08797602298702,-158.44104662034545,441.6774500954881
2026-02-08 12:00:00+00:00,77.49001,123.57127301615313,-177.1132100273598,423.53193367192756
2026-02-08 13:00:00+00:00,74.87002,125.99067567375977,-175.45709453776539,426.1440950455928
2026-02-08 14:00:00+00:00,83.420006,128.73107054243133,-173.21859750461402,428.6845892110374
2026-02-08 15:00:00+00:00,119.76,154.73951287998722,-146.42225853126843,454.9323561535465
2026-02-08 16:00:00+00:00,143.51,241.21216904296526,-59.500000286989234,540.7982476121224
2026-02-08 17:00:00+00:00,187.81,372.89225545301076,72.24555212912765,673.6270634323523
2026-02-08 18:00:00+00:00,225.22,492.07506996409546,191.70545252989348,792.0329368604546
2026-02-08 19:00:00+00:00,255.2,429.58497522013965,129.2501271531383,729.6784973310669
2026-02-08 20:00:00+00:00,266.43,365.35384556210073,64.83087375443796,665.6578926459711
2026-02-08 21:00:00+00:00,275.57,393.2145015323523,92.77355555370835,694.2760050481793
2026-02-08 22:00:00+00:00,293.14,420.20357885326166,119.74651603587625,721.2109400888125
2026-02-08 23:00:00+00:00,243.54,396.0820938166449,95.66571244481338,696.1624748033587
2026-02-09 00:00:00+00:00,178.03,361.3987504129744,59.69970727910396,661.0069811108356
2026-02-09 01:00:00+00:00,151.27,350.3210818064503,48.12128656797023,649.7720760920627
2026-02-09 02:00:00+00:00,99.61001,306.43736898217406,3.835298966748894,605.3467389019614
2026-02-09 03:00:00+00:00,75.48,243.87173965553413,-58.380324511071365,543.184227859687
2026-02-09 04:00:00+00:00,63.150013,228.67953124862333,-73.01259573703823,528.4442254050144
2026-02-09 05:00:00+00:00,60.520008,274.59592049257355,-26.79193546049629,574.6450712079875
2026-02-09 06:00:00+00:00,68.08999,293.8226525282171,-7.060696597070091,593.4555459606879
2026-02-09 07:00:00+00:00,91.170006,278.50115091074156,-22.278351353260348,578.1370673902571
2026-02-09 08:00:00+00:00,89.460014,235.09942038118066,-65.81541237624089,534.6983143943727
2026-02-09 09:00:00+00:00,65.6,202.17555338116745,-98.97276832200242,502.2277445391336
2026-02-09 10:00:00+00:00,64.920006,186.0580163065975,-114.72535993983189,486.69108584156675
2026-02-09 11:00:00+00:00,51.48,151.2927802469952,-148.41982194489879,452.90315733558964
2026-02-09 12:00:00+00:00,67.26,84.58258712024798,-215.21659546317272,384.9992968390921
2026-02-09 13:00:00+00:00,93.93,121.8887287651072,-178.27718082208997,422.1059422264999
2026-02-09 14:00:00+00:00,113.9,136.6023325171323,-164.23415007521402,437.2826215457083
2026-02-09 15:00:00+00:00,118.920006,149.89316363554568,-150.9212823910151,450.4173920801197
2026-02-09 16:00:00+00:00,98.26,161.11833120043144,-139.32155831625812,461.9086278286046
2026-02-09 17:00:00+00:00,122.73998,163.31921248000017,-135.35055008240988,465.75264487558854
2026-02-09 18:00:00+00:00,173.48,312.4652520470727,12.155004242493987,613.0736747514359
2026-02-09 19:00:00+00:00,227.88,450.4532624000901,150.00734858038138,751.02495071826
2026-02-09 20:00:00+00:00,235.72,468.1055121167575,167.42980229072091,768.4246034517923
2026-02-09 21:00:00+00:00,301.83,445.7700985703957,144.54685209116488,745.8817787241562
2026-02-09 22:00:00+00:00,384.82,458.69645717289075,157.61894492503242,758.9217722045707
2026-02-09 23:00:00+00:00,357.48,440.08833802169124,138.65666497846127,740.3321154343408
2026-02-10 00:00:00+00:00,343.35,292.5920392684104,-8.549900491985852,592.3826187104075
2026-02-10 01:00:00+00:00,358.03,232.85288420436095,-68.42482499355395,532.8562283712293
2026-02-10 02:00:00+00:00,383.87,229.18932219391422,-72.1429565288571,529.3379363836538
2026-02-10 03:00:00+00:00,459.02,240.68735059725591,-60.877893750316446,540.4462038912249
2026-02-10 04:00:00+00:00,517.83,207.9126639150234,-93.0666527938904,508.09288454690613
2026-02-10 05:00:00+00:00,464.81,272.6628617372215,-28.40045722126638,573.12844137062
2026-02-10 06:00:00+00:00,495.53,351.20113508380405,50.656412708093626,652.0125222807799
2026-02-10 07:00:00+00:00,560.26,397.9873650388748,98.07271131246182,697.9710193903995
2026-02-10 08:00:00+00:00,636.92,388.9138945365847,88.57002451802708,689.4538702270045
2026-02-10 09:00:00+00:00,521.02,347.67111936305076,46.60837391297713,647.6720593085665
2026-02-10 10:00:00+00:00,437.8,468.7355851916923,168.25119597171175,769.4310912089381
2026-02-10 11:00:00+00:00,377.68,498.10024573337904,197.58486686411905,798.8250651056846
2026-02-10 12:00:00+00:00,552.08,517.8043720367807,216.9022827515397,817.8068984304068
2026-02-10 13:00:00+00:00,601.53,480.04649148401506,179.28142011302847,780.7214788253134
2026-02-10 14:00:00+00:00,638.08,490.1990552598543,190.25097123879988,790.867344972125
2026-02-10 15:00:00+00:00,621.55,555.7143765246259,254.82120847598742,856.3684465283246
2026-02-10 16:00:00+00:00,575.81,560.0999752639423,259.9525887832321,860.4965225971216
2026-02-10 17:00:00+00:00,581.0,621.2760445631956,321.0798514420803,922.698362654427
2026-02-10 18:00:00+00:00,588.51,608.0214684456768,307.7944644073282,909.328729014065
2026-02-10 19:00:00+00:00,727.35,574.4468141294085,273.7854856913496,874.9383114392613
2026-02-10 20:00:00+00:00,728.0999,669.517693223628,369.38369454006227,970.1999599833102
2026-02-10 21:00:00+00:00,917.12,709.3541304127853,408.9574210656401,1010.488668879857
2026-02-10 22:00:00+00:00,998.56,772.2108094533342,471.38492074378524,1073.1364565836802
2026-02-10 23:00:00+00:00,1107.72,798.8475546878997,497.9836242684087,1099.9334640648353
2026-02-11 00:00:00+00:00,1247.98,859.2230585738716,560.0273339004946,1160.5620626087027
2026-02-11 01:00:00+00:00,1370.66,892.9814522836168,591.9203291617616,1195.4495386437488
2026-02-11 02:00:00+00:00,1302.18,1050.649220506903,750.1420248921098,1354.0579683259448
2026-02-11 03:00:00+00:00,1147.1,1236.504315012539,937.4822441326849,1538.6864098707815
2026-02-11 04:00:00+00:00,1219.04,1097.2084562681093,797.4290434207696,1398.7144234071222
2026-02-11 05:00:00+00:00,1374.04,1117.1695134540983,816.7024030834505,1417.9985504701983
2026-02-11 06:00:00+00:00,1377.056,1176.2874306429396,876.7738663461503,1477.4151699379597
2026-02-11 07:00:00+00:00,1380.072,1177.0981510839763,877.9062101879363,1478.3396349040602
2026-02-11 08:00:00+00:00,1383.088,1135.226935156879,834.9903634077965,1435.3119570726174
2026-02-11 09:00:00+00:00,1386.104,1109.6644111978992,808.3456804646535,1409.5187341776366
2026-02-11 10:00:00+00:00,1389.12,1080.7241330418324,780.2840296510653,1380.9884369399488
2026-02-11 11:00:00+00:00,1376.0,1162.5031529733244,862.3615125054032,1463.3164560510777
2026-02-11 12:00:00+00:00,1265.2501,1171.5039047964324,871.1592047247384,1472.548114151521
2026-02-11 13:00:00+00:00,1405.92,1102.8214198783853,802.5726139970764,1403.6713254762353
2026-02-11 14:00:00+00:00,1405.7267,1171.775458077926,872.0458729398968,1473.3643773422743
2026-02-11 15:00:00+00:00,1405.5333,1210.199398300925,910.6253084453981,1511.9627398553484
2026-02-11 16:00:00+00:00,1405.3401,1167.336596219312,867.107843067241,1467.8189024423916
2026-02-11 17:00:00+00:00,1405.1467,1147.59536133488,848.3368613660518,1449.4810220047325
2026-02-11 18:00:00+00:00,1404.9534,1121.122877360035,821.2513104855352,1423.0858434800934
2026-02-11 19:00:00+00:00,1404.76,1147.4670901045624,848.0360320550151,1449.2856387135018
2026-02-11 20:00:00+00:00,1295.12,1091.4919181763983,791.5593962848823,1392.8848111513278
2026-02-11 21:00:00+00:00,1043.0,940.3933553332208,640.1355266779178,1240.9983659499542
2026-02-11 22:00:00+00:00,898.09,805.8951186869331,505.2809224865863,1105.4068394439503
2026-02-11 23:00:00+00:00,881.3,781.7129420597996,481.10166388694313,1081.8992621281445
2026-02-12 00:00:00+00:00,808.62,752.4689697637575,451.35246998139723,1052.7062636510252
2026-02-12 01:00:00+00:00,1140.1,741.831909496651,442.3526579651217,1043.1445510142116
2026-02-12 02:00:00+00:00,1384.39,950.7393617440368,650.5361112598412,1251.975745454252
2026-02-12 03:00:00+00:00,1379.24,1037.4690212886574,738.1079753866245,1338.3079108584413
2026-02-12 04:00:00+00:00,1330.6702,1109.6351428416174,810.2447359289182,1411.2713479918634
2026-02-12 05:00:00+00:00,1313.24,1036.7685057074045,736.638883166879,1338.6561848347565
2026-02-12 06:00:00+00:00,1330.03,962.2701797218247,662.4317184604924,1263.5654273216403
2026-02-12 07:00:00+00:00,1351.0001,943.2563911744137,644.0854280696342,1244.3696542434807
2026-02-12 08:00:00+00:00,1233.44,860.3082198078675,560.4252264807037,1161.6686873197098
2026-02-12 09:00:00+00:00,1177.83,1047.3026036829656,747.6073575744922,1349.3439294964376
2026-02-12 10:00:00+00:00,1112.18,1054.5458478271728,755.0346041175724,1355.6554432687533
2026-02-12 11:00:00+00:00,1220.0,992.0079116772392,692.5488791141138,1293.8035820918403
2026-02-12 12:00:00+00:00,1394.34,1170.6924782933656,870.5497683478641,1472.3938879099894
2026-02-12 13:00:00+00:00,1398.0066,1426.891780703954,1124.8108697952491,1728.6553326607498
2026-02-12 14:00:00+00:00,1401.6733,1704.3863883700142,1404.3717490151585,2006.6730611662367
2026-02-12 15:00:00+00:00,1405.34,1247.5509173937257,946.8448003976869,1547.7794254686328
2026-02-12 16:00:00+00:00,1409.0066,1142.271303713304,842.7203071434559,1444.4263790300267
2026-02-12 17:00:00+00:00,1412.6733,1096.191127141433,796.0578629883148,1397.7060177651708
2026-02-12 18:00:00+00:00,1416.34,1112.437565701487,812.335025686554,1413.102043711856
2026-02-12 19:00:00+00:00,1380.93,1145.5971743915936,845.9095187369255,1447.415439653108
2026-02-12 20:00:00+00:00,1425.51,1040.970191831372,740.1103718775116,1342.0261797420085
2026-02-12 21:00:00+00:00,1378.38,1019.7494184134955,718.8015065529903,1320.6467503348936
2026-02-12 22:00:00+00:00,1310.74,1004.2241386541227,703.2422257296336,1304.6970381156978
2026-02-12 23:00:00+00:00,1345.45,1075.0115229822723,773.1078059570085,1374.6829590752347
2026-02-13 00:00:00+00:00,1412.7,1169.716449363292,869.0042971934404,1470.637300876729
2026-02-13 01:00:00+00:00,1397.2483,1166.237059392831,866.7412074022784,1467.0602452092573
2026-02-13 02:00:00+00:00,1381.7966,1223.4678327550969,924.3250138819267,1524.5294913893108
2026-02-13 03:00:00+00:00,1366.345,1309.6144603588846,1011.0135840463201,1610.8711670997802
2026-02-13 04:00:00+00:00,1350.8933,1247.4971923189155,948.8317491533082,1549.1105347134455
2026-02-13 05:00:00+00:00,1335.4417,1164.7945396690377,865.5315228216009,1466.4768298242893
2026-02-13 06:00:00+00:00,1319.9901,1081.5423279822592,781.9133312402982,1383.556116779966
2026-02-13 07:00:00+00:00,1167.47,987.9348277849786,688.4539828578709,1289.3803709182673
2026-02-13 08:00:00+00:00,927.28,824.9303324381015,524.3335623700498,1124.8197846906805
2026-02-13 09:00:00+00:00,746.29,631.9777304692051,330.2842328010231,931.5112138432482
2026-02-13 10:00:00+00:00,455.27,619.9061096971751,318.8283842215869,919.4255692997494
2026-02-13 11:00:00+00:00,336.84,522.0996630199772,220.41938440695142,821.8053354487806
2026-02-13 12:00:00+00:00,200.57,418.15324155118384,116.21097878201266,717.6514912485643
2026-02-13 13:00:00+00:00,86.21999,298.2513428797998,-3.5809677371026396,597.2227592301975
2026-02-13 14:00:00+00:00,21.49001,240.1615865193911,-61.37167165200657,540.0053019990369
2026-02-13 15:00:00+00:00,8.509998,143.85986556907903,-157.08439754761582,443.50059570160374
2026-02-13 16:00:00+00:00,23.580006,96.70655361532678,-203.89514026547755,397.7514589176406
2026-02-13 17:00:00+00:00,43.24999,38.45355494174214,-261.6511472750945,339.0265391551229
2026-02-13 18:00:00+00:00,65.14001,49.56741353373246,-252.56707182684937,348.9043571021709
2026-02-13 19:00:00+00:00,103.05001,143.99752896882814,-157.64428154239192,443.580021120844
2026-02-13 20:00:00+00:00,151.76999,207.60390408387457,-93.7997690802735,507.05016865566955
2026-02-13 21:00:00+00:00,213.78,283.9511292989996,-17.413810077940752,584.3753781313693
2026-02-13 22:00:00+00:00,308.82,353.8013450578458,52.868009824544515,654.2456386519833
2026-02-13 23:00:00+00:00,362.73,395.42196405139714,94.36740652949956,696.4485515566462
2026-02-14 00:00:00+00:00,405.4,358.645950837518,56.827897462061685,661.070173349131
2026-02-14 01:00:00+00:00,469.78,383.65307779044866,81.79553323472533,686.4134684502114
2026-02-14 02:00:00+00:00,566.45,390.98671687090683,88.87456046214015,693.3638149190842
2026-02-14 03:00:00+00:00,646.68,402.73041689246094,100.71183574069553,704.8128626333083
2026-02-14 04:00:00+00:00,706.41,434.3186139658691,132.49817062842905,736.6818443769776
2026-02-14 05:00:00+00:00,718.7899,455.0476519411667,152.69431185107598,757.6643487652464
2026-02-14 06:00:00+00:00,771.78,511.7270169485652,209.32623698831102,813.2388012039037
2026-02-14 07:00:00+00:00,712.69,457.1375731300937,154.64321608106064,759.7184926134803
2026-02-14 08:00:00+00:00,588.09,366.27248779535836,63.919533026498414,668.7392678443221
2026-02-14 09:00:00+00:00,497.72,355.70600443021357,53.45965885728208,658.4266208843654
2026-02-14 10:00:00+00:00,453.74,348.6562846611504,44.47093361880769,650.9924093121481
2026-02-14 11:00:00+00:00,457.46,358.8396540022368,56.30729459436776,661.2915516409585
2026-02-14 12:00:00+00:00,503.14,381.4185868048934,79.49074726778088,684.0300399657374
2026-02-14 13:00:00+00:00,536.53,374.072714364461,72.2325220373499,675.9071843288674
2026-02-14 14:00:00+00:00,591.34,410.8421493193493,108.58608897056587,713.7467030424252
2026-02-14 15:00:00+00:00,633.08,415.6885897429547,114.44583761545104,718.6782347658486
2026-02-14 16:00:00+00:00,659.42,468.8592952944897,167.23854458286718,771.4421642899061
2026-02-14 17:00:00+00:00,659.56,518.5790860297295,216.61431251150591,820.6246458118485
2026-02-14 18:00:00+00:00,622.64,448.83480267025425,145.48548682812236,750.8315687932982
2026-02-14 19:00:00+00:00,415.88,426.5901149865706,125.48213647780128,729.4100547341283
2026-02-14 20:00:00+00:00,282.24,363.15162692291153,61.155396268035815,666.1339187235649
2026-02-14 21:00:00+00:00,261.71,370.3976481761891,68.81300038950252,672.8840570166353
2026-02-14 22:00:00+00:00,200.53,306.17234997066083,4.705449345199668,608.7809766252196
2026-02-14 23:00:00+00:00,153.65,277.8851670201408,-23.87707385798734,580.3826443250366
2026-02-15 00:00:00+00:00,109.090004,255.2977635829884,-46.43891848227304,557.7180670946503
2026-02-15 01:00:00+00:00,101.40002,257.25862490398947,-44.51518823956883,559.829125537427
2026-02-15 02:00:00+00:00,61.279987,235.52902669117714,-66.23060952212472,537.7898211338982
2026-02-15 03:00:00+00:00,29.999989,170.21943602953013,-131.7390145241078,472.30194318229655
2026-02-15 04:00:00+00:00,13.830006,161.48074853897694,-140.97640776963908,463.14300209383066
2026-02-15 05:00:00+00:00,6.900013,123.32978736292313,-179.67899646025802,425.4196155570647
2026-02-15 06:00:00+00:00,6.150013,90.68851756233613,-211.1218047034567,393.4978252253496
2026-02-15 07:00:00+00:00,9.349995,132.9896708578518,-168.26680874857158,437.1720651390597
2026-02-15 08:00:00+00:00,9.110004,175.68846647835062,-126.09394536403437,477.54602791204024
2026-02-15 09:00:00+00:00,6.4799995,130.4521697927189,-171.76277475726368,432.5082794745998
2026-02-15 10:00:00+00:00,8.020008,64.0051221711858,-238.2054339742553,365.8974827550479
2026-02-15 11:00:00+00:00,14.249989,101.15144934850883,-201.3512816474526,402.78170244586954
2026-02-15 12:00:00+00:00,16.120014,143.53283877308866,-159.23199963377255,444.9133586233921
2026-02-15 13:00:00+00:00,26.650013,145.62899054274817,-156.78981746880402,447.42789095120895
2026-02-15 14:00:00+00:00,51.18999,176.71635537561426,-125.90838993697605,478.9482001221472
2026-02-15 15:00:00+00:00,101.18,223.49729625636235,-79.54600121176952,525.0783578626824
2026-02-15 16:00:00+00:00,317.21,294.16823641060165,-8.29819730584552,596.0296856035819
2026-02-15 17:00:00+00:00,587.49,399.476011358257,97.05441639965565,701.3746840567267
2026-02-15 18:00:00+00:00,777.89,641.9958336639775,339.7362950912078,944.7336835965059
2026-02-15 19:00:00+00:00,853.18,726.4634565067554,423.5654945055815,1028.6380145813114
2026-02-15 20:00:00+00:00,882.2,817.5967689710842,514.1835089031432,1118.9092281984488
2026-02-15 21:00:00+00:00,1089.86,811.7826728356354,507.61555365236234,1113.1260229690313
2026-02-15 22:00:00+00:00,1145.14,939.4153522868314,636.2923749188019,1241.7752593198886
2026-02-15 23:00:00+00:00,989.13,1119.5586871972926,817.4343347601192,1421.2982011317529
2026-02-16 00:00:00+00:00,1002.09,1064.9188038395903,762.661026715741,1367.7961824457668
2026-02-16 01:00:00+00:00,1245.8801,987.6263935902878,685.5795625545958,1289.6130255753847
2026-02-16 02:00:00+00:00,1384.45,906.7679551516294,603.763191010414,1207.707620311395
2026-02-16 03:00:00+00:00,1299.05,870.6406642571292,567.7132450388202,1172.3843310370273
2026-02-16 04:00:00+00:00,1320.71,996.2422624491671,693.7217358831923,1298.5009167995308
2026-02-16 05:00:00+00:00,1326.598,1181.6974153277415,879.1806273544955,1484.830212595204
2026-02-16 06:00:00+00:00,1332.4861,1165.1808566188772,861.0223582988544,1466.0845801859589
2026-02-16 07:00:00+00:00,1338.374,1092.2673996948263,789.7216316812403,1392.7163323386465
2026-02-16 08:00:00+00:00,1344.2621,998.757387290399,697.5458003232129,1301.0806822314805
2026-02-16 09:00:00+00:00,1350.15,928.9910020273207,626.5661055687814,1230.6515443419776
2026-02-16 10:00:00+00:00,1133.41,954.6685578575148,651.9435308456223,1256.8497884985009
2026-02-16 11:00:00+00:00,1086.34,911.9388323779092,609.3456386994447,1213.8029094938815
2026-02-16 12:00:00+00:00,942.65,702.1915554982411,399.8271606373389,1004.236590699531
2026-02-16 13:00:00+00:00,911.24,802.7593356980964,498.61578623409986,1104.184557626042
2026-02-16 14:00:00+00:00,970.6,746.4600664412926,444.7710746722202,1048.1715608902034
2026-02-16 15:00:00+00:00,992.5,1001.7951509319068,700.1340579188112,1304.8637505362133
2026-02-16 16:00:00+00:00,1184.88,1139.9892489315812,838.7563362870528,1442.640678603609
2026-02-16 17:00:00+00:00,1241.96,1120.7005470895956,819.0918794381187,1423.6270516597476
2026-02-16 18:00:00+00:00,1299.04,978.1118339155971,674.6098221819788,1279.2239272930447
2026-02-16 19:00:00+00:00,1356.12,888.938646334213,585.7978123201664,1190.0347760540214
2026-02-16 20:00:00+00:00,1423.38,823.3495491177864,520.8190410847922,1125.2889807824906
2026-02-16 21:00:00+00:00,1243.4,927.2714726293848,625.1428554994554,1229.0383621083347
2026-02-16 22:00:00+00:00,1109.11,1065.9125602020742,763.8121070165946,1367.534920975662
2026-02-16 23:00:00+00:00,1130.7101,1137.9044595685962,835.2518110065917,1438.9896352111416
2026-02-17 00:00:00+00:00,1344.21,1106.535975128477,802.9245897095134,1407.8565552490757
2026-02-17 01:00:00+00:00,1357.8667,1122.5899009546224,819.003884340165,1423.3801608595247
2026-02-17 02:00:00+00:00,1371.5233,1024.5107323845787,721.4269376588395,1326.4771630922362
2026-02-17 03:00:00+00:00,1385.18,999.2954324228824,696.3158391127864,1301.1597609572843
2026-02-17 04:00:00+00:00,1249.49,940.1033498116187,637.957372245831,1241.9751462560182
2026-02-17 05:00:00+00:00,1112.1,887.2491540884159,586.1464520463479,1190.2563462448052
2026-02-17 06:00:00+00:00,1119.0502,797.3290162542398,495.07426997172433,1098.3381480922446
2026-02-17 07:00:00+00:00,1144.15,745.9356956760524,443.07609061227754,1047.5574181433726
2026-02-17 08:00:00+00:00,1094.21,816.444863023124,514.1819134862365,1117.8243573069058
2026-02-17 09:00:00+00:00,975.92,690.3585840081269,387.0039403520466,991.9824628075758
2026-02-17 10:00:00+00:00,922.78,740.9745790167187,438.5530312034722,1042.6904283262022
2026-02-17 11:00:00+00:00,1047.79,802.7314046655922,499.1786894441026,1104.0271216413182
2026-02-17 12:00:00+00:00,897.13,727.0978583463682,423.8818995749045,1028.9255473855987
2026-02-17 13:00:00+00:00,911.04,718.888252417772,417.08573576728475,1019.805748553099
2026-02-17 14:00:00+00:00,1096.89,827.1053737475568,524.5793512228364,1128.3297265493115
2026-02-17 15:00:00+00:00,1183.67,881.8963670939024,580.1170033579789,1183.042334189512
2026-02-17 16:00:00+00:00,1213.08,885.6078044129106,583.5650426118302,1187.065792811604
2026-02-17 17:00:00+00:00,1229.81,826.9037635138008,525.1329136989386,1128.5020411378682
2026-02-17 18:00:00+00:00,1238.57,807.4787891716092,505.4708431712041,1109.9809723949327
2026-02-17 19:00:00+00:00,1327.19,829.8829460956215,528.251669596888,1132.1200666301993
2026-02-17 20:00:00+00:00,1204.33,818.9123187070752,517.6091905445584,1120.6695765889876
2026-02-17 21:00:00+00:00,1055.38,804.1933839615074,501.36804105864184,1106.923092196851
2026-02-17 22:00:00+00:00,927.75,831.2315974366942,528.9875866629525,1132.761174830345
2026-02-17 23:00:00+00:00,886.49,755.9603042173283,452.8793924696431,1057.3909169099763
2026-02-18 00:00:00+00:00,818.97,688.8009518917013,385.98639473535854,990.1048974152661
2026-02-18 01:00:00+00:00,767.68,664.9756188643826,362.4015580222934,966.7268771293802
2026-02-18 02:00:00+00:00,674.32,613.6285568695498,311.3488674648628,915.0617867118262
2026-02-18 03:00:00+00:00,521.63,575.3403240908949,273.4901733755788,876.815458806886
2026-02-18 04:00:00+00:00,415.76,511.79743537637074,210.5118114219026,813.301743355574
2026-02-18 05:00:00+00:00,340.0,427.75503644338596,126.73959488301634,729.6891191895427
2026-02-18 06:00:00+00:00,293.72,343.43972603088,41.17543036622726,645.5715454131989
2026-02-18 07:00:00+00:00,223.84,256.97033657026316,-45.54209980553014,558.3747098369948
2026-02-18 08:00:00+00:00,99.62,181.28551576479197,-121.38019740550834,482.66040686989476
2026-02-18 09:00:00+00:00,27.180012,63.86010139530924,-238.67460974695626,366.5665885554631
2026-02-18 10:00:00+00:00,20.920002,45.284121364819384,-257.0559706215765,348.5680102934461
2026-02-18 11:00:00+00:00,55.779987,34.79515475145763,-267.38708258364926,336.63955029295494
2026-02-18 12:00:00+00:00,93.74,55.61414791766856,-246.00199976801474,357.4729567430533
2026-02-18 13:00:00+00:00,126.41003,180.33602627648844,-121.21828296039882,481.6735319870008
2026-02-18 14:00:00+00:00,216.04,197.8408663253155,-104.23893798552666,499.52125226996054
2026-02-18 15:00:00+00:00,336.76,315.6065875141596,13.236277612844106,618.2047319608031
2026-02-18 16:00:00+00:00,516.84,437.44028673075144,135.6607207637515,740.394047774397
2026-02-18 17:00:00+00:00,681.63,603.2635213374435,301.5272760913653,905.9842082948535
2026-02-18 18:00:00+00:00,792.67,707.8624061185101,405.87665503589363,1009.5972939677961
2026-02-18 19:00:00+00:00,925.49,745.9115627003771,443.5351543747154,1048.0020420437947
2026-02-18 20:00:00+00:00,980.66,757.4643646049044,454.74218729544134,1059.3580059764492
2026-02-18 21:00:00+00:00,955.57,788.8252870801164,486.6484478585928,1091.0673068426613
2026-02-18 22:00:00+00:00,988.73,828.0830165019931,525.1302163314001,1130.8562030629166
2026-02-18 23:00:00+00:00,1112.0402,876.9424351647322,573.5160035059171,1179.5673306603542
2026-02-19 00:00:00+00:00,1158.69,859.7647587761635,557.1533909244317,1162.0342307867024
2026-02-19 01:00:00+00:00,1149.2,925.0591171504066,622.0168730808333,1228.4600818727124
2026-02-19 02:00:00+00:00,1116.45,865.5928459811478,563.2457770105528,1168.092286499069
2026-02-19 03:00:00+00:00,1072.5502,847.9603611100756,545.5503175185748,1150.698485056674
2026-02-19 04:00:00+00:00,903.06,863.3173698861135,561.2215138483785,1166.3208172942009
2026-02-19 05:00:00+00:00,677.43,810.1592757134631,508.305627006777,1111.7016133673305
2026-02-19 06:00:00+00:00,593.46,745.2683360603963,442.7360283027964,1046.701916234548
2026-02-19 07:00:00+00:00,525.54,637.3111188393639,335.0581510080261,938.2713072324905
2026-02-19 08:00:00+00:00,435.91,563.1454769527047,261.3389911030873,864.4527687656025
2026-02-19 09:00:00+00:00,392.52,562.940912901141,260.3174444620415,863.6324739365066
2026-02-19 10:00:00+00:00,352.23,398.00959462866723,95.44326715845847,699.0680832986272
2026-02-19 11:00:00+00:00,264.55,346.8782317549234,44.45868322788493,647.2961976161389
2026-02-19 12:00:00+00:00,209.78,327.5420042013584,24.671530535362933,628.7392757895047
2026-02-19 13:00:00+00:00,225.37,446.8004537630809,143.14959288985702,748.5775949928795
2026-02-19 14:00:00+00:00,292.03,447.4100468601974,145.93583480839442,750.0751907793673
2026-02-19 15:00:00+00:00,315.23,463.9164762350054,162.55700430037712,766.5299395577963
2026-02-19 16:00:00+00:00,345.6,493.71025215206373,191.6757987765444,795.6034835015691
2026-02-19 17:00:00+00:00,326.68,448.9567088677829,147.53963039553685,751.2061486430052
2026-02-19 18:00:00+00:00,283.13,468.63942894167803,167.9442024890607,771.0509695643821
2026-02-19 19:00:00+00:00,279.93,461.47859602251043,159.75252117202433,762.7034089108959
2026-02-19 20:00:00+00:00,280.84,433.6630490576724,132.15828314707218,735.0653608060677
2026-02-19 21:00:00+00:00,279.8,445.8155416209363,144.4072314868699,747.1427281326332
2026-02-19 22:00:00+00:00,287.93,449.75694883028393,147.52905194808577,750.3997223069589
2026-02-19 23:00:00+00:00,284.03,406.72258435638275,104.15871786921451,707.7415051789087
2026-02-20 00:00:00+00:00,284.38,339.128267589837,35.856161207637115,641.6017129934526
2026-02-20 01:00:00+00:00,259.43,272.7065924040631,-32.851271340945004,576.6641460050466
2026-02-20 02:00:00+00:00,177.74,281.86850324673617,-20.516160426665863,583.4069100332428
2026-02-20 03:00:00+00:00,123.23,264.1036941835036,-38.07890780744685,566.3845917539811
2026-02-20 04:00:00+00:00,116.52,279.29377858474027,-21.59516534529206,580.7617085186414
2026-02-20 05:00:00+00:00,103.590004,317.5566428294243,15.692196248863866,619.2386849907546
2026-02-20 06:00:00+00:00,70.11001,248.3371757889321,-53.43066537361955,549.6533523600036
2026-02-20 07:00:00+00:00,84.07,267.9644027539912,-33.57821415203358,569.479528020013
2026-02-20 08:00:00+00:00,108.22001,256.57323199149965,-44.81188068394971,557.7787454979757
2026-02-20 09:00:00+00:00,31.640003,166.17921191684277,-134.75941790887384,467.5605445460755
2026-02-20 10:00:00+00:00,25.580006,90.19672179466,-211.2083028194408,392.2284774708732
2026-02-20 11:00:00+00:00,47.95,66.2017415278163,-235.3245749122761,368.836281944776
2026-02-20 12:00:00+00:00,60.140003,150.0434907427056,-151.69244001063453,451.7951687720136
2026-02-20 13:00:00+00:00,87.189995,211.3984272167765,-90.39134736964093,512.6661491010489
2026-02-20 14:00:00+00:00,84.87002,246.12999854764828,-55.600561898143496,548.0242542420252
2026-02-20 15:00:00+00:00,94.55001,205.62750564038143,-95.88694988740008,506.61101719194994
2026-02-20 16:00:00+00:00,153.49,173.21814787743295,-128.55234157748407,473.95520634077985
2026-02-20 17:00:00+00:00,229.12,251.0919458733065,-49.90609602103194,552.8845799441144
2026-02-20 18:00:00+00:00,464.46,315.060930583365,13.624288754298618,617.0579674822187
2026-02-20 19:00:00+00:00,652.5,402.10510574869414,100.24111709981293,705.3932539838339
2026-02-20 20:00:00+00:00,927.05,522.9849325037701,221.75985307516603,824.4199654575339
2026-02-20 21:00:00+00:00,1065.5402,640.8546596553647,339.4753789015584,942.8570736193622
2026-02-20 22:00:00+00:00,1174.22,707.1551650660199,404.5151455860313,1009.074317590799
2026-02-20 23:00:00+00:00,1191.04,826.0293926409424,524.4244297883517,1127.2578135139624
2026-02-21 00:00:00+00:00,1310.89,900.7311526202313,599.320991877448,1203.8443594170544
2026-02-21 01:00:00+00:00,1414.1,987.7735996626575,686.0790402240759,1291.470713283264
2026-02-21 02:00:00+00:00,1252.4102,1013.5187186446776,711.5139041775801,1316.3697275950683
2026-02-21 03:00:00+00:00,1253.9,1046.6193882609223,743.9173983809868,1349.546176909672
2026-02-21 04:00:00+00:00,1419.42,1207.5253698911024,905.2403871741458,1512.342048878535
2026-02-21 05:00:00+00:00,1248.74,1310.9046639600683,1008.0167528806433,1615.3829699709142
2026-02-21 06:00:00+00:00,1295.72,1166.259311761235,863.4068640052992,1469.9583665285238
2026-02-21 07:00:00+00:00,1384.14,1041.9704989351117,739.956039180891,1345.3085854769959
2026-02-21 08:00:00+00:00,1346.42,1041.7082831851417,739.1875845220763,1345.8067434931747
2026-02-21 09:00:00+00:00,1281.76,913.2502604368992,611.501673762906,1216.8187964419428
2026-02-21 10:00:00+00:00,1225.48,866.9358473426064,565.3710584300263,1170.4092494943966
2026-02-21 11:00:00+00:00,1033.93,888.9424433459922,587.1350850119761,1192.3124697106307
2026-02-21 12:00:00+00:00,816.65,860.9074179687361,556.9013046643163,1164.0431565128201
2026-02-21 13:00:00+00:00,721.9,771.9264983831301,469.935165128866,1075.2015964688399
2026-02-21 14:00:00+00:00,777.51,731.494095756992,428.2606355454144,1034.1350081935334
2026-02-21 15:00:00+00:00,806.28,741.5362203047545,438.70580310232765,1044.547584208452
2026-02-21 16:00:00+00:00,1054.14,793.6698188369503,490.90130575779244,1096.8634789008263
2026-02-21 17:00:00+00:00,1187.71,848.0637391172327,544.9286428910746,1151.9280650737778
2026-02-21 18:00:00+00:00,1248.26,887.5073057684833,585.1434166280546,1190.75384641976
2026-02-21 19:00:00+00:00,1424.39,904.784088004358,602.8724602804026,1208.618029818477
2026-02-21 20:00:00+00:00,1425.336,908.8233382163448,607.369260079599,1212.9066563498852
2026-02-21 21:00:00+00:00,1426.282,907.3781518934327,605.7323948476144,1211.6192517506502
2026-02-21 22:00:00+00:00,1427.228,939.1892838936808,637.2255449277059,1243.436777648985
2026-02-21 23:00:00+00:00,1428.174,983.2875329387484,681.8379161003478,1287.2671550119105
2026-02-22 00:00:00+00:00,1429.12,975.2925294681909,673.7709283300026,1280.119088620975
2026-02-22 01:00:00+00:00,1430.5,905.1293889739281,603.5755286491994,1209.6306228604362
2026-02-22 02:00:00+00:00,1429.69,895.1214081257456,593.5156343815057,1199.0624865798477
2026-02-22 03:00:00+00:00,1416.9,959.1332129491059,657.280008865165,1262.854190711253
2026-02-22 04:00:00+00:00,1397.27,1025.7300747590573,723.7007359976852,1329.6521606514252
2026-02-22 05:00:00+00:00,1387.93,1083.6007090998512,782.2210297210901,1387.6046582043107
2026-02-22 06:00:00+00:00,1378.5901,1030.500602113827,728.8937747038672,1333.8575628991355
2026-02-22 07:00:00+00:00,1369.25,972.870266648812,671.4804369385287,1275.9261046396143
2026-02-22 08:00:00+00:00,1359.91,912.9180827234229,611.1568673356569,1216.8349059943678
2026-02-22 09:00:00+00:00,1305.55,974.1592094339119,672.4516024430161,1278.647099510334
2026-02-22 10:00:00+00:00,1263.8301,969.7920896272697,666.5852800051542,1274.8428591718073
2026-02-22 11:00:00+00:00,1271.7,947.7848252394326,645.915288573194,1253.212273534428
2026-02-22 12:00:00+00:00,1339.94,904.4970980239127,602.7149313632428,1208.5839992085832
2026-02-22 13:00:00+00:00,1333.35,963.2962189326577,660.7017778460481,1266.6167880200296
2026-02-22 14:00:00+00:00,1351.52,1052.9212625829232,749.1536221663564,1357.9817462513129
2026-02-22 15:00:00+00:00,1375.76,1066.9295908147265,763.37564249809,1370.6395964473381
2026-02-22 16:00:00+00:00,1429.36,1034.4251067928026,731.276429090158,1339.189128079495
2026-02-22 17:00:00+00:00,1418.7346,996.1353951465126,693.4786579717303,1300.1532264668951
2026-02-22 18:00:00+00:00,1408.1093,988.0614867134652,685.2993033906992,1292.6552367843099
2026-02-22 19:00:00+00:00,1397.4839,1023.6496513090069,720.9463176866061,1328.3938627212967
2026-02-22 20:00:00+00:00,1386.8584,1075.354508908944,772.1350885084601,1380.9508786992137
2026-02-22 21:00:00+00:00,1376.233,1108.9323361458216,806.3191010570638,1414.1217285483267
2026-02-22 22:00:00+00:00,1365.6077,1105.6433202111068,804.0859014488484,1409.9728576683392
2026-02-22 23:00:00+00:00,1354.9823,1161.063364456868,858.6371591917823,1465.5787460477507
2026-02-23 00:00:00+00:00,1344.3569,1216.6796481728313,914.615855541939,1521.0653232273082
2026-02-23 01:00:00+00:00,1333.7316,1181.342862239087,878.0829595666592,1485.792260655484
2026-02-23 02:00:00+00:00,1323.1061,1202.3485549709792,899.073082941849,1508.0399676535012
2026-02-23 03:00:00+00:00,1312.4807,1114.9236034798616,811.8096318512812,1419.9328579961636
2026-02-23 04:00:00+00:00,1301.8553,989.340770909381,687.5805688652986,1293.0519161981472
2026-02-23 05:00:00+00:00,1291.23,998.8633180558102,696.7515283736491,1303.40745403923
2026-02-23 06:00:00+00:00,1331.0,981.9381642574806,680.5089041794517,1285.335461425659
2026-02-23 07:00:00+00:00,1401.97,980.422984624721,678.1878846596467,1283.5693643724612
2026-02-23 08:00:00+00:00,1387.01,1090.6276998319593,787.341758433382,1395.2675836681456
2026-02-23 09:00:00+00:00,1401.02,1117.8540172298235,813.7201062461695,1422.295108936399
2026-02-23 10:00:00+00:00,1415.03,1184.321299691758,879.4164981563695,1488.7567365193902
2026-02-23 11:00:00+00:00,1348.1101,1139.1764632808515,834.1937855585359,1442.8170494287601
2026-02-23 12:00:00+00:00,1350.11,1387.9573869040992,1081.7882567776924,1693.7149088421613
2026-02-23 13:00:00+00:00,1278.47,1384.5288855750978,1078.3944534744296,1689.7773780049204
2026-02-23 14:00:00+00:00,1396.87,1255.621695950433,950.8516715674484,1558.3494298635187
2026-02-23 15:00:00+00:00,1425.95,1197.1582329488492,892.1737930738093,1500.1629762960813
2026-02-23 16:00:00+00:00,1420.27,1100.2524170517336,796.0641913438412,1404.2331520502098
2026-02-23 17:00:00+00:00,1298.65,1022.4875048108563,719.4423223145911,1327.1926453184556
2026-02-23 18:00:00+00:00,1277.55,944.4404828460931,642.7406487714512,1247.634871688479
2026-02-23 19:00:00+00:00,1337.13,1008.0659662856758,706.7371811515945,1310.939666463575
2026-02-23 20:00:00+00:00,1355.88,1024.6428031994812,722.4774070568333,1327.6720394212912
2026-02-23 21:00:00+00:00,1374.63,1090.6738067903898,787.2158520966585,1394.0924112044604
2026-02-23 22:00:00+00:00,1393.38,1113.9565368081521,810.2104402429434,1418.483704591427
2026-02-23 23:00:00+00:00,1412.13,998.4140004819933,694.821008544671,1301.7854370803364
2026-02-24 00:00:00+00:00,1278.1201,948.140536244445,646.0426987768029,1251.9020733093987
2026-02-24 01:00:00+00:00,1014.12,815.2740578702294,512.6740531401964,1119.0835759413364
2026-02-24 02:00:00+00:00,699.46,769.7823176197264,468.2368046580605,1072.8401729900347
2026-02-24 03:00:00+00:00,519.69,767.1366451706402,465.1663716769095,1070.2689135934345
2026-02-24 04:00:00+00:00,475.94,746.1416642750686,443.36562546455394,1048.4410848450054
2026-02-24 05:00:00+00:00,536.26,717.2490041892646,414.0433433374033,1019.9508331805798
2026-02-24 06:00:00+00:00,492.44,679.4364269018704,375.8108027325964,982.5939696220792
2026-02-24 07:00:00+00:00,366.33,665.3754312985674,362.86008002617564,968.4040303943098
2026-02-24 08:00:00+00:00,283.83,593.055892681494,290.36009259752205,896.8120484894598
2026-02-24 09:00:00+00:00,189.91,554.9483865890732,253.78336314570006,858.2302104761429
2026-02-24 10:00:00+00:00,109.12,460.56249943996875,158.633816351582,764.538693470967
2026-02-24 11:00:00+00:00,64.24999,365.50016063982923,63.88156184658226,668.8795788030068
2026-02-24 12:00:00+00:00,38.289997,260.8134655568565,-41.27844496295904,564.5653747115888
2026-02-24 13:00:00+00:00,37.96999,211.50985324158316,-90.67795486911541,515.9768975759443
2026-02-24 14:00:00+00:00,33.43001,88.96934992933035,-212.99664235195786,390.9334829673163
2026-02-24 15:00:00+00:00,22.759998,101.25357166756586,-201.62449098700182,403.70237980035625
2026-02-24 16:00:00+00:00,17.7,93.43893046386998,-209.37417899530197,395.8449596363147
2026-02-24 17:00:00+00:00,12.740009,-6.7279901701217,-309.512802687955,295.39560460020465
2026-02-24 18:00:00+00:00,27.909992,-15.633063950204644,-318.39816748665993,285.8675228549146
2026-02-24 19:00:00+00:00,43.830006,26.907414993924363,-275.93981766847213,330.0030479314331
2026-02-24 20:00:00+00:00,50.369984,93.58609246783263,-209.73245767920952,395.6475805489001
2026-02-24 21:00:00+00:00,46.849995,87.10592941408407,-215.48538983634165,389.68675307365936
2026-02-24 22:00:00+00:00,51.849995,107.03165409394882,-195.98333804963778,409.8056609504173
2026-02-24 23:00:00+00:00,63.360004,175.53928523012124,-128.69112293764567,477.9164897929243
2026-02-25 00:00:00+00:00,66.87002,115.4727317171953,-186.25763503786771,418.41303062119334
2026-02-25 01:00:00+00:00,63.270008,196.12902960976413,-106.46498606125806,499.4577184297977
2026-02-25 02:00:00+00:00,69.12002,298.6105958707424,-3.30433540924372,601.4411723538901
2026-02-25 03:00:00+00:00,44.349995,342.70511461456323,40.596467124834646,646.3204508098779
2026-02-25 04:00:00+00:00,61.43999,313.6173226578925,10.561480899940022,616.3070504380142
2026-02-25 05:00:00+00:00,72.07,261.30453403723095,-41.81151938467252,563.2977836460068
2026-02-25 06:00:00+00:00,107.86001,156.14089897927653,-146.38342938399757,459.1157088439174
2026-02-25 07:00:00+00:00,134.2,82.982146231493,-219.13508258074336,386.22188074171726
2026-02-25 08:00:00+00:00,113.37,98.21912538122368,-205.62281402247385,400.6216549287082
2026-02-25 09:00:00+00:00,66.55001,147.34715887916198,-156.3372001398714,449.0334824913766
2026-02-25 10:00:00+00:00,28.999989,58.18101868340625,-244.30827885202967,363.2896576265704
2026-02-25 11:00:00+00:00,15.759998,-26.929804761264222,-328.2447087954304,281.17241689614536
2026-02-25 12:00:00+00:00,9.379993,14.000773478411475,-285.8964634157816,327.41198200001884
2026-02-25 13:00:00+00:00,7.7100105,-37.54259124251513,-338.71747798785424,267.398311960135
2026-02-25 14:00:00+00:00,11.23,-28.363723326958166,-330.8164200410627,275.6524103254777
2026-02-25 15:00:00+00:00,24.900013,2.0499428095836265,-300.29654643054397,305.7160425326231
2026-02-25 16:00:00+00:00,63.48,80.94296113989037,-222.53830334833725,382.54087460720535
2026-02-25 17:00:00+00:00,160.72002,129.78590554828577,-174.689707771678,429.7866506746508
2026-02-25 18:00:00+00:00,247.3,258.69517728631075,-45.72609058154029,559.6966413140627
2026-02-25 19:00:00+00:00,280.02,354.74978773951,52.115800183207625,657.487536958595
2026-02-25 20:00:00+00:00,275.25,386.4474252378477,83.41332530904344,689.4486486224266
2026-02-25 21:00:00+00:00,225.78,398.0757318912598,96.22473106562722,701.8457362224431
2026-02-25 22:00:00+00:00,181.99,334.83525626401115,34.934231444501904,639.3027616922745
2026-02-25 23:00:00+00:00,172.53,221.38554591694498,-78.5837344278691,525.7946303573285
2026-02-26 00:00:00+00:00,150.07,121.18735453477206,-179.76603013478433,425.76978158258373
2026-02-26 01:00:00+00:00,123.72999,123.99435455717102,-176.99246752369828,428.48233622248586
2026-02-26 02:00:00+00:00,97.75001,138.05298134044077,-165.22790539073577,440.8675648689107
2026-02-26 03:00:00+00:00,89.49001,147.74856817419055,-157.61096123362267,448.5350915418701
2026-02-26 04:00:00+00:00,135.80998,136.3832487452755,-169.55632856090477,437.5850156782357
2026-02-26 05:00:00+00:00,188.03,180.81708597401033,-125.16062324081082,481.63082998065033
2026-02-26 06:00:00+00:00,230.78,225.83866036841457,-79.30823154476974,525.6248582906002
2026-02-26 07:00:00+00:00,256.51,216.771707218335,-87.35222537772728,517.3684090950761
2026-02-26 08:00:00+00:00,207.98,180.754666196218,-121.9253888314903,482.7559248026107
2026-02-26 09:00:00+00:00,156.07,140.0291226285317,-162.92155441468327,441.18607678643946
2026-02-26 10:00:00+00:00,106.409996,98.01015503293715,-204.12413240862753,401.04023604825557
2026-02-26 11:00:00+00:00,78.450005,133.4142847191307,-169.12608201582708,436.13827723069295
2026-02-26 12:00:00+00:00,65.83999,119.96440007174064,-182.1275896490567,422.3989616780206
2026-02-26 13:00:00+00:00,53.159992,81.28144768365479,-221.5074449675147,384.4149242916792
2026-02-26 14:00:00+00:00,55.830006,81.97310971848941,-221.54780379289815,384.43884246996083
2026-02-26 15:00:00+00:00,86.04,93.13320340585739,-209.43736978369242,395.83934578470996
2026-02-26 16:00:00+00:00,144.91,226.95003696343085,-76.76011639366726,528.1403374350714
2026-02-26 17:00:00+00:00,295.51,285.27657527380666,-17.712845961440735,587.7342765846086
2026-02-26 18:00:00+00:00,351.85,343.6786690856992,40.21301249303394,647.5073390237803
2026-02-26 19:00:00+00:00,349.81,366.81397176575285,64.26483177382676,670.524498223805
2026-02-26 20:00:00+00:00,369.09,353.35141899030816,50.28395301673538,656.5538240131413
2026-02-26 21:00:00+00:00,355.68,314.47789133715787,11.571364677545603,617.9226751889265
2026-02-26 22:00:00+00:00,362.89,317.40015388164755,14.433383790875212,620.3350597543722
2026-02-26 23:00:00+00:00,346.56,352.99925291797734,49.71398315352246,655.2297326024137
2026-02-27 00:00:00+00:00,306.45,308.41836212800865,5.104016277828919,611.0189635527618
2026-02-27 01:00:00+00:00,251.05,231.9024839816804,-72.68087346434663,534.1810099811644
2026-02-27 02:00:00+00:00,220.92,140.21574706371726,-163.95934962478896,442.85168555424696
2026-02-27 03:00:00+00:00,219.67,144.08143112045911,-159.89865418727027,446.3186710942796
2026-02-27 04:00:00+00:00,253.11998,166.54207624754795,-137.29575095954175,468.090492085538
2026-02-27 05:00:00+00:00,340.86,175.4645824931468,-128.54018551114632,477.7641271194284
2026-02-27 06:00:00+00:00,430.21,225.5123566367331,-79.38866345746868,526.7928076373803
2026-02-27 07:00:00+00:00,488.38,100.58157869304384,-202.59041328501013,401.8562402510777
2026-02-27 08:00:00+00:00,299.53,82.13753591494537,-221.17396729286423,384.26168710321303
2026-02-27 09:00:00+00:00,120.04,148.7099411138908,-154.8290699095411,450.54718379045767
2026-02-27 10:00:00+00:00,62.670002,67.71487180314375,-234.77534940017807,369.92334445784434
2026-02-27 11:00:00+00:00,63.74001,64.9228843941566,-238.48542055713284,367.67789728235965
2026-02-27 12:00:00+00:00,54.640003,44.72581841198598,-257.9277466642073,347.9173313284446
2026-02-27 13:00:00+00:00,69.77999,15.208011959605017,-288.2092436369797,318.15260937972175
2026-02-27 14:00:00+00:00,94.18,36.499545863253104,-266.6846388991765,339.40646769029706
2026-02-27 15:00:00+00:00,103.460014,62.882762578111965,-240.0692335751408,365.5411962165646
2026-02-27 16:00:00+00:00,207.46,124.2641008911082,-179.30265049768167,424.670744958019
2026-02-27 17:00:00+00:00,431.7,161.4247491494617,-142.04534941389204,463.03382854165056
2026-02-27 18:00:00+00:00,593.29,138.1407119815233,-164.40919186100223,440.7408496901188
2026-02-27 19:00:00+00:00,682.02,354.07939743479903,51.90871482030178,657.2378979634545
2026-02-27 20:00:00+00:00,730.08,512.9580535273218,210.7965611710746,816.8424637866112
2026-02-27 21:00:00+00:00,678.43,470.0137235708537,167.77770146057188,773.8263712951547
2026-02-27 22:00:00+00:00,524.43,411.2921745706058,108.83632900762777,714.5120101056045
2026-02-27 23:00:00+00:00,419.11,334.7092362226228,31.60258786186023,637.3603175278257
