date,solar_lu_actual,solar_lu_fitted,solar_lu_lower,solar_lu_upper
2026-02-15 00:00:00+00:00,0.020001335,0.03850262,-4.457,4.534005
2026-02-15 01:00:00+00:00,0.020001335,0.03850262,-4.457,4.534005
2026-02-15 02:00:00+00:00,0.0099992,0.13019268,-4.3653097,4.625695
2026-02-15 03:00:00+00:00,0.020001335,0.045369074,-4.4501333,4.5408716
2026-02-15 04:00:00+00:00,0.020001335,0.08740704,-4.4080954,4.5829096
2026-02-15 05:00:00+00:00,0.020001335,0.13958065,-4.3559217,4.635083
2026-02-15 06:00:00+00:00,0.11000149,0.12262432,-4.372878,4.618127
2026-02-15 07:00:00+00:00,9.009999,2.7329264,-1.7625762,7.228429
2026-02-15 08:00:00+00:00,28.11,24.032406,19.536903,28.527908
2026-02-15 09:00:00+00:00,48.32,42.797512,38.30201,47.293015
2026-02-15 10:00:00+00:00,48.0,44.261482,39.76598,48.756985
2026-02-15 11:00:00+00:00,34.48,37.446266,32.95076,41.94177
2026-02-15 12:00:00+00:00,26.96,32.90088,28.405376,37.39638
2026-02-15 13:00:00+00:00,24.73,31.367851,26.872349,35.863354
2026-02-15 14:00:00+00:00,19.86,14.771617,10.276114,19.267118
2026-02-15 15:00:00+00:00,3.9300013,4.3355417,-0.15996082,8.831044
2026-02-15 16:00:00+00:00,0.28999797,1.4773453,-3.018157,5.972848
2026-02-15 17:00:00+00:00,0.09999935,-0.045863226,-4.5413656,4.4496393
2026-02-15 18:00:00+00:00,0.070000574,-0.27109823,-4.7666006,4.2244043
2026-02-15 19:00:00+00:00,0.040001795,0.024792595,-4.47071,4.520295
2026-02-15 20:00:00+00:00,0.050000116,0.29472056,-4.200782,4.790223
2026-02-15 21:00:00+00:00,0.040001795,0.29843608,-4.1970663,4.7939386
2026-02-15 22:00:00+00:00,0.029999657,0.09568493,-4.3998175,4.5911875
2026-02-15 23:00:00+00:00,0.029999657,0.31026927,-4.185233,4.805772
2026-02-16 00:00:00+00:00,0.020001335,0.09016888,-4.4053335,4.5856714
2026-02-16 01:00:00+00:00,0.020001335,-0.0025358957,-4.4980383,4.4929667
2026-02-16 02:00:00+00:00,0.020001335,0.20107739,-4.294425,4.69658
2026-02-16 03:00:00+00:00,0.020001335,0.117924616,-4.377578,4.613427
2026-02-16 04:00:00+00:00,0.020001335,0.17648785,-4.3190145,4.6719904
2026-02-16 05:00:00+00:00,0.029999657,0.29349986,-4.2020025,4.7890024
2026-02-16 06:00:00+00:00,0.16000073,0.47601405,-4.0194883,4.9715166
2026-02-16 07:00:00+00:00,5.4399996,7.2616587,2.7661562,11.757163
2026-02-16 08:00:00+00:00,17.82,27.638823,23.14332,32.134327
2026-02-16 09:00:00+00:00,31.15,37.2592,32.7637,41.754704
2026-02-16 10:00:00+00:00,56.44,47.89836,43.40286,52.39386
2026-02-16 11:00:00+00:00,39.64,32.686783,28.191282,37.182285
2026-02-16 12:00:00+00:00,20.75,47.181534,42.68603,51.677036
2026-02-16 13:00:00+00:00,46.36,47.13389,42.638386,51.62939
2026-02-16 14:00:00+00:00,76.69,80.77256,76.277054,85.26806
2026-02-16 15:00:00+00:00,41.58,41.577618,37.082115,46.07312
2026-02-16 16:00:00+00:00,7.250001,7.7090693,3.213563,12.204572
2026-02-16 17:00:00+00:00,0.14999859,-0.32705602,-4.8225584,4.1684465
2026-02-16 18:00:00+00:00,0.09999935,0.13688748,-4.358615,4.63239
2026-02-16 19:00:00+00:00,0.070000574,0.10566799,-4.3898344,4.6011705
2026-02-16 20:00:00+00:00,0.070000574,0.09483425,-4.400668,4.590337
2026-02-16 21:00:00+00:00,0.050000116,0.11000149,-4.385501,4.605504
2026-02-16 22:00:00+00:00,0.040001795,0.17630474,-4.3191977,4.6718073
2026-02-16 23:00:00+00:00,0.040001795,-0.11042316,-4.6059256,4.3850794
2026-02-17 00:00:00+00:00,0.029999657,0.10753338,-4.387969,4.603036
2026-02-17 01:00:00+00:00,0.020001335,0.010136529,-4.485366,4.505639
2026-02-17 02:00:00+00:00,0.020001335,0.20623867,-4.2892637,4.701741
2026-02-17 03:00:00+00:00,0.020001335,0.019799156,-4.4757032,4.5153017
2026-02-17 04:00:00+00:00,0.029999657,0.06183712,-4.4336653,4.5573397
2026-02-17 05:00:00+00:00,0.040001795,0.15432827,-4.341174,4.649831
2026-02-17 06:00:00+00:00,0.25000086,0.25186244,-4.24364,4.747365
2026-02-17 07:00:00+00:00,9.94,8.864465,4.3689585,13.359967
2026-02-17 08:00:00+00:00,31.52,28.55455,24.059048,33.050053
2026-02-17 09:00:00+00:00,86.13,66.80182,62.306316,71.297325
2026-02-17 10:00:00+00:00,121.9,88.19324,83.69773,92.688736
2026-02-17 11:00:00+00:00,71.04,66.82936,62.33386,71.32487
2026-02-17 12:00:00+00:00,70.29,90.343704,85.8482,94.8392
2026-02-17 13:00:00+00:00,67.36,74.249435,69.75393,78.74494
2026-02-17 14:00:00+00:00,59.75,72.29097,67.79546,76.78647
2026-02-17 15:00:00+00:00,33.25,53.847237,49.351734,58.34274
2026-02-17 16:00:00+00:00,5.7300005,5.9409075,1.4454049,10.43641
2026-02-17 17:00:00+00:00,0.16999905,-0.6705733,-5.1660757,3.8249292
2026-02-17 18:00:00+00:00,0.12999813,0.4532632,-4.042239,4.9487658
2026-02-17 19:00:00+00:00,0.09000103,0.15806286,-4.3374395,4.6535654
2026-02-17 20:00:00+00:00,0.070000574,0.21674053,-4.278762,4.712243
2026-02-17 21:00:00+00:00,0.059998438,-0.26023397,-4.7557364,4.2352686
2026-02-17 22:00:00+00:00,0.050000116,-0.20226963,-4.697772,4.293233
2026-02-17 23:00:00+00:00,0.050000116,0.04197018,-4.453532,4.5374727
2026-02-18 00:00:00+00:00,0.050000116,0.05260174,-4.4429007,4.5481043
2026-02-18 01:00:00+00:00,0.040001795,0.16244595,-4.3330564,4.6579485
2026-02-18 02:00:00+00:00,0.029999657,0.08614819,-4.409354,4.5816507
2026-02-18 03:00:00+00:00,0.029999657,-0.13918217,-4.6346846,4.3563204
2026-02-18 04:00:00+00:00,0.040001795,-0.031062203,-4.5265646,4.4644403
2026-02-18 05:00:00+00:00,0.040001795,-0.105715826,-4.601218,4.3897867
2026-02-18 06:00:00+00:00,0.09999935,-0.15334995,-4.6488523,4.3421526
2026-02-18 07:00:00+00:00,4.079999,5.489003,0.99350065,9.984506
2026-02-18 08:00:00+00:00,23.69,20.453768,15.958266,24.94927
2026-02-18 09:00:00+00:00,86.33,64.74263,60.247124,69.23813
2026-02-18 10:00:00+00:00,125.4,74.168724,69.673225,78.66423
2026-02-18 11:00:00+00:00,164.1,111.94079,107.44529,116.436295
2026-02-18 12:00:00+00:00,146.0,154.29634,149.80084,158.79184
2026-02-18 13:00:00+00:00,75.3,88.62991,84.134415,93.12542
2026-02-18 14:00:00+00:00,37.25,43.630123,39.13462,48.125626
2026-02-18 15:00:00+00:00,13.87,12.069661,7.5741587,16.565163
2026-02-18 16:00:00+00:00,1.8299989,1.5319489,-2.9635534,6.0274515
2026-02-18 17:00:00+00:00,0.18000118,-1.2405235,-5.736026,3.2549791
2026-02-18 18:00:00+00:00,0.12999813,1.0892838,-3.4062185,5.5847864
2026-02-18 19:00:00+00:00,0.079998896,0.06266491,-4.4328375,4.5581675
2026-02-18 20:00:00+00:00,0.079998896,0.015835686,-4.4796667,4.511338
2026-02-18 21:00:00+00:00,0.059998438,0.11946957,-4.376033,4.614972
2026-02-18 22:00:00+00:00,0.050000116,-0.07190998,-4.5674124,4.4235926
2026-02-18 23:00:00+00:00,0.050000116,0.031075401,-4.464427,4.526578
2026-02-19 00:00:00+00:00,0.040001795,-0.1437331,-4.6392355,4.3517694
2026-02-19 01:00:00+00:00,0.040001795,-0.08445652,-4.579959,4.411046
2026-02-19 02:00:00+00:00,0.040001795,-0.038138464,-4.533641,4.457364
2026-02-19 03:00:00+00:00,0.029999657,-0.1114455,-4.606948,4.384057
2026-02-19 04:00:00+00:00,0.029999657,-0.06940754,-4.56491,4.426095
2026-02-19 05:00:00+00:00,0.040001795,0.009743615,-4.485759,4.505246
2026-02-19 06:00:00+00:00,0.050000116,-0.017203407,-4.512706,4.478299
2026-02-19 07:00:00+00:00,1.169999,4.3835382,-0.1119643,8.879041
2026-02-19 08:00:00+00:00,5.790002,11.051372,6.555867,15.546874
2026-02-19 09:00:00+00:00,20.89,23.808462,19.31296,28.303965
2026-02-19 10:00:00+00:00,30.2,35.01865,30.523146,39.514153
2026-02-19 11:00:00+00:00,33.49,44.86754,40.372036,49.36304
2026-02-19 12:00:00+00:00,32.04,46.459305,41.963802,50.954807
2026-02-19 13:00:00+00:00,29.46,51.883457,47.387955,56.37896
2026-02-19 14:00:00+00:00,21.19,34.511726,30.016224,39.00723
2026-02-19 15:00:00+00:00,5.9699984,13.798608,9.303105,18.29411
2026-02-19 16:00:00+00:00,0.73000044,1.7435349,-2.7519674,6.2390375
2026-02-19 17:00:00+00:00,0.09000103,0.3090066,-4.186496,4.804509
2026-02-19 18:00:00+00:00,0.070000574,0.07457058,-4.420932,4.570073
2026-02-19 19:00:00+00:00,0.040001795,0.27009287,-4.2254095,4.7655954
2026-02-19 20:00:00+00:00,0.040001795,0.17344372,-4.3220587,4.6689463
2026-02-19 21:00:00+00:00,0.029999657,0.40492335,-4.090579,4.900426
2026-02-19 22:00:00+00:00,0.020001335,0.27501765,-4.2204847,4.77052
2026-02-19 23:00:00+00:00,0.029999657,0.3900384,-4.105464,4.885541
2026-02-20 00:00:00+00:00,0.020001335,0.25824443,-4.237258,4.753747
2026-02-20 01:00:00+00:00,0.020001335,0.20721523,-4.288287,4.702718
2026-02-20 02:00:00+00:00,0.020001335,0.22166912,-4.2738333,4.7171717
2026-02-20 03:00:00+00:00,0.020001335,0.23153012,-4.2639723,4.7270327
2026-02-20 04:00:00+00:00,0.029999657,0.19177334,-4.303729,4.687276
2026-02-20 05:00:00+00:00,0.040001795,0.25498286,-4.2405195,4.7504854
2026-02-20 06:00:00+00:00,0.2599992,0.25498286,-4.2405195,4.7504854
2026-02-20 07:00:00+00:00,7.2800035,8.91533,4.4198275,13.4108305
2026-02-20 08:00:00+00:00,12.820001,18.306795,13.811294,22.802298
2026-02-20 09:00:00+00:00,19.51,22.98595,18.490448,27.481453
2026-02-20 10:00:00+00:00,24.78,18.903624,14.408122,23.399126
2026-02-20 11:00:00+00:00,30.54,24.67022,20.174717,29.165722
2026-02-20 12:00:00+00:00,23.24,20.81382,16.318317,25.309322
2026-02-20 13:00:00+00:00,34.77,23.740778,19.245275,28.23628
2026-02-20 14:00:00+00:00,35.3,25.196226,20.700724,29.691729
2026-02-20 15:00:00+00:00,13.590001,15.21054,10.715037,19.706041
2026-02-20 16:00:00+00:00,1.0299996,2.494916,-2.0005865,6.9904184
2026-02-20 17:00:00+00:00,0.09999935,-1.0987502,-5.5942526,3.3967524
2026-02-20 18:00:00+00:00,0.070000574,-0.17544849,-4.670951,4.320054
2026-02-20 19:00:00+00:00,0.059998438,-0.12543018,-4.6209326,4.3700724
2026-02-20 20:00:00+00:00,0.050000116,0.07880108,-4.4167013,4.5743036
2026-02-20 21:00:00+00:00,0.029999657,0.08534329,-4.410159,4.580846
2026-02-20 22:00:00+00:00,0.029999657,-0.104983404,-4.600486,4.390519
2026-02-20 23:00:00+00:00,0.020001335,-0.051489905,-4.5469923,4.4440126
2026-02-21 00:00:00+00:00,0.020001335,-0.33669576,-4.832198,4.158807
2026-02-21 01:00:00+00:00,0.020001335,0.023690147,-4.4718122,4.5191927
2026-02-21 02:00:00+00:00,0.020001335,-0.0439101,-4.5394125,4.4515924
2026-02-21 03:00:00+00:00,0.0099992,0.039277002,-4.4562254,4.5347795
2026-02-21 04:00:00+00:00,0.020001335,-0.16533192,-4.6608343,4.3301706
2026-02-21 05:00:00+00:00,0.029999657,-0.082038,-4.5775404,4.4134645
2026-02-21 06:00:00+00:00,0.11000149,0.061066553,-4.434436,4.556569
2026-02-21 07:00:00+00:00,3.96,8.804105,4.3086023,13.299609
2026-02-21 08:00:00+00:00,11.910001,12.014611,7.519109,16.510113
2026-02-21 09:00:00+00:00,15.56,20.945274,16.449772,25.440779
2026-02-21 10:00:00+00:00,19.92,24.166204,19.670702,28.661707
2026-02-21 11:00:00+00:00,26.16,25.62788,21.132376,30.123383
2026-02-21 12:00:00+00:00,33.4,38.32573,33.830227,42.82123
2026-02-21 13:00:00+00:00,26.0,27.52385,23.028347,32.019352
2026-02-21 14:00:00+00:00,39.31,36.41612,31.920614,40.91162
2026-02-21 15:00:00+00:00,25.37,18.814558,14.3190565,23.31006
2026-02-21 16:00:00+00:00,1.8900002,3.501855,-0.99364763,7.9973574
2026-02-21 17:00:00+00:00,0.11999981,-0.5425063,-5.0380087,3.9529963
2026-02-21 18:00:00+00:00,0.079998896,-0.37189016,-4.8673925,4.1236124
2026-02-21 19:00:00+00:00,0.059998438,-0.13572986,-4.6312323,4.3597727
2026-02-21 20:00:00+00:00,0.050000116,-0.036887243,-4.5323896,4.4586153
2026-02-21 21:00:00+00:00,0.040001795,0.03305523,-4.462447,4.528558
2026-02-21 22:00:00+00:00,0.040001795,0.31437007,-4.1811323,4.8098726
2026-02-21 23:00:00+00:00,0.029999657,0.09952633,-4.395976,4.595029
2026-02-22 00:00:00+00:00,0.020001335,-0.11854847,-4.614051,4.376954
2026-02-22 01:00:00+00:00,0.020001335,-0.11854847,-4.614051,4.376954
2026-02-22 02:00:00+00:00,0.020001335,-0.21760471,-4.713107,4.277898
2026-02-22 03:00:00+00:00,0.020001335,0.0073975762,-4.488105,4.5029
2026-02-22 04:00:00+00:00,0.020001335,0.13924114,-4.3562613,4.6347437
2026-02-22 05:00:00+00:00,0.020001335,0.47292414,-4.0225782,4.9684267
2026-02-22 06:00:00+00:00,0.09999935,0.0772752,-4.418227,4.5727777
2026-02-22 07:00:00+00:00,4.410001,6.7336664,2.238164,11.229171
2026-02-22 08:00:00+00:00,21.07,17.954855,13.459353,22.450357
2026-02-22 09:00:00+00:00,40.41,27.675346,23.179842,32.17085
2026-02-22 10:00:00+00:00,39.11,34.344418,29.848913,38.83992
2026-02-22 11:00:00+00:00,35.73,35.856426,31.360924,40.35193
2026-02-22 12:00:00+00:00,33.51,18.266958,13.771457,22.76246
2026-02-22 13:00:00+00:00,38.57,37.22896,32.733456,41.72446
2026-02-22 14:00:00+00:00,27.05,24.62988,20.134378,29.125383
2026-02-22 15:00:00+00:00,12.270001,12.8104315,8.314931,17.305933
2026-02-22 16:00:00+00:00,2.0500002,3.2615595,-1.2339431,7.757062
2026-02-22 17:00:00+00:00,0.11999981,0.12835018,-4.367152,4.6238527
2026-02-22 18:00:00+00:00,0.079998896,0.7450456,-3.7504568,5.240548
2026-02-22 19:00:00+00:00,0.059998438,0.61016554,-3.8853369,5.105668
2026-02-22 20:00:00+00:00,0.059998438,0.07105343,-4.424449,4.566556
2026-02-22 21:00:00+00:00,0.040001795,-0.25080022,-4.7463026,4.2447023
2026-02-22 22:00:00+00:00,0.040001795,0.12500088,-4.3705015,4.6205034
2026-02-22 23:00:00+00:00,0.029999657,0.2519044,-4.243598,4.747407
2026-02-23 00:00:00+00:00,0.029999657,0.11607067,-4.3794317,4.611573
2026-02-23 01:00:00+00:00,0.020001335,0.29445735,-4.201045,4.78996
2026-02-23 02:00:00+00:00,0.020001335,0.11347668,-4.3820257,4.608979
2026-02-23 03:00:00+00:00,0.020001335,0.13989346,-4.355609,4.635396
2026-02-23 04:00:00+00:00,0.020001335,0.34167185,-4.1538305,4.8371744
2026-02-23 05:00:00+00:00,0.029999657,0.14006893,-4.3554335,4.6355715
2026-02-23 06:00:00+00:00,1.2199982,0.4362611,-4.0592413,4.9317636
2026-02-23 07:00:00+00:00,16.26,16.329548,11.834046,20.82505
2026-02-23 08:00:00+00:00,42.4,27.78156,23.286058,32.277065
2026-02-23 09:00:00+00:00,67.02,68.83762,64.34212,73.33313
2026-02-23 10:00:00+00:00,98.24,78.11675,73.621254,82.61226
2026-02-23 11:00:00+00:00,124.11,129.86143,125.36593,134.35693
2026-02-23 12:00:00+00:00,144.9,129.37358,124.878075,133.86908
2026-02-23 13:00:00+00:00,107.08,108.02136,103.52586,112.51687
2026-02-23 14:00:00+00:00,55.22,68.19449,63.698982,72.68999
2026-02-23 15:00:00+00:00,17.42,19.278032,14.782531,23.773535
2026-02-23 16:00:00+00:00,2.4699984,3.3922358,-1.1032668,7.887738
2026-02-23 17:00:00+00:00,0.23000042,1.0766495,-3.4188528,5.572152
2026-02-23 18:00:00+00:00,0.16999905,0.2678689,-4.2276335,4.7633715
2026-02-23 19:00:00+00:00,0.11000149,0.2900094,-4.205493,4.785512
2026-02-23 20:00:00+00:00,0.09000103,0.34187403,-4.1536283,4.8373766
2026-02-23 21:00:00+00:00,0.059998438,0.39967814,-4.0958242,4.8951807
2026-02-23 22:00:00+00:00,0.050000116,0.24425976,-4.2512426,4.7397623
2026-02-23 23:00:00+00:00,0.040001795,0.29834834,-4.197154,4.793851
2026-02-24 00:00:00+00:00,0.040001795,0.16680996,-4.3286924,4.6623125
2026-02-24 01:00:00+00:00,0.029999657,0.24074642,-4.254756,4.736249
2026-02-24 02:00:00+00:00,0.029999657,0.09246151,-4.403041,4.587964
2026-02-24 03:00:00+00:00,0.040001795,0.012520715,-4.4829817,4.5080233
2026-02-24 04:00:00+00:00,0.029999657,0.17072766,-4.3247747,4.66623
2026-02-24 05:00:00+00:00,0.059998438,0.14020245,-4.3553,4.635705
2026-02-24 06:00:00+00:00,0.23000042,0.33677378,-4.1587286,4.8322763
2026-02-24 07:00:00+00:00,6.160001,4.275811,-0.21969135,8.771314
2026-02-24 08:00:00+00:00,27.12,26.017223,21.521719,30.512726
2026-02-24 09:00:00+00:00,37.17,28.754509,24.259005,33.25001
2026-02-24 10:00:00+00:00,48.75,48.059048,43.563545,52.55455
2026-02-24 11:00:00+00:00,48.61,36.565754,32.07025,41.061256
2026-02-24 12:00:00+00:00,38.26,40.334873,35.839367,44.830376
2026-02-24 13:00:00+00:00,30.82,39.93209,35.43659,44.427593
2026-02-24 14:00:00+00:00,31.5,24.819527,20.324024,29.315031
2026-02-24 15:00:00+00:00,21.75,16.799572,12.30407,21.295074
2026-02-24 16:00:00+00:00,6.470002,6.7404985,2.244996,11.236003
2026-02-24 17:00:00+00:00,0.21999829,0.15875332,-4.336749,4.654256
2026-02-24 18:00:00+00:00,0.11000149,0.365899,-4.1296034,4.8614016
2026-02-24 19:00:00+00:00,0.070000574,0.61891645,-3.876586,5.114419
2026-02-24 20:00:00+00:00,0.059998438,0.17204754,-4.323455,4.66755
2026-02-24 21:00:00+00:00,0.050000116,0.31734553,-4.178157,4.812848
2026-02-24 22:00:00+00:00,0.040001795,-0.052992895,-4.5484953,4.4425097
2026-02-24 23:00:00+00:00,0.040001795,0.3594865,-4.136016,4.854989
2026-02-25 00:00:00+00:00,0.029999657,0.2474641,-4.248042,4.7429667
2026-02-25 01:00:00+00:00,0.020001335,0.3342065,-4.161296,4.829709
2026-02-25 02:00:00+00:00,0.020001335,0.446618,-4.0488844,4.9421206
2026-02-25 03:00:00+00:00,0.020001335,0.34735957,-4.148143,4.842862
2026-02-25 04:00:00+00:00,0.020001335,0.5587892,-3.9367132,5.0542917
2026-02-25 05:00:00+00:00,0.040001795,0.60549253,-3.8900099,5.100995
2026-02-25 06:00:00+00:00,0.36000147,0.41724482,-4.0782576,4.9127474
2026-02-25 07:00:00+00:00,7.1100016,3.8877192,-0.6077834,8.383222
2026-02-25 08:00:00+00:00,21.75,20.60206,16.106558,25.097563
2026-02-25 09:00:00+00:00,38.56,44.331795,39.836292,48.827297
2026-02-25 10:00:00+00:00,54.17,51.56661,47.071106,56.06211
2026-02-25 11:00:00+00:00,76.39,69.28792,64.79241,73.78342
2026-02-25 12:00:00+00:00,119.07,114.149254,109.653755,118.64476
2026-02-25 13:00:00+00:00,168.05,166.87097,162.37547,171.36649
2026-02-25 14:00:00+00:00,144.02,148.1025,143.607,152.59799
2026-02-25 15:00:00+00:00,60.48,69.84013,65.344635,74.33564
2026-02-25 16:00:00+00:00,25.83,22.699245,18.203743,27.194748
2026-02-25 17:00:00+00:00,0.59000105,0.039391443,-4.456111,4.534894
2026-02-25 18:00:00+00:00,0.1899995,0.4421548,-4.0533476,4.9376574
2026-02-25 19:00:00+00:00,0.12999813,0.39496318,-4.100539,4.8904657
2026-02-25 20:00:00+00:00,0.09999935,0.55029386,-3.9452085,5.0457964
2026-02-25 21:00:00+00:00,0.070000574,-0.34804067,-4.843543,4.147462
2026-02-25 22:00:00+00:00,0.059998438,-0.29400167,-4.789504,4.201501
2026-02-25 23:00:00+00:00,0.070000574,-0.39423284,-4.889735,4.1012697
2026-02-26 00:00:00+00:00,0.040001795,-0.047308996,-4.5428114,4.4481936
2026-02-26 01:00:00+00:00,0.040001795,-0.57320315,-5.0687056,3.9222994
2026-02-26 02:00:00+00:00,0.029999657,-0.38234624,-4.8778486,4.1131563
2026-02-26 03:00:00+00:00,0.029999657,-0.36875066,-4.864253,4.126752
2026-02-26 04:00:00+00:00,0.040001795,-0.018645363,-4.5141478,4.476857
2026-02-26 05:00:00+00:00,0.050000116,0.050743982,-4.4447584,4.5462465
2026-02-26 06:00:00+00:00,1.0299996,0.5055246,-3.9899778,5.001027
2026-02-26 07:00:00+00:00,11.96,10.735873,6.240369,15.231376
2026-02-26 08:00:00+00:00,36.69,36.485703,31.9902,40.981205
2026-02-26 09:00:00+00:00,71.56,82.60528,78.10977,87.10078
2026-02-26 10:00:00+00:00,126.28,154.73746,150.24194,159.23296
2026-02-26 11:00:00+00:00,192.46,182.04782,177.5523,186.54332
2026-02-26 12:00:00+00:00,225.97,223.7086,219.21309,228.2041
2026-02-26 13:00:00+00:00,205.73,188.75006,184.25455,193.24556
2026-02-26 14:00:00+00:00,151.75,148.81802,144.32253,153.31352
2026-02-26 15:00:00+00:00,80.85,72.495,67.999504,76.99051
2026-02-26 16:00:00+00:00,15.81,16.99643,12.500928,21.491932
2026-02-26 17:00:00+00:00,0.4100007,0.1451234,-4.350379,4.640626
2026-02-26 18:00:00+00:00,0.20999996,0.51265806,-3.9828444,5.0081606
2026-02-26 19:00:00+00:00,0.16000073,0.40907374,-4.0864286,4.9045763
2026-02-26 20:00:00+00:00,0.12999813,0.5226907,-3.9728117,5.0181932
2026-02-26 21:00:00+00:00,0.09999935,0.51529783,-3.9802046,5.0108004
2026-02-26 22:00:00+00:00,0.079998896,0.50652784,-3.9889746,5.0020304
2026-02-26 23:00:00+00:00,0.079998896,0.24495785,-4.2505445,4.7404604
2026-02-27 00:00:00+00:00,0.070000574,0.47505274,-4.0204496,4.9705553
2026-02-27 01:00:00+00:00,0.059998438,0.27278987,-4.2227125,4.7682962
2026-02-27 02:00:00+00:00,0.059998438,0.061978266,-4.433524,4.557481
2026-02-27 03:00:00+00:00,0.059998438,-0.15449436,-4.6499968,4.341008
2026-02-27 04:00:00+00:00,0.050000116,0.43848887,-4.0570135,4.9339914
2026-02-27 05:00:00+00:00,0.059998438,0.026528282,-4.468974,4.522031
2026-02-27 06:00:00+00:00,2.4899988,0.5641641,-3.9313383,5.0596666
2026-02-27 07:00:00+00:00,33.92,30.163193,25.66769,34.658695
2026-02-27 08:00:00+00:00,95.13,88.1794,83.6839,92.674904
2026-02-27 09:00:00+00:00,160.6,148.20154,143.70604,152.69704
2026-02-27 10:00:00+00:00,218.25,220.94936,216.45386,225.44487
2026-02-27 11:00:00+00:00,248.85,238.21982,233.72432,242.71532
2026-02-27 12:00:00+00:00,245.19,236.68832,232.19283,241.18382
2026-02-27 13:00:00+00:00,209.29,192.13197,187.63646,196.62747
2026-02-27 14:00:00+00:00,156.79,166.61653,162.12103,171.11203
2026-02-27 15:00:00+00:00,86.54,90.07561,85.58011,94.57111
2026-02-27 16:00:00+00:00,15.7,19.982388,15.486886,24.47789
2026-02-27 17:00:00+00:00,0.34000102,-0.63004595,-5.1255484,3.8654566
2026-02-27 18:00:00+00:00,0.20999996,-0.20801075,-4.703513,4.287492
2026-02-27 19:00:00+00:00,0.14999859,0.11692898,-4.3785734,4.6124315
2026-02-27 20:00:00+00:00,0.12999813,-0.05385883,-4.549361,4.4416437
2026-02-27 21:00:00+00:00,0.09000103,0.12087338,-4.374629,4.616376
2026-02-27 22:00:00+00:00,0.070000574,0.1562318,-4.3392706,4.6517344
2026-02-27 23:00:00+00:00,0.059998438,0.19186871,-4.3036337,4.6873713
2026-02-28 00:00:00+00:00,0.040001795,-0.15236194,-4.6478643,4.3431406
2026-02-28 01:00:00+00:00,0.040001795,0.17322247,-4.32228,4.668725
2026-02-28 02:00:00+00:00,0.029999657,0.14358608,-4.3519163,4.6390886
2026-02-28 03:00:00+00:00,0.040001795,-0.027854042,-4.5233564,4.4676485
2026-02-28 04:00:00+00:00,0.040001795,0.27276316,-4.222739,4.7682657
2026-02-28 05:00:00+00:00,0.040001795,0.0700082,-4.425494,4.5655107
2026-02-28 06:00:00+00:00,0.4399995,0.6636781,-3.8318243,5.1591806
2026-02-28 07:00:00+00:00,9.71,15.341348,10.845845,19.83685
2026-02-28 08:00:00+00:00,28.09,36.754345,32.258842,41.249847
2026-02-28 09:00:00+00:00,76.25,84.83761,80.34211,89.333115
2026-02-28 10:00:00+00:00,126.5,125.97716,121.48165,130.47266
2026-02-28 11:00:00+00:00,98.61,88.197784,83.70228,92.69328
2026-02-28 12:00:00+00:00,72.13,95.43329,90.93778,99.92879
2026-02-28 13:00:00+00:00,80.89,78.47776,73.982254,82.97326
2026-02-28 14:00:00+00:00,76.95,79.14582,74.650314,83.64132
2026-02-28 15:00:00+00:00,44.6,42.968586,38.473083,47.46409
2026-02-28 16:00:00+00:00,12.100001,10.196282,5.70078,14.691785
2026-02-28 17:00:00+00:00,0.37999812,-0.7686911,-5.2641935,3.7268114
2026-02-28 18:00:00+00:00,0.16000073,-0.26285848,-4.758361,4.232644
2026-02-28 19:00:00+00:00,0.11000149,-0.40627965,-4.901782,4.089223
2026-02-28 20:00:00+00:00,0.079998896,-0.29303655,-4.788539,4.202466
2026-02-28 21:00:00+00:00,0.059998438,-0.4290839,-4.9245863,4.0664186
2026-02-28 22:00:00+00:00,0.050000116,-0.35058507,-4.8460875,4.1449175
2026-02-28 23:00:00+00:00,0.050000116,0.051072046,-4.4444304,4.5465746
2026-03-01 00:00:00+00:00,0.040001795,-0.4709426,-4.966445,4.02456
2026-03-01 01:00:00+00:00,0.029999657,-0.24232395,-4.7378263,4.2531786
2026-03-01 02:00:00+00:00,0.029999657,-0.12172611,-4.6172285,4.3737764
2026-03-01 03:00:00+00:00,0.029999657,-0.19970997,-4.6952124,4.2957926
2026-03-01 04:00:00+00:00,0.040001795,-0.19073017,-4.6862326,4.3047724
2026-03-01 05:00:00+00:00,0.040001795,-0.2590705,-4.754573,4.236432
2026-03-01 06:00:00+00:00,3.500001,1.4052094,-3.090293,5.900712
2026-03-01 07:00:00+00:00,39.1,37.53713,33.041626,42.03263
2026-03-01 08:00:00+00:00,100.29,103.66815,99.172646,108.16365
2026-03-01 09:00:00+00:00,167.28,160.50958,156.01408,165.0051
2026-03-01 10:00:00+00:00,220.88,207.71379,203.21828,212.20929
2026-03-01 11:00:00+00:00,198.29,200.68283,196.18733,205.17833
2026-03-01 12:00:00+00:00,186.56,191.55426,187.05875,196.04976
2026-03-01 13:00:00+00:00,179.98,212.06912,207.57362,216.56462
2026-03-01 14:00:00+00:00,141.84,172.09166,167.59615,176.58716
2026-03-01 15:00:00+00:00,77.97,81.34769,76.85218,85.843185
2026-03-01 16:00:00+00:00,26.24,26.407515,21.912012,30.903017
2026-03-01 17:00:00+00:00,0.73000044,3.3296328,-1.1658698,7.825135
2026-03-01 18:00:00+00:00,0.20999996,1.3261918,-3.1693106,5.8216944
2026-03-01 19:00:00+00:00,0.14999859,-0.4173194,-4.912822,4.078183
2026-03-01 20:00:00+00:00,0.11999981,-0.22054584,-4.7160482,4.2749567
2026-03-01 21:00:00+00:00,0.079998896,-0.32312307,-4.8186255,4.1723795
2026-03-01 22:00:00+00:00,0.050000116,-0.35267934,-4.8481817,4.142823
2026-03-01 23:00:00+00:00,0.050000116,0.17508022,-4.320422,4.670583
2026-03-02 00:00:00+00:00,0.040001795,-0.0053320685,-4.5008345,4.4901705
2026-03-02 01:00:00+00:00,0.040001795,0.0054635247,-4.490039,4.500966
2026-03-02 02:00:00+00:00,0.040001795,-0.16616352,-4.661666,4.329339
2026-03-02 03:00:00+00:00,0.040001795,-0.13124378,-4.626746,4.364259
2026-03-02 04:00:00+00:00,0.050000116,0.20056622,-4.294936,4.696069
2026-03-02 05:00:00+00:00,0.050000116,0.29542246,-4.20008,4.790925
2026-03-02 06:00:00+00:00,5.290002,4.9476595,0.45215693,9.443162
2026-03-02 07:00:00+00:00,49.14,46.841362,42.34586,51.336864
2026-03-02 08:00:00+00:00,116.68,114.6841,110.18859,119.179596
2026-03-02 09:00:00+00:00,186.72,182.29468,177.79918,186.79018
2026-03-02 10:00:00+00:00,243.4,236.88857,232.39307,241.38408
2026-03-02 11:00:00+00:00,241.42667,236.23047,231.73497,240.72598
2026-03-02 12:00:00+00:00,239.45332,237.25522,232.75972,241.75072
2026-03-02 13:00:00+00:00,237.48,241.73193,237.23643,246.22743
2026-03-02 14:00:00+00:00,177.5,185.60857,181.11307,190.10406
2026-03-02 15:00:00+00:00,99.97,101.143105,96.6476,105.6386
2026-03-02 16:00:00+00:00,27.28,28.897352,24.40185,33.392857
2026-03-02 17:00:00+00:00,0.8299989,1.3804787,-3.1150236,5.8759813
2026-03-02 18:00:00+00:00,0.2599992,0.20135204,-4.2941504,4.6968546
2026-03-02 19:00:00+00:00,0.18000118,-0.18194874,-4.677451,4.313554
2026-03-02 20:00:00+00:00,0.12999813,-0.19981678,-4.695319,4.295686
2026-03-02 21:00:00+00:00,0.09000103,0.2856187,-4.2098837,4.7811213
2026-03-02 22:00:00+00:00,0.059998438,0.5525865,-3.942916,5.048089
2026-03-02 23:00:00+00:00,0.059998438,0.6108064,-3.884696,5.106309
2026-03-03 00:00:00+00:00,0.050000116,-0.19520481,-4.690707,4.3002977
2026-03-03 01:00:00+00:00,0.040001795,-0.19520481,-4.690707,4.3002977
2026-03-03 02:00:00+00:00,0.050000116,-0.30341253,-4.798915,4.19209
2026-03-03 03:00:00+00:00,0.050000116,-0.3226157,-4.818118,4.172887
2026-03-03 04:00:00+00:00,0.059998438,0.2660493,-4.229453,4.761552
2026-03-03 05:00:00+00:00,0.050000116,0.31145182,-4.1840506,4.8069544
2026-03-03 06:00:00+00:00,5.2000017,4.0874453,-0.4080573,8.582948
2026-03-03 07:00:00+00:00,46.46,44.483738,39.988235,48.97924
2026-03-03 08:00:00+00:00,112.39,112.645615,108.15011,117.14111
2026-03-03 09:00:00+00:00,181.81,176.13565,171.64015,180.63115
2026-03-03 10:00:00+00:00,237.01,216.41754,211.92204,220.91304
2026-03-03 11:00:00+00:00,234.65666,228.66824,224.17274,233.16374
2026-03-03 12:00:00+00:00,232.30333,230.90825,226.41275,235.40375
2026-03-03 13:00:00+00:00,229.95,222.66603,218.17053,227.16154
2026-03-03 14:00:00+00:00,165.43,167.9986,163.5031,172.49411
2026-03-03 15:00:00+00:00,94.07,97.62657,93.13107,102.12208
2026-03-03 16:00:00+00:00,26.55,29.964422,25.46892,34.459927
2026-03-03 17:00:00+00:00,1.0000008,2.3486414,-2.146861,6.844144
2026-03-03 18:00:00+00:00,0.23000042,0.32194224,-4.17356,4.817445
2026-03-03 19:00:00+00:00,0.18000118,0.15681927,-4.338683,4.652322
2026-03-03 20:00:00+00:00,0.12999813,-0.07791813,-4.5734205,4.4175844
2026-03-03 21:00:00+00:00,0.09000103,0.09557812,-4.3999243,4.5910807
2026-03-03 22:00:00+00:00,0.070000574,0.1465997,-4.3489027,4.6421022
2026-03-03 23:00:00+00:00,0.059998438,0.28267756,-4.212825,4.77818
2026-03-04 00:00:00+00:00,0.050000116,-0.19139393,-4.6868963,4.3041086
2026-03-04 01:00:00+00:00,0.040001795,-0.15238483,-4.647887,4.3431177
2026-03-04 02:00:00+00:00,0.040001795,-0.12217243,-4.617675,4.37333
2026-03-04 03:00:00+00:00,0.040001795,-0.28301916,-4.7785215,4.2124834
2026-03-04 04:00:00+00:00,0.040001795,-0.24098499,-4.7364874,4.2545176
2026-03-04 05:00:00+00:00,0.050000116,0.15115826,-4.344344,4.646661
2026-03-04 06:00:00+00:00,5.55,3.2713404,-1.2241622,7.766843
2026-03-04 07:00:00+00:00,50.47,59.14196,54.646458,63.637463
2026-03-04 08:00:00+00:00,117.43,103.50686,99.01136,108.00236
2026-03-04 09:00:00+00:00,186.03,171.3919,166.8964,175.8874
2026-03-04 10:00:00+00:00,242.83,220.079,215.5835,224.57451
2026-03-04 11:00:00+00:00,242.35333,232.87672,228.38121,237.37222
2026-03-04 12:00:00+00:00,241.87666,229.2179,224.72238,233.7134
2026-03-04 13:00:00+00:00,241.4,225.69798,221.20248,230.1935
2026-03-04 14:00:00+00:00,182.93,175.13745,170.64194,179.63295
2026-03-04 15:00:00+00:00,105.88,102.267044,97.77154,106.76254
2026-03-04 16:00:00+00:00,30.99,31.058622,26.56312,35.554127
2026-03-04 17:00:00+00:00,1.0799989,0.21092694,-4.2845755,4.7064295
2026-03-04 18:00:00+00:00,0.23000042,-1.4973289,-5.992831,2.9981737
2026-03-04 19:00:00+00:00,0.16999905,-0.12644489,-4.6219473,4.3690577
2026-03-04 20:00:00+00:00,0.11999981,-0.113989905,-4.6094923,4.3815126
2026-03-04 21:00:00+00:00,0.09000103,-0.24504764,-4.74055,4.250455
2026-03-04 22:00:00+00:00,0.079998896,0.06888287,-4.4266195,4.5643854
2026-03-04 23:00:00+00:00,0.070000574,0.06261532,-4.432887,4.558118
2026-03-05 00:00:00+00:00,0.059998438,-0.35135564,-4.846858,4.144147
2026-03-05 01:00:00+00:00,0.050000116,-0.2217551,-4.7172575,4.2737474
2026-03-05 02:00:00+00:00,0.040001795,-0.14667423,-4.6421766,4.3488283
2026-03-05 03:00:00+00:00,0.040001795,-0.19190891,-4.6874113,4.3035936
2026-03-05 04:00:00+00:00,0.059998438,0.34598246,-4.14952,4.841485
2026-03-05 05:00:00+00:00,0.070000574,0.3571023,-4.1384,4.852605
2026-03-05 06:00:00+00:00,8.12,4.167569,-0.3279334,8.663072
2026-03-05 07:00:00+00:00,53.48,65.77822,61.28272,70.27373
2026-03-05 08:00:00+00:00,118.79,111.61282,107.11732,116.10832
2026-03-05 09:00:00+00:00,188.18,189.77422,185.2787,194.26971
2026-03-05 10:00:00+00:00,243.82,232.42319,227.92767,236.91869
2026-03-05 11:00:00+00:00,241.54668,231.60435,227.10886,236.09985
2026-03-05 12:00:00+00:00,239.27333,231.42293,226.92743,235.91843
2026-03-05 13:00:00+00:00,237.0,220.43452,215.93901,224.93002
2026-03-05 14:00:00+00:00,175.7,164.87614,160.38063,169.37164
2026-03-05 15:00:00+00:00,93.82001,109.55853,105.06303,114.05403
2026-03-05 16:00:00+00:00,19.730001,36.21012,31.714617,40.705624
2026-03-05 17:00:00+00:00,0.6400003,4.9660807,0.4705781,9.461583
2026-03-05 18:00:00+00:00,0.21999829,-0.6100951,-5.1055975,3.8854074
2026-03-05 19:00:00+00:00,0.1899995,-0.46956548,-4.965068,4.025937
2026-03-05 20:00:00+00:00,0.11999981,-0.022814827,-4.518317,4.4726877
2026-03-05 21:00:00+00:00,0.09000103,0.33162013,-4.1638823,4.8271227
2026-03-05 22:00:00+00:00,0.079998896,0.49729243,-3.99821,4.992795
2026-03-05 23:00:00+00:00,0.070000574,0.5507898,-3.9447126,5.0462923
2026-03-06 00:00:00+00:00,0.050000116,0.28791514,-4.2075872,4.7834177
2026-03-06 01:00:00+00:00,0.050000116,0.034798548,-4.460704,4.530301
2026-03-06 02:00:00+00:00,0.040001795,0.34988108,-4.1456213,4.8453836
2026-03-06 03:00:00+00:00,0.040001795,0.11000912,-4.3854933,4.6055117
2026-03-06 04:00:00+00:00,0.040001795,-0.09572132,-4.5912237,4.399781
2026-03-06 05:00:00+00:00,0.059998438,0.84851927,-3.6469831,5.344022
2026-03-06 06:00:00+00:00,5.9699984,1.3098229,-3.1856794,5.8053255
2026-03-06 07:00:00+00:00,33.64,39.80786,35.31236,44.303364
2026-03-06 08:00:00+00:00,71.35,97.33613,92.84063,101.831635
2026-03-06 09:00:00+00:00,102.14,129.30585,124.81033,133.80135
2026-03-06 10:00:00+00:00,128.55,81.4157,76.920204,85.91121
2026-03-06 11:00:00+00:00,163.09,177.9125,173.417,182.408
2026-03-06 12:00:00+00:00,163.03,152.10347,147.60797,156.59897
2026-03-06 13:00:00+00:00,151.15,112.33107,107.83556,116.82657
2026-03-06 14:00:00+00:00,96.5,150.77357,146.27808,155.26907
2026-03-06 15:00:00+00:00,51.32,79.917564,75.42206,84.41306
2026-03-06 16:00:00+00:00,15.72,15.345803,10.850301,19.841305
2026-03-06 17:00:00+00:00,0.7599992,-0.11924274,-4.614745,4.37626
2026-03-06 18:00:00+00:00,0.20000164,-0.75239855,-5.247901,3.7431078
2026-03-06 19:00:00+00:00,0.14000027,0.11734478,-4.3781576,4.6128473
2026-03-06 20:00:00+00:00,0.11000149,-1.4723808,-5.967883,3.0231218
2026-03-06 21:00:00+00:00,0.079998896,-0.39288625,-4.8883886,4.1026163
2026-03-06 22:00:00+00:00,0.070000574,-0.17777546,-4.673278,4.317727
2026-03-06 23:00:00+00:00,0.070000574,-0.52461916,-5.0201216,3.9708834
2026-03-07 00:00:00+00:00,0.050000116,-0.023810463,-4.519313,4.471692
2026-03-07 01:00:00+00:00,0.040001795,-0.16750248,-4.663005,4.328
2026-03-07 02:00:00+00:00,0.029999657,-0.18054874,-4.676051,4.314954
2026-03-07 03:00:00+00:00,0.040001795,-0.14403446,-4.639537,4.351468
2026-03-07 04:00:00+00:00,0.050000116,-0.23069294,-4.7261953,4.2648096
2026-03-07 05:00:00+00:00,0.050000116,-0.03945835,-4.5349607,4.456044
2026-03-07 06:00:00+00:00,6.0099993,2.4030657,-2.0924368,6.898568
2026-03-07 07:00:00+00:00,43.38,43.244915,38.749413,47.740417
2026-03-07 08:00:00+00:00,98.86,105.938126,101.44263,110.43363
2026-03-07 09:00:00+00:00,148.7,128.4097,123.914185,132.9052
2026-03-07 10:00:00+00:00,184.66,166.27394,161.77844,170.76944
2026-03-07 11:00:00+00:00,219.83,173.1126,168.6171,177.60811
2026-03-07 12:00:00+00:00,233.6,163.3745,158.879,167.87
2026-03-07 13:00:00+00:00,210.82,163.5714,159.0759,168.06691
2026-03-07 14:00:00+00:00,166.76,148.57674,144.08124,153.07224
2026-03-07 15:00:00+00:00,97.73,91.86896,87.37345,96.364456
2026-03-07 16:00:00+00:00,31.29,44.865784,40.37028,49.361286
2026-03-07 17:00:00+00:00,1.7300004,0.16047756,-4.335025,4.65598
2026-03-07 18:00:00+00:00,0.23000042,-0.5852652,-5.0807676,3.9102373
2026-03-07 19:00:00+00:00,0.16000073,-0.16632755,-4.66183,4.329175
2026-03-07 20:00:00+00:00,0.11999981,-0.03858097,-4.5340834,4.4569216
2026-03-07 21:00:00+00:00,0.09000103,-0.39353475,-4.889037,4.101968
2026-03-07 22:00:00+00:00,0.070000574,0.19192211,-4.3035803,4.6874247
2026-03-07 23:00:00+00:00,0.070000574,0.14137356,-4.354129,4.636876
2026-03-08 00:00:00+00:00,0.059998438,-0.43584356,-4.931346,4.059659
2026-03-08 01:00:00+00:00,0.040001795,-0.2338248,-4.729327,4.2616777
2026-03-08 02:00:00+00:00,0.029999657,0.08607952,-4.409423,4.581582
2026-03-08 03:00:00+00:00,0.040001795,-0.11686237,-4.612365,4.37864
2026-03-08 04:00:00+00:00,0.040001795,0.53990644,-3.955596,5.035409
2026-03-08 05:00:00+00:00,0.050000116,0.5045633,-3.9909391,5.000066
2026-03-08 06:00:00+00:00,10.06,3.518735,-0.9767676,8.014237
2026-03-08 07:00:00+00:00,59.19,50.698013,46.20251,55.193516
2026-03-08 08:00:00+00:00,128.01,107.63154,103.13603,112.12704
2026-03-08 09:00:00+00:00,198.19,184.57133,180.07584,189.06683
2026-03-08 10:00:00+00:00,252.31,197.38074,192.88524,201.87624
2026-03-08 11:00:00+00:00,250.27,218.35315,213.85765,222.84865
2026-03-08 12:00:00+00:00,248.23,222.35068,217.85518,226.84618
2026-03-08 13:00:00+00:00,246.19,216.5438,212.04828,221.03929
2026-03-08 14:00:00+00:00,185.38,191.5644,187.06891,196.0599
2026-03-08 15:00:00+00:00,105.41,118.220505,113.725,122.716
2026-03-08 16:00:00+00:00,30.86,37.011528,32.516026,41.50703
2026-03-08 17:00:00+00:00,1.5200051,1.894864,-2.6006384,6.3903666
2026-03-08 18:00:00+00:00,0.2599992,-0.79273516,-5.2882376,3.7027674
2026-03-08 19:00:00+00:00,0.18000118,-0.20457752,-4.70008,4.290925
2026-03-08 20:00:00+00:00,0.14000027,-0.6676131,-5.1631155,3.8278894
2026-03-08 21:00:00+00:00,0.09999935,-0.36765584,-4.863158,4.1278467
2026-03-08 22:00:00+00:00,0.070000574,-0.15751179,-4.653014,4.3379908
2026-03-08 23:00:00+00:00,0.079998896,0.019284172,-4.476218,4.5147867
2026-03-09 00:00:00+00:00,0.059998438,-0.19153889,-4.6870413,4.3039637
2026-03-09 01:00:00+00:00,0.050000116,-0.18927296,-4.6847754,4.3062296
2026-03-09 02:00:00+00:00,0.050000116,0.059395716,-4.4361067,4.5548983
2026-03-09 03:00:00+00:00,0.040001795,0.12625591,-4.3692465,4.6217585
2026-03-09 04:00:00+00:00,0.040001795,0.082589075,-4.4129133,4.5780916
2026-03-09 05:00:00+00:00,0.070000574,-0.11381443,-4.609317,4.381688
2026-03-09 06:00:00+00:00,9.29,3.214837,-1.2806655,7.7103395
2026-03-09 07:00:00+00:00,49.63,41.209976,36.714474,45.70548
2026-03-09 08:00:00+00:00,110.29,106.538864,102.043365,111.03437
2026-03-09 09:00:00+00:00,178.54,176.54251,172.04701,181.03801
2026-03-09 10:00:00+00:00,237.81,209.0943,204.59879,213.5898
2026-03-09 11:00:00+00:00,232.56,216.28099,211.78548,220.77649
2026-03-09 12:00:00+00:00,227.31,181.39546,176.89995,185.89096
2026-03-09 13:00:00+00:00,174.07,162.57188,158.07639,167.06738
2026-03-09 14:00:00+00:00,121.03,109.081116,104.58562,113.57662
2026-03-09 15:00:00+00:00,71.31,58.590034,54.094532,63.085537
2026-03-09 16:00:00+00:00,24.36,29.341894,24.846392,33.8374
2026-03-09 17:00:00+00:00,1.0099992,1.8782586,-2.6172438,6.373761
2026-03-09 18:00:00+00:00,0.23999874,0.16629879,-4.3292036,4.6618013
2026-03-09 19:00:00+00:00,0.18000118,0.77581877,-3.7196836,5.2713213
2026-03-09 20:00:00+00:00,0.14000027,-0.013526038,-4.5090284,4.4819765
2026-03-09 21:00:00+00:00,0.09999935,0.13424389,-4.3612585,4.6297464
2026-03-09 22:00:00+00:00,0.070000574,0.09092419,-4.404578,4.5864267
2026-03-09 23:00:00+00:00,0.070000574,0.09309094,-4.4024115,4.5885935
2026-03-10 00:00:00+00:00,0.059998438,-0.99121386,-5.4867163,3.5042887
2026-03-10 01:00:00+00:00,0.050000116,-2.0846968,-6.5801992,2.4108057
2026-03-10 02:00:00+00:00,0.050000116,0.34974375,-4.1457586,4.8452463
2026-03-10 03:00:00+00:00,0.050000116,0.28467265,-4.2108297,4.780175
2026-03-10 04:00:00+00:00,0.050000116,-0.06821354,-4.563716,4.427289
2026-03-10 05:00:00+00:00,0.059998438,-0.043578222,-4.5390806,4.4519243
2026-03-10 06:00:00+00:00,4.130002,4.25356,-0.24194248,8.749063
2026-03-10 07:00:00+00:00,20.51,49.764,45.268497,54.259502
2026-03-10 08:00:00+00:00,86.11,97.46403,92.96852,101.959526
2026-03-10 09:00:00+00:00,103.84,168.38298,163.88747,172.87848
2026-03-10 10:00:00+00:00,133.73,150.79291,146.29741,155.28842
2026-03-10 11:00:00+00:00,107.88,151.66257,147.16707,156.15807
2026-03-10 12:00:00+00:00,86.34,191.50623,187.01073,196.00174
2026-03-10 13:00:00+00:00,57.7,159.7403,155.2448,164.2358
2026-03-10 14:00:00+00:00,47.95,108.96503,104.46953,113.46053
2026-03-10 15:00:00+00:00,57.96,58.24636,53.75086,62.741863
2026-03-10 16:00:00+00:00,30.6,21.810007,17.314505,26.305511
2026-03-10 17:00:00+00:00,0.9300012,-0.99011904,-5.4856215,3.5053835
2026-03-10 18:00:00+00:00,0.20999996,-0.55176836,-5.047271,3.9437342
2026-03-10 19:00:00+00:00,0.14999859,0.35783854,-4.137664,4.853341
2026-03-10 20:00:00+00:00,0.11999981,0.52427,-3.9712324,5.0197725
2026-03-10 21:00:00+00:00,0.079998896,0.33473673,-4.1607656,4.8302393
2026-03-10 22:00:00+00:00,0.059998438,0.20635311,-4.2891493,4.7018557
2026-03-10 23:00:00+00:00,0.050000116,0.33968058,-4.155822,4.835183
2026-03-11 00:00:00+00:00,0.040001795,0.35635462,-4.1391478,4.851857
2026-03-11 01:00:00+00:00,0.040001795,0.27132884,-4.2241735,4.7668314
2026-03-11 02:00:00+00:00,0.029999657,0.24890606,-4.2465963,4.7444086
2026-03-11 03:00:00+00:00,0.029999657,0.34869853,-4.146804,4.844201
2026-03-11 04:00:00+00:00,0.050000116,0.3371934,-4.158309,4.832696
2026-03-11 05:00:00+00:00,0.050000116,0.38671198,-4.1087904,4.8822145
2026-03-11 06:00:00+00:00,2.840001,1.3734444,-3.122058,5.868947
2026-03-11 07:00:00+00:00,12.71,15.477317,10.981814,19.972818
2026-03-11 08:00:00+00:00,20.5,25.170534,20.67503,29.666037
2026-03-11 09:00:00+00:00,29.65,54.02041,49.524906,58.515907
2026-03-11 10:00:00+00:00,41.52,46.052338,41.556835,50.54784
2026-03-11 11:00:00+00:00,43.94,55.518307,51.022804,60.01381
2026-03-11 12:00:00+00:00,35.73,30.282034,25.786531,34.77754
2026-03-11 13:00:00+00:00,29.32,39.92511,35.429607,44.420612
2026-03-11 14:00:00+00:00,17.7,33.227837,28.732334,37.72334
2026-03-11 15:00:00+00:00,12.010001,17.919474,13.423972,22.414976
2026-03-11 16:00:00+00:00,8.489999,6.902673,2.4071703,11.398175
2026-03-11 17:00:00+00:00,2.1600008,0.5575494,-3.937953,5.053052
2026-03-11 18:00:00+00:00,0.11999981,0.97504896,-3.5204535,5.4705515
2026-03-11 19:00:00+00:00,0.079998896,0.18483059,-4.310672,4.680333
2026-03-11 20:00:00+00:00,0.050000116,-0.05961521,-4.5551176,4.4358873
2026-03-11 21:00:00+00:00,0.040001795,-0.085330084,-4.5808325,4.4101725
2026-03-11 22:00:00+00:00,0.040001795,-0.23803623,-4.7335386,4.2574663
2026-03-11 23:00:00+00:00,0.040001795,-0.17320926,-4.6687117,4.3222933
2026-03-12 00:00:00+00:00,0.040001795,-0.0847121,-4.5802145,4.4107904
2026-03-12 01:00:00+00:00,0.029999657,-0.15457447,-4.650077,4.340928
2026-03-12 02:00:00+00:00,0.020001335,-0.49281988,-4.9883223,4.0026827
2026-03-12 03:00:00+00:00,0.029999657,-0.5150519,-5.0105543,3.9804506
2026-03-12 04:00:00+00:00,0.029999657,0.12587063,-4.369632,4.621373
2026-03-12 05:00:00+00:00,0.050000116,0.86559004,-3.6299124,5.3610926
2026-03-12 06:00:00+00:00,4.5299997,4.439992,-0.055510595,8.935494
2026-03-12 07:00:00+00:00,36.9,26.525372,22.02987,31.020874
2026-03-12 08:00:00+00:00,76.19,73.91838,69.422874,78.41389
2026-03-12 09:00:00+00:00,105.14,106.55246,102.05695,111.04796
2026-03-12 10:00:00+00:00,120.76,101.113945,96.61844,105.60944
2026-03-12 11:00:00+00:00,183.48,183.60083,179.10533,188.09633
2026-03-12 12:00:00+00:00,187.11,158.55797,154.06247,163.05347
2026-03-12 13:00:00+00:00,175.56,216.2986,211.8031,220.79411
2026-03-12 14:00:00+00:00,144.35,130.27916,125.783646,134.77466
2026-03-12 15:00:00+00:00,88.53,58.97888,54.48338,63.474384
2026-03-12 16:00:00+00:00,23.05,22.475008,17.979506,26.97051
2026-03-12 17:00:00+00:00,1.9400033,-1.5270683,-6.0225706,2.9684343
2026-03-12 18:00:00+00:00,0.23999874,-4.4571714,-8.952674,0.038330957
2026-03-12 19:00:00+00:00,0.14999859,-1.814521,-6.3100233,2.6809816
2026-03-12 20:00:00+00:00,0.12999813,0.40798655,-4.087516,4.903489
2026-03-12 21:00:00+00:00,0.09000103,-0.18334873,-4.678851,4.312154
2026-03-12 22:00:00+00:00,0.070000574,-0.22029026,-4.7157927,4.2752123
2026-03-12 23:00:00+00:00,8.780886e-07,0.22729199,-4.2682104,4.7227945
2026-03-13 00:00:00+00:00,8.780886e-07,0.28070155,-4.214801,4.776204
2026-03-13 01:00:00+00:00,8.780886e-07,-0.42657003,-4.9220724,4.0689325
2026-03-13 02:00:00+00:00,8.780886e-07,-0.38943395,-4.8849363,4.1060686
2026-03-13 03:00:00+00:00,8.780886e-07,0.2347955,-4.260707,4.730298
2026-03-13 04:00:00+00:00,8.780886e-07,0.041584894,-4.4539175,4.5370874
2026-03-13 05:00:00+00:00,8.780886e-07,0.82806104,-3.6674414,5.3235636
2026-03-13 06:00:00+00:00,0.80999845,2.464818,-2.0306845,6.9603205
2026-03-13 07:00:00+00:00,16.15,25.935421,21.439919,30.430923
2026-03-13 08:00:00+00:00,36.99,55.12301,50.627506,59.618515
2026-03-13 09:00:00+00:00,26.33,81.69396,77.19846,86.18947
2026-03-13 10:00:00+00:00,43.48,48.907127,44.411625,53.40263
2026-03-13 11:00:00+00:00,40.79,52.713226,48.217724,57.20873
2026-03-13 12:00:00+00:00,21.685545,35.134266,30.638762,39.62977
2026-03-13 13:00:00+00:00,21.685545,69.17795,64.68244,73.67345
2026-03-13 14:00:00+00:00,21.685545,33.361046,28.865541,37.85655
2026-03-13 15:00:00+00:00,21.685545,24.06461,19.569107,28.560112
2026-03-13 16:00:00+00:00,21.685545,11.941695,7.4461946,16.437197
2026-03-13 17:00:00+00:00,21.685545,3.040639,-1.4548637,7.5361414
2026-03-13 18:00:00+00:00,21.685545,1.1514405,-3.3440619,5.646943
2026-03-13 19:00:00+00:00,21.685545,-0.04808338,-4.543586,4.447419
2026-03-13 20:00:00+00:00,21.685545,0.0030450064,-4.4924574,4.4985476
2026-03-13 21:00:00+00:00,21.685545,0.0057419976,-4.489764,4.5012445
2026-03-13 22:00:00+00:00,21.685545,0.07573788,-4.4197645,4.5712404
2026-03-13 23:00:00+00:00,21.685545,-0.09931095,-4.5948133,4.3961916
2026-03-14 00:00:00+00:00,21.685545,-0.22033985,-4.7158422,4.2751627
2026-03-14 01:00:00+00:00,21.685545,-0.22033985,-4.7158422,4.2751627
2026-03-14 02:00:00+00:00,21.685545,-0.09490879,-4.590411,4.4005938
2026-03-14 03:00:00+00:00,21.685545,-0.17716129,-4.6726637,4.3183413
2026-03-14 04:00:00+00:00,21.685545,-0.06477268,-4.560275,4.43073
2026-03-14 05:00:00+00:00,21.685545,-0.06477268,-4.560275,4.43073
2026-03-14 06:00:00+00:00,21.685545,1.0410622,-3.454444,5.536565
2026-03-14 07:00:00+00:00,21.685545,15.559089,11.063586,20.05459
2026-03-14 08:00:00+00:00,21.685545,20.311958,15.816457,24.80746
2026-03-14 09:00:00+00:00,21.685545,94.68898,90.19348,99.18449
2026-03-14 10:00:00+00:00,21.685545,98.175064,93.679565,102.67057
2026-03-14 11:00:00+00:00,21.685545,112.39404,107.898544,116.88955
2026-03-14 12:00:00+00:00,21.685545,82.57427,78.078766,87.06977
2026-03-14 13:00:00+00:00,21.685545,68.87284,64.377335,73.36834
2026-03-14 14:00:00+00:00,21.685545,57.98242,53.486916,62.477924
2026-03-14 15:00:00+00:00,21.685545,22.879642,18.38414,27.375145
2026-03-14 16:00:00+00:00,21.685545,7.4375925,2.94209,11.933097
2026-03-14 17:00:00+00:00,21.685545,0.47404185,-4.0214605,4.9695444
2026-03-14 18:00:00+00:00,21.685545,0.155919,-4.3395834,4.6514215
2026-03-14 19:00:00+00:00,21.685545,0.060799524,-4.434703,4.556302
2026-03-14 20:00:00+00:00,21.685545,0.27711192,-4.2183905,4.7726145
2026-03-14 21:00:00+00:00,21.685545,0.30551234,-4.18999,4.801015
2026-03-14 22:00:00+00:00,21.685545,0.34470454,-4.150798,4.840207
2026-03-14 23:00:00+00:00,21.685545,0.5385789,-3.9569235,5.0340815
2026-03-15 00:00:00+00:00,21.685545,-0.14882953,-4.644332,4.346673
2026-03-15 01:00:00+00:00,21.685545,0.38387385,-4.1116285,4.8793764
2026-03-15 02:00:00+00:00,21.685545,0.24502651,-4.250476,4.740529
2026-03-15 03:00:00+00:00,21.685545,0.2724351,-4.2230673,4.7679377
2026-03-15 04:00:00+00:00,21.685545,0.31625453,-4.179248,4.811757
2026-03-15 05:00:00+00:00,21.685545,0.4367341,-4.0587683,4.9322367
2026-03-15 06:00:00+00:00,21.685545,3.2056017,-1.2899009,7.701104
2026-03-15 07:00:00+00:00,21.685545,22.39504,17.899538,26.890543
2026-03-15 08:00:00+00:00,21.685545,43.182686,38.687183,47.678192
2026-03-15 09:00:00+00:00,21.685545,88.04568,83.55017,92.541176
2026-03-15 10:00:00+00:00,21.685545,100.26628,95.770775,104.76178
2026-03-15 11:00:00+00:00,21.685545,119.992775,115.49728,124.48828
2026-03-15 12:00:00+00:00,21.685545,143.64105,139.14554,148.13655
2026-03-15 13:00:00+00:00,21.685545,130.71712,126.22161,135.21262
2026-03-15 14:00:00+00:00,21.685545,148.72977,144.23427,153.22527
2026-03-15 15:00:00+00:00,21.685545,83.62776,79.13226,88.12327
2026-03-15 16:00:00+00:00,21.685545,38.597076,34.101574,43.09258
2026-03-15 17:00:00+00:00,21.685545,4.3446283,-0.15087421,8.840131
2026-03-15 18:00:00+00:00,21.685545,0.9314279,-3.5640745,5.4269304
2026-03-15 19:00:00+00:00,21.685545,0.11316006,-4.3823423,4.6086626
2026-03-15 20:00:00+00:00,21.685545,0.01950161,-4.476001,4.515004
2026-03-15 21:00:00+00:00,21.685545,0.01961605,-4.4758863,4.5151186
2026-03-15 22:00:00+00:00,21.685545,-0.012801246,-4.5083036,4.4827013
2026-03-15 23:00:00+00:00,21.685545,-0.04461582,-4.540118,4.4508867
2026-03-16 00:00:00+00:00,21.685545,0.3467683,-4.148734,4.842271
2026-03-16 01:00:00+00:00,21.685545,0.027012749,-4.4684896,4.5225153
2026-03-16 02:00:00+00:00,21.685545,-0.43185338,-4.927356,4.063649
2026-03-16 03:00:00+00:00,21.685545,0.3039483,-4.191554,4.799451
2026-03-16 04:00:00+00:00,21.685545,0.3784379,-4.1170645,4.8739405
2026-03-16 05:00:00+00:00,21.685545,0.43610469,-4.0593977,4.9316072
2026-03-16 06:00:00+00:00,21.685545,8.131692,3.6361895,12.627194
2026-03-16 07:00:00+00:00,21.685545,58.153435,53.657932,62.648937
2026-03-16 08:00:00+00:00,21.685545,66.46163,61.966133,70.95714
2026-03-16 09:00:00+00:00,21.685545,113.48856,108.993065,117.98407
2026-03-16 10:00:00+00:00,21.685545,95.11627,90.620766,99.61177
2026-03-16 11:00:00+00:00,21.685545,198.36044,193.86493,202.85594
2026-03-16 12:00:00+00:00,21.685545,180.80437,176.30887,185.29987
2026-03-16 13:00:00+00:00,21.685545,139.22266,134.72714,143.71815
2026-03-16 14:00:00+00:00,21.685545,109.44428,104.948784,113.93979
2026-03-16 15:00:00+00:00,21.685545,57.34314,52.847637,61.838642
2026-03-16 16:00:00+00:00,21.685545,15.001767,10.506265,19.497269
2026-03-16 17:00:00+00:00,21.685545,0.5036172,-3.9918852,4.9991198
2026-03-16 18:00:00+00:00,21.685545,1.2004632,-3.2950392,5.695966
2026-03-16 19:00:00+00:00,21.685545,-0.020869331,-4.5163717,4.474633
2026-03-16 20:00:00+00:00,21.685545,-0.08389576,-4.579398,4.411607
2026-03-16 21:00:00+00:00,21.685545,-0.37026128,-4.8657637,4.1252413
2026-03-16 22:00:00+00:00,21.685545,-0.21333607,-4.7088385,4.2821665
2026-03-16 23:00:00+00:00,21.685545,-0.11095722,-4.6064596,4.3845453
2026-03-17 00:00:00+00:00,21.685545,-0.24402912,-4.7395315,4.2514734
2026-03-17 01:00:00+00:00,21.685545,0.039887354,-4.455615,4.53539
2026-03-17 02:00:00+00:00,21.685545,-0.03127964,-4.526782,4.464223
2026-03-17 03:00:00+00:00,21.685545,-0.072646216,-4.5681486,4.4228563
2026-03-17 04:00:00+00:00,21.685545,-0.052706793,-4.548209,4.4427958
2026-03-17 05:00:00+00:00,21.685545,0.15895168,-4.3365507,4.654454
2026-03-17 06:00:00+00:00,21.685545,2.8092623,-1.6862403,7.3047647
2026-03-17 07:00:00+00:00,21.685545,16.81212,12.316619,21.307623
2026-03-17 08:00:00+00:00,21.685545,29.500828,25.005325,33.99633
2026-03-17 09:00:00+00:00,21.685545,40.716377,36.220875,45.21188
2026-03-17 10:00:00+00:00,21.685545,80.181206,75.68571,84.67671
2026-03-17 11:00:00+00:00,21.685545,71.74284,67.24734,76.23834
2026-03-17 12:00:00+00:00,21.685545,99.58649,95.09099,104.08199
2026-03-17 13:00:00+00:00,21.685545,49.88359,45.38809,54.379093
2026-03-17 14:00:00+00:00,21.685545,32.717342,28.22184,37.212845
2026-03-17 15:00:00+00:00,21.685545,19.758501,15.263,24.254004
2026-03-17 16:00:00+00:00,21.685545,12.179893,7.684388,16.675394
2026-03-17 17:00:00+00:00,21.685545,1.2673997,-3.2281027,5.7629023
2026-03-17 18:00:00+00:00,21.685545,-0.60274416,-5.0982466,3.8927584
2026-03-17 19:00:00+00:00,21.685545,-0.49984273,-4.995345,3.9956598
2026-03-17 20:00:00+00:00,21.685545,-0.608924,-5.1044264,3.8865786
2026-03-17 21:00:00+00:00,21.685545,-0.42369375,-4.919196,4.071809
2026-03-17 22:00:00+00:00,21.685545,-0.31767568,-4.813178,4.177827
2026-03-17 23:00:00+00:00,21.685545,-0.078940466,-4.574443,4.416562
2026-03-18 00:00:00+00:00,21.685545,-0.43282995,-4.9283323,4.0626726
2026-03-18 01:00:00+00:00,21.685545,-0.68672854,-5.182231,3.808774
2026-03-18 02:00:00+00:00,21.685545,-0.516265,-5.0117674,3.9792376
2026-03-18 03:00:00+00:00,21.685545,0.114270136,-4.3812323,4.6097727
2026-03-18 04:00:00+00:00,21.685545,-0.106558874,-4.6020613,4.3889437
2026-03-18 05:00:00+00:00,21.685545,-0.18329914,-4.6788015,4.3122034
2026-03-18 06:00:00+00:00,21.685545,18.05847,13.562968,22.553972
2026-03-18 07:00:00+00:00,21.685545,49.719437,45.223934,54.21494
2026-03-18 08:00:00+00:00,21.685545,135.14621,130.6507,139.64171
2026-03-18 09:00:00+00:00,21.685545,204.80751,200.31201,209.30301
2026-03-18 10:00:00+00:00,21.685545,237.72406,233.22856,242.21956
2026-03-18 11:00:00+00:00,21.685545,249.03693,244.54143,253.53242
2026-03-18 12:00:00+00:00,21.685545,239.21373,234.71823,243.70923
2026-03-18 13:00:00+00:00,21.685545,240.42133,235.92583,244.91684
2026-03-18 14:00:00+00:00,21.685545,168.68039,164.18489,173.17589
2026-03-18 15:00:00+00:00,21.685545,153.8595,149.36398,158.355
2026-03-18 16:00:00+00:00,21.685545,58.162483,53.66698,62.657986
2026-03-18 17:00:00+00:00,21.685545,0.16447918,-4.331023,4.6599817
2026-03-18 18:00:00+00:00,21.685545,1.279641,-3.2158613,5.7751436
2026-03-18 19:00:00+00:00,21.685545,0.16792767,-4.3275747,4.66343
2026-03-18 20:00:00+00:00,21.685545,-0.022097664,-4.5176,4.473405
2026-03-18 21:00:00+00:00,21.685545,-0.12052448,-4.616027,4.374978
2026-03-18 22:00:00+00:00,21.685545,-0.38722524,-4.8827276,4.1082773
2026-03-18 23:00:00+00:00,21.685545,0.14745037,-4.348052,4.642953
2026-03-19 00:00:00+00:00,21.685545,-0.30440053,-4.799903,4.191102
2026-03-19 01:00:00+00:00,21.685545,-0.1748267,-4.670329,4.320676
2026-03-19 02:00:00+00:00,21.685545,-0.08011539,-4.575618,4.415387
2026-03-19 03:00:00+00:00,21.685545,0.075596735,-4.4199057,4.5710993
2026-03-19 04:00:00+00:00,21.685545,0.76080793,-3.7346945,5.2563105
2026-03-19 05:00:00+00:00,21.685545,2.084981,-2.4105215,6.5804834
2026-03-19 06:00:00+00:00,21.685545,28.678583,24.183079,33.174088
2026-03-19 07:00:00+00:00,21.685545,86.16027,81.664764,90.65577
2026-03-19 08:00:00+00:00,21.685545,121.50714,117.011635,126.00264
2026-03-19 09:00:00+00:00,21.685545,174.3798,169.88431,178.87532
2026-03-19 10:00:00+00:00,21.685545,227.68703,223.19153,232.18254
2026-03-19 11:00:00+00:00,21.685545,223.1697,218.6742,227.66519
2026-03-19 12:00:00+00:00,21.685545,229.12363,224.62811,233.61913
2026-03-19 13:00:00+00:00,21.685545,226.29355,221.79805,230.78905
2026-03-19 14:00:00+00:00,21.685545,161.5952,157.0997,166.0907
2026-03-19 15:00:00+00:00,21.685545,137.31467,132.81915,141.81017
2026-03-19 16:00:00+00:00,21.685545,61.348763,56.85326,65.84427
2026-03-19 17:00:00+00:00,21.685545,7.353631,2.8581285,11.8491335
2026-03-19 18:00:00+00:00,21.685545,4.2613115,-0.23419102,8.756814
2026-03-19 19:00:00+00:00,21.685545,-0.52780443,-5.023307,3.967702
2026-03-19 20:00:00+00:00,21.685545,-1.1692725,-5.664775,3.32623
2026-03-19 21:00:00+00:00,21.685545,-0.7684508,-5.263953,3.7270517
2026-03-19 22:00:00+00:00,21.685545,-0.3679534,-4.863456,4.127549
2026-03-19 23:00:00+00:00,21.685545,-0.41349706,-4.9089994,4.0820055
2026-03-20 00:00:00+00:00,21.685545,-0.46524724,-4.9607496,4.0302553
2026-03-20 01:00:00+00:00,21.685545,-0.6522742,-5.1477766,3.8432283
2026-03-20 02:00:00+00:00,21.685545,-0.3883315,-4.883834,4.107171
2026-03-20 03:00:00+00:00,21.685545,-0.35834798,-4.8538504,4.1371546
2026-03-20 04:00:00+00:00,21.685545,0.08766644,-4.407836,4.583169
2026-03-20 05:00:00+00:00,21.685545,0.6181764,-3.877326,5.113679
2026-03-20 06:00:00+00:00,21.685545,26.350758,21.855255,30.84626
2026-03-20 07:00:00+00:00,21.685545,78.95312,74.45761,83.448616
2026-03-20 08:00:00+00:00,21.685545,157.40427,152.90875,161.89977
2026-03-20 09:00:00+00:00,21.685545,201.31819,196.8227,205.81369
2026-03-20 10:00:00+00:00,21.685545,207.96638,203.47089,212.46188
2026-03-20 11:00:00+00:00,21.685545,223.13629,218.6408,227.6318
2026-03-20 12:00:00+00:00,21.685545,221.52744,217.03194,226.02295
2026-03-20 13:00:00+00:00,21.685545,227.42833,222.93283,231.92383
2026-03-20 14:00:00+00:00,21.685545,179.91351,175.41801,184.40903
2026-03-20 15:00:00+00:00,21.685545,89.50912,85.01361,94.004616
2026-03-20 16:00:00+00:00,21.685545,49.800797,45.305294,54.2963
2026-03-20 17:00:00+00:00,21.685545,3.9883204,-0.5071822,8.483823
2026-03-20 18:00:00+00:00,21.685545,1.0516976,-3.4438047,5.5472
2026-03-20 19:00:00+00:00,21.685545,-0.08523853,-4.580741,4.410264
2026-03-20 20:00:00+00:00,21.685545,-1.1751891,-5.6706915,3.3203135
2026-03-20 21:00:00+00:00,21.685545,0.08620159,-4.409301,4.581704
2026-03-20 22:00:00+00:00,21.685545,-0.31356725,-4.8090696,4.1819353
2026-03-20 23:00:00+00:00,21.685545,0.3922471,-4.1032553,4.8877497
2026-03-21 00:00:00+00:00,21.685545,-0.1062804,-4.601783,4.389222
2026-03-21 01:00:00+00:00,21.685545,0.05050747,-4.444995,4.54601
2026-03-21 02:00:00+00:00,21.685545,0.22449581,-4.2710066,4.7199984
2026-03-21 03:00:00+00:00,21.685545,0.8297929,-3.6657095,5.3252954
2026-03-21 04:00:00+00:00,21.685545,1.083474,-3.4120283,5.5789766
2026-03-21 05:00:00+00:00,21.685545,3.1547365,-1.3407661,7.650239
2026-03-21 06:00:00+00:00,21.685545,26.747673,22.25217,31.243176
2026-03-21 07:00:00+00:00,21.685545,99.10634,94.61083,103.60184
2026-03-21 08:00:00+00:00,21.685545,130.60063,126.105125,135.09613
2026-03-21 09:00:00+00:00,21.685545,88.38589,83.89038,92.881386
2026-03-21 10:00:00+00:00,21.685545,174.69942,170.20392,179.19492
2026-03-21 11:00:00+00:00,21.685545,192.05109,187.55559,196.5466
2026-03-21 12:00:00+00:00,21.685545,154.40433,149.90883,158.89984
2026-03-21 13:00:00+00:00,21.685545,140.70259,136.20709,145.19809
2026-03-21 14:00:00+00:00,21.685545,88.67576,84.18026,93.171265
2026-03-21 15:00:00+00:00,21.685545,117.54906,113.05355,122.044556
2026-03-21 16:00:00+00:00,21.685545,33.4467,28.9512,37.942204
2026-03-21 17:00:00+00:00,21.685545,4.1290064,-0.36649618,8.624509
2026-03-21 18:00:00+00:00,21.685545,2.349759,-2.1457434,6.8452616
2026-03-21 19:00:00+00:00,21.685545,-0.87405306,-5.3695555,3.6214495
2026-03-21 20:00:00+00:00,21.685545,-0.21806248,-4.713565,4.27744
2026-03-21 21:00:00+00:00,21.685545,0.0016717155,-4.4938307,4.4971743
2026-03-21 22:00:00+00:00,21.685545,-0.25493917,-4.7504416,4.2405634
2026-03-21 23:00:00+00:00,21.685545,0.116185114,-4.3793173,4.6116877
