date,load_tran_actual,load_tran_fitted,load_tran_lower,load_tran_upper
2026-02-06 00:00:00+00:00,6950.5,7036.232,6933.689,7138.7754
2026-02-06 01:00:00+00:00,6811.0,6999.602,6897.059,7102.1455
2026-02-06 02:00:00+00:00,6785.25,7079.461,6976.9175,7182.0044
2026-02-06 03:00:00+00:00,6960.5,7326.2153,7223.672,7428.7583
2026-02-06 04:00:00+00:00,7349.0,8219.542,8116.9985,8322.085
2026-02-06 05:00:00+00:00,8438.5,9159.536,9056.992,9262.079
2026-02-06 06:00:00+00:00,9293.0,9588.468,9485.925,9691.012
2026-02-06 07:00:00+00:00,9757.5,10037.678,9935.135,10140.221
2026-02-06 08:00:00+00:00,9825.5,10068.347,9965.803,10170.89
2026-02-06 09:00:00+00:00,9913.0,10157.511,10054.967,10260.054
2026-02-06 10:00:00+00:00,9806.5,10071.565,9969.022,10174.108
2026-02-06 11:00:00+00:00,9576.25,9883.453,9780.91,9985.997
2026-02-06 12:00:00+00:00,9161.5,9583.275,9480.732,9685.818
2026-02-06 13:00:00+00:00,8749.0,9376.619,9274.076,9479.163
2026-02-06 14:00:00+00:00,8679.25,9219.35,9116.806,9321.893
2026-02-06 15:00:00+00:00,8643.25,9142.17,9039.627,9244.713
2026-02-06 16:00:00+00:00,8848.25,9313.342,9210.799,9415.885
2026-02-06 17:00:00+00:00,8923.5,9535.714,9433.171,9638.257
2026-02-06 18:00:00+00:00,8658.0,9430.383,9327.84,9532.926
2026-02-06 19:00:00+00:00,8221.25,9030.792,8928.249,9133.335
2026-02-06 20:00:00+00:00,7813.5,8744.704,8642.161,8847.247
2026-02-06 21:00:00+00:00,7451.0,8324.476,8221.933,8427.019
2026-02-06 22:00:00+00:00,6920.5,7929.8906,7827.3477,8032.434
2026-02-06 23:00:00+00:00,6516.75,7531.184,7428.6406,7633.727
2026-02-07 00:00:00+00:00,6203.75,7056.063,6953.52,7158.6064
2026-02-07 01:00:00+00:00,6058.0,6905.4014,6802.858,7007.9443
2026-02-07 02:00:00+00:00,5975.5,6795.754,6693.211,6898.2974
2026-02-07 03:00:00+00:00,5972.5,6889.491,6786.948,6992.0347
2026-02-07 04:00:00+00:00,5943.5,7365.0493,7262.506,7467.5923
2026-02-07 05:00:00+00:00,6085.25,8589.256,8486.712,8691.799
2026-02-07 06:00:00+00:00,6426.25,9286.105,9183.5625,9388.649
2026-02-07 07:00:00+00:00,6858.75,9589.82,9487.277,9692.363
2026-02-07 08:00:00+00:00,7327.75,9602.807,9500.264,9705.35
2026-02-07 09:00:00+00:00,7505.5,9517.803,9415.26,9620.346
2026-02-07 10:00:00+00:00,7520.75,9344.607,9242.064,9447.15
2026-02-07 11:00:00+00:00,7341.5,9031.696,8929.153,9134.239
2026-02-07 12:00:00+00:00,6845.0,8694.509,8591.965,8797.052
2026-02-07 13:00:00+00:00,6525.0,8353.349,8250.805,8455.892
2026-02-07 14:00:00+00:00,6482.75,8159.0103,8056.467,8261.554
2026-02-07 15:00:00+00:00,6534.25,8217.206,8114.6626,8319.749
2026-02-07 16:00:00+00:00,6860.5,8351.226,8248.683,8453.77
2026-02-07 17:00:00+00:00,7217.75,8597.637,8495.093,8700.18
2026-02-07 18:00:00+00:00,7066.25,8389.714,8287.17,8492.257
2026-02-07 19:00:00+00:00,6752.5,7959.2974,7856.754,8061.841
2026-02-07 20:00:00+00:00,6557.0,7683.533,7580.99,7786.0767
2026-02-07 21:00:00+00:00,6428.0,7384.6367,7282.0933,7487.1797
2026-02-07 22:00:00+00:00,6134.0,6969.5366,6866.993,7072.08
2026-02-07 23:00:00+00:00,5857.0,6601.989,6499.4453,6704.5317
2026-02-08 00:00:00+00:00,5648.25,6422.985,6320.442,6525.5283
2026-02-08 01:00:00+00:00,5512.5,6380.7847,6278.2417,6483.328
2026-02-08 02:00:00+00:00,5480.5,6478.279,6375.736,6580.8223
2026-02-08 03:00:00+00:00,5553.5,6669.4663,6566.923,6772.0093
2026-02-08 04:00:00+00:00,5550.25,7048.467,6945.9233,7151.0103
2026-02-08 05:00:00+00:00,5577.5,8153.883,8051.3394,8256.426
2026-02-08 06:00:00+00:00,5821.5,8916.879,8814.336,9019.422
2026-02-08 07:00:00+00:00,6220.75,9332.115,9229.571,9434.658
2026-02-08 08:00:00+00:00,6634.0,9493.978,9391.435,9596.5205
2026-02-08 09:00:00+00:00,6831.5,9555.0205,9452.477,9657.563
2026-02-08 10:00:00+00:00,6942.75,9486.888,9384.345,9589.432
2026-02-08 11:00:00+00:00,6964.25,9441.814,9339.271,9544.357
2026-02-08 12:00:00+00:00,6616.5,9272.972,9170.429,9375.516
2026-02-08 13:00:00+00:00,6320.75,8948.423,8845.88,9050.966
2026-02-08 14:00:00+00:00,6274.25,8759.443,8656.899,8861.986
2026-02-08 15:00:00+00:00,6429.25,8694.865,8592.321,8797.408
2026-02-08 16:00:00+00:00,6840.0,8851.434,8748.89,8953.977
2026-02-08 17:00:00+00:00,7192.25,9089.83,8987.286,9192.373
2026-02-08 18:00:00+00:00,7104.0,8956.902,8854.359,9059.445
2026-02-08 19:00:00+00:00,6949.25,8689.167,8586.624,8791.71
2026-02-08 20:00:00+00:00,6853.75,8397.712,8295.169,8500.256
2026-02-08 21:00:00+00:00,6743.0,8006.1206,7903.577,8108.6636
2026-02-08 22:00:00+00:00,6513.0,7660.9434,7558.4004,7763.487
2026-02-08 23:00:00+00:00,6237.25,7385.56,7283.017,7488.1035
2026-02-09 00:00:00+00:00,6025.75,7083.3555,6980.812,7185.899
2026-02-09 01:00:00+00:00,5938.25,7068.3237,6965.7803,7170.8667
2026-02-09 02:00:00+00:00,5967.5,7169.9854,7067.442,7272.529
2026-02-09 03:00:00+00:00,6199.25,7364.888,7262.345,7467.4316
2026-02-09 04:00:00+00:00,6741.25,8165.1543,8062.611,8267.697
2026-02-09 05:00:00+00:00,7994.75,9117.984,9015.441,9220.528
2026-02-09 06:00:00+00:00,8929.25,9524.861,9422.318,9627.404
2026-02-09 07:00:00+00:00,9430.25,10022.777,9920.234,10125.32
2026-02-09 08:00:00+00:00,9591.0,10017.967,9915.424,10120.51
2026-02-09 09:00:00+00:00,9698.25,9974.537,9871.994,10077.08
2026-02-09 10:00:00+00:00,9714.75,9877.175,9774.631,9979.718
2026-02-09 11:00:00+00:00,9697.25,9707.577,9605.034,9810.12
2026-02-09 12:00:00+00:00,9521.25,9570.458,9467.915,9673.002
2026-02-09 13:00:00+00:00,9177.25,9389.903,9287.36,9492.447
2026-02-09 14:00:00+00:00,9000.25,9198.865,9096.321,9301.408
2026-02-09 15:00:00+00:00,8835.0,9104.03,9001.486,9206.573
2026-02-09 16:00:00+00:00,8973.75,9085.164,8982.62,9187.707
2026-02-09 17:00:00+00:00,9262.5,9319.062,9216.519,9421.6045
2026-02-09 18:00:00+00:00,9079.25,9063.896,8961.354,9166.44
2026-02-09 19:00:00+00:00,8711.75,8668.954,8566.411,8771.497
2026-02-09 20:00:00+00:00,8333.5,8313.985,8211.442,8416.528
2026-02-09 21:00:00+00:00,7877.75,7934.2725,7831.7295,8036.816
2026-02-09 22:00:00+00:00,7415.0,7495.07,7392.5264,7597.613
2026-02-09 23:00:00+00:00,7046.5,7115.2266,7012.6836,7217.77
2026-02-10 00:00:00+00:00,6748.75,6866.443,6763.8994,6968.9863
2026-02-10 01:00:00+00:00,6600.0,6810.371,6707.828,6912.9146
2026-02-10 02:00:00+00:00,6611.5,6720.153,6617.6094,6822.6963
2026-02-10 03:00:00+00:00,6818.5,6854.697,6752.154,6957.24
2026-02-10 04:00:00+00:00,7239.5,7384.9805,7282.437,7487.5234
2026-02-10 05:00:00+00:00,8305.0,8590.192,8487.649,8692.736
2026-02-10 06:00:00+00:00,9150.75,9373.533,9270.99,9476.076
2026-02-10 07:00:00+00:00,9670.75,9778.129,9675.586,9880.672
2026-02-10 08:00:00+00:00,9797.75,9900.17,9797.627,10002.714
2026-02-10 09:00:00+00:00,9835.75,9958.749,9856.206,10061.293
2026-02-10 10:00:00+00:00,9850.75,9860.703,9758.16,9963.246
2026-02-10 11:00:00+00:00,9634.5,9730.836,9628.293,9833.379
2026-02-10 12:00:00+00:00,9487.75,9496.51,9393.966,9599.053
2026-02-10 13:00:00+00:00,9179.0,9241.877,9139.334,9344.421
2026-02-10 14:00:00+00:00,8964.25,9115.934,9013.391,9218.477
2026-02-10 15:00:00+00:00,8757.5,8948.179,8845.636,9050.723
2026-02-10 16:00:00+00:00,8974.75,8979.577,8877.034,9082.121
2026-02-10 17:00:00+00:00,9193.25,9191.599,9089.055,9294.142
2026-02-10 18:00:00+00:00,8960.25,8985.546,8883.003,9088.089
2026-02-10 19:00:00+00:00,8618.25,8657.861,8555.318,8760.404
2026-02-10 20:00:00+00:00,8167.75,8203.54,8100.997,8306.084
2026-02-10 21:00:00+00:00,7612.25,7675.5903,7573.0474,7778.134
2026-02-10 22:00:00+00:00,7077.75,7307.631,7205.0874,7410.174
2026-02-10 23:00:00+00:00,6676.75,6814.477,6711.934,6917.0205
2026-02-11 00:00:00+00:00,6350.75,6484.157,6381.6143,6586.7007
2026-02-11 01:00:00+00:00,6211.75,6391.166,6288.6226,6493.7095
2026-02-11 02:00:00+00:00,6245.5,6376.714,6274.1704,6479.257
2026-02-11 03:00:00+00:00,6360.0,6484.9033,6382.36,6587.4463
2026-02-11 04:00:00+00:00,6902.5,6797.7563,6695.213,6900.2993
2026-02-11 05:00:00+00:00,8054.25,7943.317,7840.774,8045.8604
2026-02-11 06:00:00+00:00,8920.5,8646.99,8544.446,8749.533
2026-02-11 07:00:00+00:00,9372.75,8979.1,8876.557,9081.643
2026-02-11 08:00:00+00:00,9469.0,9124.607,9022.064,9227.151
2026-02-11 09:00:00+00:00,9516.5,9199.75,9097.207,9302.294
2026-02-11 10:00:00+00:00,9634.0,9198.441,9095.897,9300.984
2026-02-11 11:00:00+00:00,9652.25,9063.942,8961.399,9166.486
2026-02-11 12:00:00+00:00,9516.0,8862.63,8760.087,8965.173
2026-02-11 13:00:00+00:00,9331.0,8646.294,8543.751,8748.837
2026-02-11 14:00:00+00:00,9151.25,8537.426,8434.883,8639.969
2026-02-11 15:00:00+00:00,8961.0,8512.42,8409.877,8614.963
2026-02-11 16:00:00+00:00,9100.5,8652.67,8550.127,8755.213
2026-02-11 17:00:00+00:00,9243.25,8768.184,8665.641,8870.727
2026-02-11 18:00:00+00:00,9081.5,8537.562,8435.018,8640.1045
2026-02-11 19:00:00+00:00,8671.5,8088.19,7985.6465,8190.7334
2026-02-11 20:00:00+00:00,8285.0,7651.8564,7549.3135,7754.4
2026-02-11 21:00:00+00:00,7706.5,7201.111,7098.568,7303.6543
2026-02-11 22:00:00+00:00,7168.75,6715.952,6613.409,6818.4956
2026-02-11 23:00:00+00:00,6675.5,6301.3955,6198.852,6403.9385
2026-02-12 00:00:00+00:00,6324.25,6000.243,5897.6997,6102.786
2026-02-12 01:00:00+00:00,6240.5,5887.2534,5784.71,5989.797
2026-02-12 02:00:00+00:00,6265.75,5977.675,5875.1313,6080.218
2026-02-12 03:00:00+00:00,6312.0,6305.219,6202.676,6407.7627
2026-02-12 04:00:00+00:00,6878.25,6820.909,6718.366,6923.4526
2026-02-12 05:00:00+00:00,7961.75,7940.7817,7838.2383,8043.3247
2026-02-12 06:00:00+00:00,8835.0,8679.462,8576.918,8782.005
2026-02-12 07:00:00+00:00,9266.25,9052.487,8949.944,9155.03
2026-02-12 08:00:00+00:00,9284.75,9103.308,9000.765,9205.852
2026-02-12 09:00:00+00:00,9422.0,9141.605,9039.062,9244.148
2026-02-12 10:00:00+00:00,9360.0,9208.447,9105.904,9310.991
2026-02-12 11:00:00+00:00,9438.75,9131.299,9028.756,9233.842
2026-02-12 12:00:00+00:00,9409.5,9027.696,8925.153,9130.239
2026-02-12 13:00:00+00:00,9236.5,8865.44,8762.897,8967.983
2026-02-12 14:00:00+00:00,8854.0,8731.379,8628.836,8833.922
2026-02-12 15:00:00+00:00,8657.5,8653.14,8550.597,8755.683
2026-02-12 16:00:00+00:00,8795.5,8684.933,8582.39,8787.476
2026-02-12 17:00:00+00:00,8964.75,8916.028,8813.485,9018.571
2026-02-12 18:00:00+00:00,8762.25,8664.801,8562.258,8767.345
2026-02-12 19:00:00+00:00,8394.5,8343.529,8240.985,8446.072
2026-02-12 20:00:00+00:00,8026.25,7977.378,7874.8345,8079.921
2026-02-12 21:00:00+00:00,7590.0,7507.608,7405.0645,7610.1514
2026-02-12 22:00:00+00:00,7123.75,7067.5283,6964.985,7170.0713
2026-02-12 23:00:00+00:00,6720.5,6597.845,6495.302,6700.388
2026-02-13 00:00:00+00:00,6372.0,6407.29,6303.28,6511.3
2026-02-13 01:00:00+00:00,6251.5,6235.0825,6131.0723,6339.093
2026-02-13 02:00:00+00:00,6318.5,6238.9785,6134.9688,6342.989
2026-02-13 03:00:00+00:00,6512.75,6416.2026,6312.193,6520.213
2026-02-13 04:00:00+00:00,6946.5,6764.551,6660.5405,6868.5605
2026-02-13 05:00:00+00:00,7959.25,7900.591,7796.5806,8004.6006
2026-02-13 06:00:00+00:00,8730.75,8504.087,8400.076,8608.097
2026-02-13 07:00:00+00:00,9126.75,8849.966,8745.956,8953.976
2026-02-13 08:00:00+00:00,9208.5,8953.676,8849.665,9057.686
2026-02-13 09:00:00+00:00,9356.5,8925.251,8821.241,9029.261
2026-02-13 10:00:00+00:00,9277.75,8797.776,8693.767,8901.787
2026-02-13 11:00:00+00:00,9041.25,8547.081,8443.07,8651.091
2026-02-13 12:00:00+00:00,8866.75,8277.747,8173.7373,8381.757
2026-02-13 13:00:00+00:00,8500.5,8000.9272,7896.9175,8104.9375
2026-02-13 14:00:00+00:00,8270.75,7876.0503,7772.04,7980.06
2026-02-13 15:00:00+00:00,8206.75,7871.6855,7767.6753,7975.696
2026-02-13 16:00:00+00:00,8425.5,8134.4473,8030.437,8238.457
2026-02-13 17:00:00+00:00,8537.75,8198.677,8094.6665,8302.687
2026-02-13 18:00:00+00:00,8293.0,7905.203,7801.193,8009.213
2026-02-13 19:00:00+00:00,7885.5,7538.9897,7434.98,7643.0
2026-02-13 20:00:00+00:00,7515.25,7275.4355,7171.4253,7379.446
2026-02-13 21:00:00+00:00,7094.25,6845.836,6741.8257,6949.846
2026-02-13 22:00:00+00:00,6656.0,6385.492,6281.482,6489.502
2026-02-13 23:00:00+00:00,6290.5,5985.8716,5881.8613,6089.8813
2026-02-14 00:00:00+00:00,6011.75,5757.1416,5653.132,5861.152
2026-02-14 01:00:00+00:00,5837.5,5570.2734,5466.263,5674.283
2026-02-14 02:00:00+00:00,5839.25,5520.279,5416.2686,5624.2886
2026-02-14 03:00:00+00:00,5884.5,5556.119,5452.109,5660.129
2026-02-14 04:00:00+00:00,5924.0,5542.9663,5438.9565,5646.9766
2026-02-14 05:00:00+00:00,6095.0,5791.849,5687.8394,5895.8594
2026-02-14 06:00:00+00:00,6414.5,6115.1587,6011.149,6219.169
2026-02-14 07:00:00+00:00,6833.75,6400.7803,6296.77,6504.79
2026-02-14 08:00:00+00:00,7274.5,6895.219,6791.209,6999.229
2026-02-14 09:00:00+00:00,7448.25,7199.3213,7095.3115,7303.3315
2026-02-14 10:00:00+00:00,7613.0,7263.6196,7159.61,7367.63
2026-02-14 11:00:00+00:00,7619.0,7232.265,7128.255,7336.275
2026-02-14 12:00:00+00:00,7409.0,7040.5938,6936.584,7144.604
2026-02-14 13:00:00+00:00,7173.25,6901.3047,6797.2944,7005.3145
2026-02-14 14:00:00+00:00,7111.75,6843.178,6739.1685,6947.1885
2026-02-14 15:00:00+00:00,7125.25,6948.468,6844.4575,7052.4775
2026-02-14 16:00:00+00:00,7374.75,7162.2646,7058.255,7266.275
2026-02-14 17:00:00+00:00,7522.75,7270.3657,7166.3555,7374.3755
2026-02-14 18:00:00+00:00,7291.5,7061.092,6957.082,7165.102
2026-02-14 19:00:00+00:00,6935.5,6824.7188,6720.709,6928.729
2026-02-14 20:00:00+00:00,6726.25,6608.033,6504.0234,6712.0435
2026-02-14 21:00:00+00:00,6581.25,6361.833,6257.823,6465.8433
2026-02-14 22:00:00+00:00,6235.75,6016.3896,5912.3794,6120.3994
2026-02-14 23:00:00+00:00,5943.75,5645.211,5541.2007,5749.2207
2026-02-15 00:00:00+00:00,5721.75,5403.5254,5299.515,5507.5356
2026-02-15 01:00:00+00:00,5581.75,5238.6235,5134.6133,5342.6333
2026-02-15 02:00:00+00:00,5503.25,5121.481,5017.4707,5225.4907
2026-02-15 03:00:00+00:00,5535.0,5127.8877,5023.878,5231.898
2026-02-15 04:00:00+00:00,5578.0,5113.6787,5009.669,5217.689
2026-02-15 05:00:00+00:00,5612.25,5147.7393,5043.729,5251.749
2026-02-15 06:00:00+00:00,5803.75,5425.5557,5321.5454,5529.566
2026-02-15 07:00:00+00:00,6182.0,5761.4106,5657.4004,5865.4204
2026-02-15 08:00:00+00:00,6677.25,6316.346,6212.336,6420.356
2026-02-15 09:00:00+00:00,6904.25,6615.1406,6511.131,6719.151
2026-02-15 10:00:00+00:00,7095.75,6645.939,6541.9287,6749.9487
2026-02-15 11:00:00+00:00,7153.5,6625.4297,6521.4194,6729.4395
2026-02-15 12:00:00+00:00,6945.25,6370.133,6266.1226,6474.1426
2026-02-15 13:00:00+00:00,6646.25,6226.9272,6122.917,6330.937
2026-02-15 14:00:00+00:00,6416.0,6283.307,6179.2974,6387.3174
2026-02-15 15:00:00+00:00,6511.0,6553.493,6449.4834,6657.5034
2026-02-15 16:00:00+00:00,6836.5,6806.819,6702.809,6910.829
2026-02-15 17:00:00+00:00,7345.0,7187.3384,7083.328,7291.348
2026-02-15 18:00:00+00:00,7263.5,7134.4297,7030.4194,7238.44
2026-02-15 19:00:00+00:00,7134.0,6923.59,6819.58,7027.6
2026-02-15 20:00:00+00:00,7158.75,6734.481,6630.471,6838.491
2026-02-15 21:00:00+00:00,7072.75,6531.4565,6427.447,6635.467
2026-02-15 22:00:00+00:00,6743.0,6241.783,6137.7734,6345.7935
2026-02-15 23:00:00+00:00,6407.75,5963.477,5859.4673,6067.4873
2026-02-16 00:00:00+00:00,6098.25,5754.6265,5650.616,5858.636
2026-02-16 01:00:00+00:00,5949.25,5653.539,5549.5293,5757.5493
2026-02-16 02:00:00+00:00,5954.0,5726.924,5622.914,5830.934
2026-02-16 03:00:00+00:00,6186.0,5936.775,5832.765,6040.785
2026-02-16 04:00:00+00:00,6711.0,6553.287,6449.277,6657.297
2026-02-16 05:00:00+00:00,7683.75,7440.617,7336.6074,7544.6274
2026-02-16 06:00:00+00:00,8497.5,8455.386,8351.375,8559.3955
2026-02-16 07:00:00+00:00,9060.75,8804.464,8700.454,8908.475
2026-02-16 08:00:00+00:00,9312.0,8884.66,8780.65,8988.671
2026-02-16 09:00:00+00:00,9417.75,8995.325,8891.315,9099.336
2026-02-16 10:00:00+00:00,9498.75,8838.916,8734.905,8942.926
2026-02-16 11:00:00+00:00,9287.5,8695.465,8591.455,8799.476
2026-02-16 12:00:00+00:00,9093.75,8487.565,8383.555,8591.575
2026-02-16 13:00:00+00:00,8747.0,8243.835,8139.8247,8347.845
2026-02-16 14:00:00+00:00,8875.5,8156.9565,8052.9463,8260.967
2026-02-16 15:00:00+00:00,8825.0,8278.419,8174.409,8382.429
2026-02-16 16:00:00+00:00,8822.75,8383.887,8279.877,8487.896
2026-02-16 17:00:00+00:00,8902.0,8625.511,8521.501,8729.5205
2026-02-16 18:00:00+00:00,8785.0,8543.533,8439.523,8647.544
2026-02-16 19:00:00+00:00,8451.0,8197.574,8093.5645,8301.584
2026-02-16 20:00:00+00:00,8119.0,7749.08,7645.0703,7853.0903
2026-02-16 21:00:00+00:00,7665.75,7302.8574,7198.847,7406.867
2026-02-16 22:00:00+00:00,7112.25,6903.13,6799.1196,7007.1396
2026-02-16 23:00:00+00:00,6710.75,6489.515,6385.505,6593.525
2026-02-17 00:00:00+00:00,6456.75,6206.6924,6102.682,6310.7026
2026-02-17 01:00:00+00:00,6385.25,6071.6304,5967.62,6175.64
2026-02-17 02:00:00+00:00,6453.75,6103.398,5999.388,6207.408
2026-02-17 03:00:00+00:00,6672.75,6410.3867,6306.377,6514.397
2026-02-17 04:00:00+00:00,7134.5,6800.0083,6695.9985,6904.0186
2026-02-17 05:00:00+00:00,8022.75,7975.377,7871.3667,8079.3867
2026-02-17 06:00:00+00:00,8758.0,8790.332,8686.322,8894.343
2026-02-17 07:00:00+00:00,9275.25,9310.629,9206.618,9414.639
2026-02-17 08:00:00+00:00,9445.0,9320.438,9216.429,9424.449
2026-02-17 09:00:00+00:00,9691.0,9289.29,9185.28,9393.3
2026-02-17 10:00:00+00:00,9676.5,9138.313,9034.304,9242.323
2026-02-17 11:00:00+00:00,9403.5,8973.802,8869.791,9077.812
2026-02-17 12:00:00+00:00,9122.25,8764.183,8660.172,8868.192
2026-02-17 13:00:00+00:00,9085.5,8486.339,8382.328,8590.349
2026-02-17 14:00:00+00:00,8862.5,8326.501,8222.491,8430.511
2026-02-17 15:00:00+00:00,8734.5,8354.075,8250.065,8458.085
2026-02-17 16:00:00+00:00,8899.0,8509.977,8405.966,8613.986
2026-02-17 17:00:00+00:00,9141.0,8834.969,8730.958,8938.979
2026-02-17 18:00:00+00:00,9011.5,8691.619,8587.609,8795.629
2026-02-17 19:00:00+00:00,8658.25,8242.853,8138.843,8346.862
2026-02-17 20:00:00+00:00,8327.0,7848.2407,7744.231,7952.251
2026-02-17 21:00:00+00:00,7789.25,7430.1265,7326.116,7534.136
2026-02-17 22:00:00+00:00,7364.0,7053.0522,6949.0425,7157.0625
2026-02-17 23:00:00+00:00,7023.5,6638.529,6534.5186,6742.539
2026-02-18 00:00:00+00:00,6758.0,6366.2446,6262.235,6470.255
2026-02-18 01:00:00+00:00,6639.75,6172.0737,6068.064,6276.084
2026-02-18 02:00:00+00:00,6643.0,6142.1567,6038.1465,6246.1665
2026-02-18 03:00:00+00:00,6892.25,6326.838,6222.828,6430.848
2026-02-18 04:00:00+00:00,7328.75,6692.2773,6588.2676,6796.2876
2026-02-18 05:00:00+00:00,8256.5,7649.238,7545.228,7753.248
2026-02-18 06:00:00+00:00,9020.25,8485.874,8381.863,8589.884
2026-02-18 07:00:00+00:00,9490.25,8745.289,8641.279,8849.299
2026-02-18 08:00:00+00:00,9655.5,8822.099,8718.089,8926.109
2026-02-18 09:00:00+00:00,9789.25,8910.134,8806.124,9014.145
2026-02-18 10:00:00+00:00,9946.25,8831.592,8727.581,8935.602
2026-02-18 11:00:00+00:00,9584.0,8700.405,8596.3955,8804.415
2026-02-18 12:00:00+00:00,9278.75,8519.396,8415.387,8623.407
2026-02-18 13:00:00+00:00,9260.5,8364.411,8260.4,8468.421
2026-02-18 14:00:00+00:00,9196.25,8181.0913,8077.081,8285.102
2026-02-18 15:00:00+00:00,9176.0,8162.2734,8058.263,8266.283
2026-02-18 16:00:00+00:00,9300.25,8319.929,8215.918,8423.938
2026-02-18 17:00:00+00:00,9407.0,8453.334,8349.323,8557.344
2026-02-18 18:00:00+00:00,9205.5,8290.784,8186.7744,8394.794
2026-02-18 19:00:00+00:00,8710.25,7817.2886,7713.279,7921.299
2026-02-18 20:00:00+00:00,8256.25,7477.469,7373.4595,7581.4795
2026-02-18 21:00:00+00:00,7767.0,7036.226,6932.216,7140.236
2026-02-18 22:00:00+00:00,7338.0,6556.4316,6452.4214,6660.442
2026-02-18 23:00:00+00:00,7054.5,6125.7783,6021.7686,6229.7886
2026-02-19 00:00:00+00:00,6782.25,5952.1875,5848.1772,6056.1973
2026-02-19 01:00:00+00:00,6681.25,5857.1436,5753.134,5961.154
2026-02-19 02:00:00+00:00,6623.0,5850.589,5746.5786,5954.5986
2026-02-19 03:00:00+00:00,6750.25,6084.6357,5980.6255,6188.646
2026-02-19 04:00:00+00:00,7190.25,6589.675,6485.665,6693.685
2026-02-19 05:00:00+00:00,8076.0,7523.456,7419.446,7627.4663
2026-02-19 06:00:00+00:00,8888.25,8390.877,8286.867,8494.888
2026-02-19 07:00:00+00:00,9344.25,8667.258,8563.248,8771.268
2026-02-19 08:00:00+00:00,9502.75,8768.314,8664.305,8872.325
2026-02-19 09:00:00+00:00,9656.5,8917.094,8813.084,9021.1045
2026-02-19 10:00:00+00:00,9784.5,9007.035,8903.025,9111.045
2026-02-19 11:00:00+00:00,9711.5,8957.063,8853.054,9061.073
2026-02-19 12:00:00+00:00,9618.75,8905.302,8801.292,9009.312
2026-02-19 13:00:00+00:00,9328.25,8754.838,8650.828,8858.849
2026-02-19 14:00:00+00:00,9161.25,8682.32,8578.31,8786.33
2026-02-19 15:00:00+00:00,9059.5,8649.75,8545.74,8753.761
2026-02-19 16:00:00+00:00,9252.75,8772.818,8668.809,8876.828
2026-02-19 17:00:00+00:00,9313.0,9028.216,8924.206,9132.226
2026-02-19 18:00:00+00:00,9148.5,8730.213,8626.203,8834.224
2026-02-19 19:00:00+00:00,8758.5,8264.371,8160.361,8368.381
2026-02-19 20:00:00+00:00,8341.25,7847.8477,7743.8374,7951.8574
2026-02-19 21:00:00+00:00,7908.0,7461.961,7357.9507,7565.9707
2026-02-19 22:00:00+00:00,7363.5,7036.1543,6932.144,7140.164
2026-02-19 23:00:00+00:00,6908.0,6551.9023,6447.892,6655.9126
2026-02-20 00:00:00+00:00,6622.25,6621.392,6518.1484,6724.636
2026-02-20 01:00:00+00:00,6501.75,6390.4917,6287.248,6493.736
2026-02-20 02:00:00+00:00,6505.0,6414.3486,6311.1045,6517.593
2026-02-20 03:00:00+00:00,6785.0,6546.135,6442.891,6649.379
2026-02-20 04:00:00+00:00,7257.5,6940.704,6837.46,7043.9478
2026-02-20 05:00:00+00:00,8190.25,7938.194,7834.9497,8041.4375
2026-02-20 06:00:00+00:00,8972.75,8721.358,8618.114,8824.603
2026-02-20 07:00:00+00:00,9469.75,9089.783,8986.539,9193.027
2026-02-20 08:00:00+00:00,9824.5,9223.967,9120.724,9327.211
2026-02-20 09:00:00+00:00,9920.5,9240.406,9137.162,9343.65
2026-02-20 10:00:00+00:00,9742.75,9178.571,9075.327,9281.815
2026-02-20 11:00:00+00:00,9603.0,8987.983,8884.739,9091.228
2026-02-20 12:00:00+00:00,9384.0,8780.224,8676.9795,8883.468
2026-02-20 13:00:00+00:00,9131.75,8487.734,8384.49,8590.979
2026-02-20 14:00:00+00:00,8926.25,8349.0,8245.756,8452.244
2026-02-20 15:00:00+00:00,8796.75,8314.825,8211.581,8418.069
2026-02-20 16:00:00+00:00,8986.5,8431.517,8328.272,8534.761
2026-02-20 17:00:00+00:00,9002.5,8550.264,8447.02,8653.508
2026-02-20 18:00:00+00:00,8807.0,8407.586,8304.343,8510.83
2026-02-20 19:00:00+00:00,8392.25,7911.7295,7808.4854,8014.9736
2026-02-20 20:00:00+00:00,7972.75,7568.3623,7465.118,7671.606
2026-02-20 21:00:00+00:00,7541.75,7175.617,7072.373,7278.8613
2026-02-20 22:00:00+00:00,7016.5,6716.413,6613.169,6819.657
2026-02-20 23:00:00+00:00,6614.75,6313.6963,6210.452,6416.9404
2026-02-21 00:00:00+00:00,6415.0,6033.3276,5930.0835,6136.5713
2026-02-21 01:00:00+00:00,6213.75,5818.9814,5715.7373,5922.225
2026-02-21 02:00:00+00:00,6132.0,5755.3345,5652.091,5858.5786
2026-02-21 03:00:00+00:00,6115.0,5718.166,5614.922,5821.4097
2026-02-21 04:00:00+00:00,6213.5,5728.3745,5625.1304,5831.618
2026-02-21 05:00:00+00:00,6341.25,5824.4224,5721.1787,5927.6665
2026-02-21 06:00:00+00:00,6599.75,6075.784,5972.54,6179.028
2026-02-21 07:00:00+00:00,6838.75,6362.529,6259.2847,6465.7725
2026-02-21 08:00:00+00:00,7263.0,6761.908,6658.6646,6865.1523
2026-02-21 09:00:00+00:00,7480.25,7035.341,6932.0967,7138.5845
2026-02-21 10:00:00+00:00,7625.0,7057.752,6954.508,7160.9956
2026-02-21 11:00:00+00:00,7639.5,7014.9473,6911.703,7118.191
2026-02-21 12:00:00+00:00,7462.0,6806.8853,6703.6416,6910.1294
2026-02-21 13:00:00+00:00,7193.75,6679.62,6576.376,6782.864
2026-02-21 14:00:00+00:00,7083.25,6657.5913,6554.3477,6760.8354
2026-02-21 15:00:00+00:00,7117.5,6720.8716,6617.628,6824.1157
2026-02-21 16:00:00+00:00,7327.25,6895.774,6792.5303,6999.018
2026-02-21 17:00:00+00:00,7384.5,7081.6743,6978.43,7184.9185
2026-02-21 18:00:00+00:00,7141.0,6918.5547,6815.311,7021.799
2026-02-21 19:00:00+00:00,6693.0,6638.663,6535.419,6741.907
2026-02-21 20:00:00+00:00,6541.75,6349.7783,6246.534,6453.022
2026-02-21 21:00:00+00:00,6303.25,6126.9956,6023.752,6230.2397
2026-02-21 22:00:00+00:00,5874.75,5786.106,5682.8623,5889.35
2026-02-21 23:00:00+00:00,5523.75,5432.178,5328.934,5535.422
2026-02-22 00:00:00+00:00,5306.75,5145.9463,5042.702,5249.1904
2026-02-22 01:00:00+00:00,5108.75,5027.0664,4923.8223,5130.3105
2026-02-22 02:00:00+00:00,5113.75,4989.971,4886.7275,5093.2153
2026-02-22 03:00:00+00:00,5242.25,5037.242,4933.998,5140.4863
2026-02-22 04:00:00+00:00,5266.5,4991.055,4887.8115,5094.2993
2026-02-22 05:00:00+00:00,5306.0,5108.254,5005.0103,5211.498
2026-02-22 06:00:00+00:00,5545.25,5439.7896,5336.5454,5543.0337
2026-02-22 07:00:00+00:00,5953.5,5752.6606,5649.4165,5855.905
2026-02-22 08:00:00+00:00,6288.5,6167.8257,6064.582,6271.07
2026-02-22 09:00:00+00:00,6532.75,6420.703,6317.459,6523.9473
2026-02-22 10:00:00+00:00,6807.25,6546.305,6443.061,6649.549
2026-02-22 11:00:00+00:00,6849.75,6526.739,6423.495,6629.983
2026-02-22 12:00:00+00:00,6617.5,6313.9697,6210.726,6417.214
2026-02-22 13:00:00+00:00,6480.75,6169.9116,6066.668,6273.156
2026-02-22 14:00:00+00:00,6415.25,6095.552,5992.308,6198.796
2026-02-22 15:00:00+00:00,6468.25,6205.997,6102.753,6309.2407
2026-02-22 16:00:00+00:00,6875.75,6530.4507,6427.2065,6633.6943
2026-02-22 17:00:00+00:00,7047.5,6788.742,6685.498,6891.986
2026-02-22 18:00:00+00:00,6878.0,6819.6104,6716.366,6922.854
2026-02-22 19:00:00+00:00,6633.5,6685.1226,6581.879,6788.3667
2026-02-22 20:00:00+00:00,6510.0,6467.083,6363.8394,6570.327
2026-02-22 21:00:00+00:00,6477.0,6266.6675,6163.4233,6369.911
2026-02-22 22:00:00+00:00,6208.25,5963.4814,5860.238,6066.7256
2026-02-22 23:00:00+00:00,5919.25,5667.1606,5563.917,5770.405
2026-02-23 00:00:00+00:00,5584.25,5450.788,5347.5444,5554.032
2026-02-23 01:00:00+00:00,5562.75,5374.539,5271.295,5477.783
2026-02-23 02:00:00+00:00,5709.5,5485.112,5381.8677,5588.356
2026-02-23 03:00:00+00:00,5958.25,5911.5,5808.256,6014.7437
2026-02-23 04:00:00+00:00,6522.0,6634.156,6530.9116,6737.4
2026-02-23 05:00:00+00:00,7691.25,7637.924,7534.6797,7741.168
2026-02-23 06:00:00+00:00,8514.5,8366.981,8263.737,8470.226
2026-02-23 07:00:00+00:00,8899.75,8695.531,8592.287,8798.775
2026-02-23 08:00:00+00:00,9057.5,8860.484,8757.24,8963.729
2026-02-23 09:00:00+00:00,9295.0,8932.648,8829.404,9035.893
2026-02-23 10:00:00+00:00,9307.0,8834.62,8731.377,8937.864
2026-02-23 11:00:00+00:00,9128.0,8598.062,8494.817,8701.306
2026-02-23 12:00:00+00:00,9028.75,8388.962,8285.718,8492.206
2026-02-23 13:00:00+00:00,8659.25,8172.855,8069.6113,8276.1
2026-02-23 14:00:00+00:00,8304.5,8004.2925,7901.049,8107.5366
2026-02-23 15:00:00+00:00,8299.0,8020.5503,7917.306,8123.794
2026-02-23 16:00:00+00:00,8590.0,8026.2964,7923.0522,8129.5405
2026-02-23 17:00:00+00:00,8682.75,8097.097,7993.853,8200.341
2026-02-23 18:00:00+00:00,8485.25,7759.9556,7656.7114,7863.199
2026-02-23 19:00:00+00:00,8097.5,7339.7075,7236.4634,7442.9517
2026-02-23 20:00:00+00:00,7720.5,7023.4873,6920.243,7126.731
2026-02-23 21:00:00+00:00,7114.5,6670.821,6567.5767,6774.065
2026-02-23 22:00:00+00:00,6587.5,6218.948,6115.704,6322.1924
2026-02-23 23:00:00+00:00,6219.75,5838.523,5735.279,5941.7666
2026-02-24 00:00:00+00:00,5964.5,5629.319,5526.0747,5732.5625
2026-02-24 01:00:00+00:00,5921.25,5531.3916,5428.1475,5634.6353
2026-02-24 02:00:00+00:00,6004.25,5602.39,5499.1465,5705.6343
2026-02-24 03:00:00+00:00,6267.0,5875.5996,5772.3555,5978.8438
2026-02-24 04:00:00+00:00,6787.0,6625.321,6522.0767,6728.5645
2026-02-24 05:00:00+00:00,7867.5,7550.108,7446.8643,7653.352
2026-02-24 06:00:00+00:00,8626.5,8378.797,8275.553,8482.04
2026-02-24 07:00:00+00:00,9054.25,8655.575,8552.331,8758.819
2026-02-24 08:00:00+00:00,9184.25,8733.5625,8630.318,8836.807
2026-02-24 09:00:00+00:00,9357.75,8803.236,8699.993,8906.48
2026-02-24 10:00:00+00:00,9358.25,8701.438,8598.194,8804.683
2026-02-24 11:00:00+00:00,9192.5,8562.346,8459.102,8665.59
2026-02-24 12:00:00+00:00,9166.0,8405.373,8302.129,8508.617
2026-02-24 13:00:00+00:00,9044.0,8200.623,8097.3794,8303.867
2026-02-24 14:00:00+00:00,8954.0,7937.3423,7834.098,8040.586
2026-02-24 15:00:00+00:00,8730.75,7910.259,7807.0146,8013.5024
2026-02-24 16:00:00+00:00,8844.75,7961.7065,7858.4624,8064.9507
2026-02-24 17:00:00+00:00,8919.5,8189.437,8086.193,8292.681
2026-02-24 18:00:00+00:00,8788.75,7942.844,7839.6,8046.088
2026-02-24 19:00:00+00:00,8382.0,7460.269,7357.025,7563.5127
2026-02-24 20:00:00+00:00,7892.25,7024.098,6920.854,7127.3423
2026-02-24 21:00:00+00:00,7349.0,6610.624,6507.38,6713.8677
2026-02-24 22:00:00+00:00,6841.5,6175.641,6072.397,6278.885
2026-02-24 23:00:00+00:00,6448.0,5698.643,5595.399,5801.8867
2026-02-25 00:00:00+00:00,6159.0,5494.2993,5391.0557,5597.5435
2026-02-25 01:00:00+00:00,6093.0,5403.9517,5300.7075,5507.196
2026-02-25 02:00:00+00:00,6164.25,5458.312,5355.068,5561.556
2026-02-25 03:00:00+00:00,6414.75,5863.861,5760.6167,5967.1045
2026-02-25 04:00:00+00:00,6856.75,6541.4326,6438.1885,6644.677
2026-02-25 05:00:00+00:00,7877.75,7470.622,7367.378,7573.866
2026-02-25 06:00:00+00:00,8621.5,8205.806,8102.562,8309.05
2026-02-25 07:00:00+00:00,9100.0,8288.975,8185.731,8392.219
2026-02-25 08:00:00+00:00,9065.0,8403.2295,8299.985,8506.474
2026-02-25 09:00:00+00:00,9092.0,8403.893,8300.649,8507.137
2026-02-25 10:00:00+00:00,9009.0,8167.8584,8064.6143,8271.103
2026-02-25 11:00:00+00:00,8742.5,7892.813,7789.5693,7996.057
2026-02-25 12:00:00+00:00,8380.5,7573.145,7469.9014,7676.389
2026-02-25 13:00:00+00:00,8054.75,7334.6274,7231.3833,7437.871
2026-02-25 14:00:00+00:00,7955.75,7199.1973,7095.9536,7302.4414
2026-02-25 15:00:00+00:00,7930.0,7260.6147,7157.3706,7363.8584
2026-02-25 16:00:00+00:00,8093.25,7494.1733,7390.929,7597.417
2026-02-25 17:00:00+00:00,8356.0,7741.213,7637.9688,7844.4565
2026-02-25 18:00:00+00:00,8318.75,7489.5205,7386.2764,7592.7646
2026-02-25 19:00:00+00:00,7945.5,7180.7207,7077.4766,7283.9644
2026-02-25 20:00:00+00:00,7607.75,6935.1655,6831.922,7038.4097
2026-02-25 21:00:00+00:00,7130.0,6571.358,6468.114,6674.602
2026-02-25 22:00:00+00:00,6646.0,6052.8853,5949.641,6156.1294
2026-02-25 23:00:00+00:00,6278.5,5705.742,5602.498,5808.986
2026-02-26 00:00:00+00:00,6012.75,5469.809,5366.565,5573.0527
2026-02-26 01:00:00+00:00,5933.25,5341.2334,5237.9893,5444.477
2026-02-26 02:00:00+00:00,5965.75,5453.2646,5350.021,5556.509
2026-02-26 03:00:00+00:00,6136.5,5857.6284,5754.385,5960.8726
2026-02-26 04:00:00+00:00,6657.0,6573.3486,6470.1045,6676.593
2026-02-26 05:00:00+00:00,7698.0,7534.205,7430.961,7637.4487
2026-02-26 06:00:00+00:00,8496.75,8238.863,8135.619,8342.107
2026-02-26 07:00:00+00:00,9057.0,8483.763,8380.519,8587.007
2026-02-26 08:00:00+00:00,9127.0,8472.615,8369.371,8575.859
2026-02-26 09:00:00+00:00,9034.25,8377.446,8274.202,8480.69
2026-02-26 10:00:00+00:00,8822.25,8072.67,7969.426,8175.914
2026-02-26 11:00:00+00:00,8419.5,7713.5874,7610.3438,7816.8315
2026-02-26 12:00:00+00:00,8011.25,7503.5664,7400.3223,7606.81
2026-02-26 13:00:00+00:00,7768.0,7310.4116,7207.1675,7413.656
2026-02-26 14:00:00+00:00,7607.0,7084.7373,6981.493,7187.9814
2026-02-26 15:00:00+00:00,7737.0,7106.984,7003.7397,7210.2275
2026-02-26 16:00:00+00:00,7952.25,7327.942,7224.698,7431.186
2026-02-26 17:00:00+00:00,8206.75,7599.3745,7496.131,7702.6187
2026-02-26 18:00:00+00:00,8134.75,7324.653,7221.4087,7427.8965
2026-02-26 19:00:00+00:00,7767.0,7073.6284,6970.385,7176.8726
2026-02-26 20:00:00+00:00,7415.0,6843.5312,6740.287,6946.7754
2026-02-26 21:00:00+00:00,6957.25,6496.722,6393.478,6599.966
2026-02-26 22:00:00+00:00,6498.5,5940.6274,5837.3833,6043.8716
2026-02-26 23:00:00+00:00,6161.5,5541.696,5438.452,5644.94
2026-02-27 00:00:00+00:00,5888.75,5956.523,5854.9116,6058.135
2026-02-27 01:00:00+00:00,5841.75,5804.1333,5702.5215,5905.7446
2026-02-27 02:00:00+00:00,5915.0,5819.93,5718.319,5921.542
2026-02-27 03:00:00+00:00,6162.25,6066.2114,5964.5996,6167.8228
2026-02-27 04:00:00+00:00,6686.25,6546.2266,6444.615,6647.8384
2026-02-27 05:00:00+00:00,7768.25,7561.3906,7459.7793,7663.0024
2026-02-27 06:00:00+00:00,8515.5,8150.6196,8049.008,8252.23
2026-02-27 07:00:00+00:00,9125.0,8353.0625,8251.451,8454.675
2026-02-27 08:00:00+00:00,9172.25,8296.176,8194.564,8397.788
2026-02-27 09:00:00+00:00,8974.0,8197.129,8095.517,8298.74
2026-02-27 10:00:00+00:00,8663.5,7750.1587,7648.5474,7851.7705
2026-02-27 11:00:00+00:00,8302.25,7311.203,7209.592,7412.8145
2026-02-27 12:00:00+00:00,7966.75,6935.248,6833.636,7036.8594
2026-02-27 13:00:00+00:00,7494.75,6708.3525,6606.7407,6809.964
2026-02-27 14:00:00+00:00,7318.25,6683.0864,6581.475,6784.698
2026-02-27 15:00:00+00:00,7356.0,6767.732,6666.1206,6869.3438
2026-02-27 16:00:00+00:00,7595.25,7009.505,6907.893,7111.116
2026-02-27 17:00:00+00:00,7764.0,7230.294,7128.682,7331.9053
2026-02-27 18:00:00+00:00,7679.25,7149.789,7048.1777,7251.401
2026-02-27 19:00:00+00:00,7268.75,6780.3027,6678.6914,6881.914
2026-02-27 20:00:00+00:00,6879.0,6369.064,6267.4526,6470.676
2026-02-27 21:00:00+00:00,6469.5,5964.974,5863.3623,6066.5854
2026-02-27 22:00:00+00:00,6051.75,5591.244,5489.633,5692.856
2026-02-27 23:00:00+00:00,5719.25,5287.157,5185.5454,5388.7686
2026-02-28 00:00:00+00:00,5480.0,5072.4463,4970.835,5174.058
2026-02-28 01:00:00+00:00,5275.0,5043.2114,4941.6,5144.823
2026-02-28 02:00:00+00:00,5218.0,5084.5376,4982.926,5186.149
2026-02-28 03:00:00+00:00,5327.0,5268.2827,5166.671,5369.894
2026-02-28 04:00:00+00:00,5388.75,5394.763,5293.152,5496.3745
2026-02-28 05:00:00+00:00,5585.0,5695.5513,5593.94,5797.163
2026-02-28 06:00:00+00:00,5936.5,6007.0483,5905.4365,6108.6597
2026-02-28 07:00:00+00:00,6550.75,6244.6665,6143.0547,6346.278
2026-02-28 08:00:00+00:00,6997.0,6383.8765,6282.2646,6485.488
2026-02-28 09:00:00+00:00,7090.75,6333.4644,6231.8525,6435.0757
2026-02-28 10:00:00+00:00,6987.0,6216.9985,6115.3867,6318.61
2026-02-28 11:00:00+00:00,6832.0,6092.555,5990.9434,6194.1665
2026-02-28 12:00:00+00:00,6507.5,5911.1978,5809.5864,6012.8096
2026-02-28 13:00:00+00:00,6377.75,5858.6543,5757.043,5960.266
2026-02-28 14:00:00+00:00,6240.25,5812.5854,5710.974,5914.1973
2026-02-28 15:00:00+00:00,6301.0,6018.784,5917.173,6120.396
2026-02-28 16:00:00+00:00,6465.75,6337.4683,6235.857,6439.08
2026-02-28 17:00:00+00:00,6644.25,6635.5327,6533.921,6737.144
2026-02-28 18:00:00+00:00,6547.5,6456.53,6354.918,6558.141
2026-02-28 19:00:00+00:00,6285.25,6237.2485,6135.637,6338.8604
2026-02-28 20:00:00+00:00,6085.0,6006.5415,5904.93,6108.1533
2026-02-28 21:00:00+00:00,5810.5,5650.709,5549.097,5752.3203
2026-02-28 22:00:00+00:00,5461.0,5253.3813,5151.77,5354.993
2026-02-28 23:00:00+00:00,5275.25,4930.4897,4828.8784,5032.1016
2026-03-01 00:00:00+00:00,5036.25,4751.78,4650.1685,4853.391
2026-03-01 01:00:00+00:00,4831.5,4657.253,4555.6416,4758.8647
2026-03-01 02:00:00+00:00,4815.0,4688.664,4587.0522,4790.2754
2026-03-01 03:00:00+00:00,4867.25,4758.483,4656.871,4860.094
2026-03-01 04:00:00+00:00,4901.75,4728.135,4626.5234,4829.7466
2026-03-01 05:00:00+00:00,5021.0,4945.66,4844.049,5047.272
2026-03-01 06:00:00+00:00,5229.25,5269.4136,5167.8022,5371.025
2026-03-01 07:00:00+00:00,5786.25,5684.313,5582.7017,5785.9243
2026-03-01 08:00:00+00:00,6345.5,6051.902,5950.29,6153.513
2026-03-01 09:00:00+00:00,6610.5,6065.4556,5963.844,6167.0674
2026-03-01 10:00:00+00:00,6639.0,5952.322,5850.71,6053.933
2026-03-01 11:00:00+00:00,6544.5,5714.555,5612.9434,5816.1665
2026-03-01 12:00:00+00:00,6073.75,5449.505,5347.893,5551.116
2026-03-01 13:00:00+00:00,5727.0,5266.5186,5164.9067,5368.13
2026-03-01 14:00:00+00:00,5548.0,5226.302,5124.6904,5327.9136
2026-03-01 15:00:00+00:00,5608.0,5426.805,5325.194,5528.417
2026-03-01 16:00:00+00:00,6001.0,5719.617,5618.006,5821.2285
2026-03-01 17:00:00+00:00,6348.25,6084.6016,5982.99,6186.2134
2026-03-01 18:00:00+00:00,6405.75,6108.8413,6007.2295,6210.4526
2026-03-01 19:00:00+00:00,6246.25,6031.9546,5930.3433,6133.566
2026-03-01 20:00:00+00:00,6120.0,5876.94,5775.328,5978.5513
2026-03-01 21:00:00+00:00,6087.25,5657.32,5555.708,5758.931
2026-03-01 22:00:00+00:00,5899.0,5345.6284,5244.017,5447.24
2026-03-01 23:00:00+00:00,5676.5,5126.889,5025.278,5228.501
2026-03-02 00:00:00+00:00,5496.75,4923.8496,4822.238,5025.461
2026-03-02 01:00:00+00:00,5442.75,4895.3345,4793.7227,4996.946
2026-03-02 02:00:00+00:00,5558.0,4967.6035,4865.992,5069.2153
2026-03-02 03:00:00+00:00,5818.5,5293.6035,5191.9917,5395.215
2026-03-02 04:00:00+00:00,6320.25,5692.632,5591.02,5794.243
2026-03-02 05:00:00+00:00,7541.75,6555.836,6454.2246,6657.4478
2026-03-02 06:00:00+00:00,8484.25,7095.0635,6993.4517,7196.675
2026-03-02 07:00:00+00:00,9033.5,7463.462,7361.8506,7565.0737
2026-03-02 08:00:00+00:00,9003.25,7547.519,7445.907,7649.1304
2026-03-02 09:00:00+00:00,8736.0,7438.384,7336.7725,7539.9956
2026-03-02 10:00:00+00:00,8497.25,7194.5366,7092.9253,7296.1484
2026-03-02 11:00:00+00:00,8212.5,7077.867,6976.256,7179.479
2026-03-02 12:00:00+00:00,7862.25,6827.847,6726.236,6929.459
2026-03-02 13:00:00+00:00,7598.75,6633.5967,6531.9854,6735.2085
2026-03-02 14:00:00+00:00,7520.0,6564.793,6463.1816,6666.405
2026-03-02 15:00:00+00:00,7657.0,6677.5493,6575.9375,6779.1606
2026-03-02 16:00:00+00:00,7953.25,6829.757,6728.1455,6931.368
2026-03-02 17:00:00+00:00,8252.0,7135.815,7034.203,7237.4263
2026-03-02 18:00:00+00:00,8280.5,7016.773,6915.161,7118.3843
2026-03-02 19:00:00+00:00,7853.25,6785.4736,6683.862,6887.085
2026-03-02 20:00:00+00:00,7522.0,6435.796,6334.1846,6537.4077
2026-03-02 21:00:00+00:00,7102.0,6072.006,5970.3945,6173.6177
2026-03-02 22:00:00+00:00,6733.5,5730.498,5628.8867,5832.11
2026-03-02 23:00:00+00:00,6431.75,5446.1777,5344.5664,5547.7896
2026-03-03 00:00:00+00:00,6137.25,5258.745,5157.134,5360.357
2026-03-03 01:00:00+00:00,6072.25,5214.6045,5112.993,5316.2163
2026-03-03 02:00:00+00:00,6124.25,5268.5503,5166.9385,5370.1616
2026-03-03 03:00:00+00:00,6359.0,5580.8975,5479.286,5682.5093
2026-03-03 04:00:00+00:00,6819.25,6088.06,5986.4487,6189.672
2026-03-03 05:00:00+00:00,7964.25,6957.514,6855.903,7059.1255
2026-03-03 06:00:00+00:00,8798.25,7814.4077,7712.7964,7916.0195
2026-03-03 07:00:00+00:00,9304.5,8272.846,8171.234,8374.457
2026-03-03 08:00:00+00:00,9399.0,8293.808,8192.196,8395.419
2026-03-03 09:00:00+00:00,9293.0,8194.08,8092.4688,8295.691
2026-03-03 10:00:00+00:00,8926.0,7830.8857,7729.2744,7932.4976
2026-03-03 11:00:00+00:00,8447.25,7523.0195,7421.4077,7624.631
2026-03-03 12:00:00+00:00,8184.5,7227.02,7125.4087,7328.632
2026-03-03 13:00:00+00:00,8025.75,7043.484,6941.872,7145.095
2026-03-03 14:00:00+00:00,8026.5,7010.9683,6909.357,7112.58
2026-03-03 15:00:00+00:00,8024.0,7093.2935,6991.682,7194.9053
2026-03-03 16:00:00+00:00,8214.5,7234.8037,7133.192,7336.415
2026-03-03 17:00:00+00:00,8499.0,7498.2017,7396.59,7599.813
2026-03-03 18:00:00+00:00,8464.75,7316.011,7214.3994,7417.6226
2026-03-03 19:00:00+00:00,8063.75,7063.109,6961.4976,7164.72
2026-03-03 20:00:00+00:00,7660.25,6716.593,6614.9814,6818.2046
2026-03-03 21:00:00+00:00,7171.25,6313.307,6211.696,6414.919
2026-03-03 22:00:00+00:00,6760.5,5905.9136,5804.3022,6007.525
2026-03-03 23:00:00+00:00,6414.5,5655.842,5554.23,5757.453
2026-03-04 00:00:00+00:00,6155.75,5547.3877,5445.7764,5648.9995
2026-03-04 01:00:00+00:00,6082.75,5462.7334,5361.1216,5564.3447
2026-03-04 02:00:00+00:00,6176.75,5596.711,5495.0996,5698.3228
2026-03-04 03:00:00+00:00,6414.25,5833.5254,5731.914,5935.137
2026-03-04 04:00:00+00:00,6862.75,6500.664,6399.0522,6602.2754
2026-03-04 05:00:00+00:00,7932.75,7329.3765,7227.7646,7430.988
2026-03-04 06:00:00+00:00,8734.75,8069.9775,7968.3657,8171.589
2026-03-04 07:00:00+00:00,9354.75,8361.609,8259.998,8463.221
2026-03-04 08:00:00+00:00,9390.25,8400.076,8298.465,8501.6875
2026-03-04 09:00:00+00:00,9051.25,8249.155,8147.5444,8350.768
2026-03-04 10:00:00+00:00,8685.5,7850.781,7749.1694,7952.3926
2026-03-04 11:00:00+00:00,8294.5,7547.9434,7446.332,7649.5547
2026-03-04 12:00:00+00:00,8006.0,7267.155,7165.5435,7368.7666
2026-03-04 13:00:00+00:00,7764.5,7043.307,6941.696,7144.919
2026-03-04 14:00:00+00:00,7773.25,6995.7764,6894.165,7097.388
2026-03-04 15:00:00+00:00,7875.25,7107.1733,7005.5615,7208.7847
2026-03-04 16:00:00+00:00,8136.25,7300.928,7199.317,7402.54
2026-03-04 17:00:00+00:00,8351.75,7612.304,7510.693,7713.916
2026-03-04 18:00:00+00:00,8306.0,7454.8584,7353.247,7556.47
2026-03-04 19:00:00+00:00,7889.5,7128.1157,7026.5044,7229.7275
2026-03-04 20:00:00+00:00,7515.75,6788.577,6686.966,6890.189
2026-03-04 21:00:00+00:00,7052.5,6408.5337,6306.922,6510.145
2026-03-04 22:00:00+00:00,6649.5,5965.144,5863.5327,6066.756
2026-03-04 23:00:00+00:00,6310.0,5740.863,5639.2515,5842.474
2026-03-05 00:00:00+00:00,6063.75,5552.514,5450.9023,5654.1255
2026-03-05 01:00:00+00:00,5976.25,5493.4243,5391.813,5595.0356
2026-03-05 02:00:00+00:00,6066.0,5559.46,5457.848,5661.0713
2026-03-05 03:00:00+00:00,6293.0,5929.694,5828.082,6031.305
2026-03-05 04:00:00+00:00,6770.75,6585.938,6484.3267,6687.55
2026-03-05 05:00:00+00:00,7864.25,7566.769,7465.157,7668.3804
2026-03-05 06:00:00+00:00,8813.75,8266.322,8164.711,8367.935
2026-03-05 07:00:00+00:00,9423.25,8465.077,8363.466,8566.688
2026-03-05 08:00:00+00:00,9366.0,8428.817,8327.206,8530.43
2026-03-05 09:00:00+00:00,9046.0,8154.965,8053.353,8256.576
2026-03-05 10:00:00+00:00,8639.0,7699.342,7597.7305,7800.9536
2026-03-05 11:00:00+00:00,8245.0,7335.2046,7233.5933,7436.8164
2026-03-05 12:00:00+00:00,8000.75,7050.4614,6948.85,7152.073
2026-03-05 13:00:00+00:00,7668.25,6868.3174,6766.706,6969.929
2026-03-05 14:00:00+00:00,7608.0,6802.2646,6700.6533,6903.8765
2026-03-05 15:00:00+00:00,7725.0,6882.6143,6781.0024,6984.2256
2026-03-05 16:00:00+00:00,8031.0,7115.4272,7013.8154,7217.0386
2026-03-05 17:00:00+00:00,8329.0,7457.5913,7355.9795,7559.2026
2026-03-05 18:00:00+00:00,8337.25,7311.733,7210.1216,7413.3447
2026-03-05 19:00:00+00:00,7919.0,6956.524,6854.9126,7058.1353
2026-03-05 20:00:00+00:00,7577.5,6558.432,6456.8203,6660.0435
2026-03-05 21:00:00+00:00,7159.75,6098.656,5997.0444,6200.2676
2026-03-05 22:00:00+00:00,6728.5,5681.0757,5579.4644,5782.687
2026-03-05 23:00:00+00:00,6412.5,5350.161,5248.55,5451.7725
2026-03-06 00:00:00+00:00,6124.0,6103.4404,5998.99,6207.8906
2026-03-06 01:00:00+00:00,6029.0,5980.484,5876.0337,6084.9346
2026-03-06 02:00:00+00:00,6074.75,6001.891,5897.441,6106.3413
2026-03-06 03:00:00+00:00,6287.0,6228.4546,6124.0044,6332.905
2026-03-06 04:00:00+00:00,6692.0,6783.9644,6679.514,6888.4146
2026-03-06 05:00:00+00:00,7753.25,7827.7827,7723.3325,7932.233
2026-03-06 06:00:00+00:00,8661.25,8438.243,8333.793,8542.693
2026-03-06 07:00:00+00:00,9150.75,8526.19,8421.74,8630.641
2026-03-06 08:00:00+00:00,9233.5,8514.72,8410.269,8619.17
2026-03-06 09:00:00+00:00,9096.0,8357.159,8252.709,8461.609
2026-03-06 10:00:00+00:00,8727.0,7958.7974,7854.347,8063.248
2026-03-06 11:00:00+00:00,8377.75,7634.223,7529.7725,7738.6733
2026-03-06 12:00:00+00:00,8026.75,7343.498,7239.048,7447.9487
2026-03-06 13:00:00+00:00,7719.5,7178.6216,7074.1714,7283.0723
2026-03-06 14:00:00+00:00,7648.5,7065.4766,6961.0264,7169.927
2026-03-06 15:00:00+00:00,7682.75,7163.7705,7059.3203,7268.2207
2026-03-06 16:00:00+00:00,7820.25,7413.063,7308.613,7517.513
2026-03-06 17:00:00+00:00,7961.5,7609.4023,7504.952,7713.8525
2026-03-06 18:00:00+00:00,7881.25,7450.9927,7346.5425,7555.4434
2026-03-06 19:00:00+00:00,7423.5,7041.762,6937.312,7146.2124
2026-03-06 20:00:00+00:00,7010.0,6678.7705,6574.3203,6783.2207
2026-03-06 21:00:00+00:00,6675.75,6215.491,6111.041,6319.942
2026-03-06 22:00:00+00:00,6250.25,5894.635,5790.1846,5999.0854
2026-03-06 23:00:00+00:00,5951.25,5646.231,5541.7803,5750.681
2026-03-07 00:00:00+00:00,5699.0,5473.566,5369.1157,5578.016
2026-03-07 01:00:00+00:00,5582.5,5381.0786,5276.6284,5485.5293
2026-03-07 02:00:00+00:00,5583.75,5329.5806,5225.13,5434.031
2026-03-07 03:00:00+00:00,5684.5,5493.7144,5389.264,5598.165
2026-03-07 04:00:00+00:00,5699.75,5519.1836,5414.733,5623.634
2026-03-07 05:00:00+00:00,5944.75,5749.015,5644.5645,5853.4653
2026-03-07 06:00:00+00:00,6280.5,6107.7603,6003.31,6212.2104
2026-03-07 07:00:00+00:00,6851.5,6328.746,6224.296,6433.197
2026-03-07 08:00:00+00:00,7085.5,6565.1,6460.65,6669.551
2026-03-07 09:00:00+00:00,6884.25,6459.758,6355.3076,6564.208
2026-03-07 10:00:00+00:00,6517.0,6300.6978,6196.247,6405.148
2026-03-07 11:00:00+00:00,6184.75,5939.0405,5834.5903,6043.491
2026-03-07 12:00:00+00:00,5848.5,5636.2764,5531.826,5740.7266
2026-03-07 13:00:00+00:00,5521.25,5324.2563,5219.8057,5428.7065
2026-03-07 14:00:00+00:00,5549.0,5336.9946,5232.5444,5441.445
2026-03-07 15:00:00+00:00,5831.5,5455.065,5350.6147,5559.5156
2026-03-07 16:00:00+00:00,6236.75,5748.7124,5644.262,5853.163
2026-03-07 17:00:00+00:00,6570.25,6016.755,5912.304,6121.205
2026-03-07 18:00:00+00:00,6564.75,6001.518,5897.068,6105.9683
2026-03-07 19:00:00+00:00,6220.75,5758.533,5654.083,5862.984
2026-03-07 20:00:00+00:00,5949.75,5493.0737,5388.6235,5597.5244
2026-03-07 21:00:00+00:00,5817.0,5140.686,5036.236,5245.1367
2026-03-07 22:00:00+00:00,5537.25,4854.81,4750.3594,4959.2603
2026-03-07 23:00:00+00:00,5291.25,4634.9473,4530.497,4739.398
2026-03-08 00:00:00+00:00,5096.5,4427.7515,4323.3013,4532.2017
2026-03-08 01:00:00+00:00,4975.0,4407.926,4303.4756,4512.376
2026-03-08 02:00:00+00:00,4991.25,4486.575,4382.1245,4591.0254
2026-03-08 03:00:00+00:00,5076.0,4557.427,4452.9766,4661.877
2026-03-08 04:00:00+00:00,5171.75,4537.3857,4432.9355,4641.8364
2026-03-08 05:00:00+00:00,5265.0,4726.7676,4622.317,4831.218
2026-03-08 06:00:00+00:00,5670.75,4983.4976,4879.0474,5087.948
2026-03-08 07:00:00+00:00,6113.75,5395.9355,5291.485,5500.3857
2026-03-08 08:00:00+00:00,6233.0,5648.9067,5544.456,5753.357
2026-03-08 09:00:00+00:00,6018.0,5582.0522,5477.602,5686.5024
2026-03-08 10:00:00+00:00,5950.5,5434.7686,5330.3184,5539.219
2026-03-08 11:00:00+00:00,5798.0,5065.564,4961.1133,5170.014
2026-03-08 12:00:00+00:00,5701.75,4774.0894,4669.639,4878.5396
2026-03-08 13:00:00+00:00,5269.75,4602.189,4497.739,4706.639
2026-03-08 14:00:00+00:00,5075.5,4686.1523,4581.702,4790.6025
2026-03-08 15:00:00+00:00,5383.5,4946.5063,4842.056,5050.9565
2026-03-08 16:00:00+00:00,5862.5,5245.662,5141.212,5350.113
2026-03-08 17:00:00+00:00,6295.75,5455.441,5350.9907,5559.8916
2026-03-08 18:00:00+00:00,6354.25,5506.9927,5402.5425,5611.4434
2026-03-08 19:00:00+00:00,6119.5,5358.549,5254.0986,5462.9995
2026-03-08 20:00:00+00:00,6046.75,5253.6455,5149.1953,5358.096
2026-03-08 21:00:00+00:00,6064.5,5049.591,4945.1406,5154.0415
2026-03-08 22:00:00+00:00,5881.25,4773.9736,4669.5234,4878.424
2026-03-08 23:00:00+00:00,5683.0,4534.761,4430.311,4639.2114
2026-03-09 00:00:00+00:00,5480.0,4528.587,4424.1367,4633.037
2026-03-09 01:00:00+00:00,5431.5,4624.3716,4519.9214,4728.8223
2026-03-09 02:00:00+00:00,5501.75,4837.9863,4733.5356,4942.4365
2026-03-09 03:00:00+00:00,5766.5,5178.8306,5074.3804,5283.281
2026-03-09 04:00:00+00:00,6342.25,5676.3633,5571.913,5780.814
2026-03-09 05:00:00+00:00,7529.5,6705.593,6601.1426,6810.043
2026-03-09 06:00:00+00:00,8439.25,7476.1445,7371.694,7580.5947
2026-03-09 07:00:00+00:00,8936.75,7981.825,7877.3745,8086.2754
2026-03-09 08:00:00+00:00,9050.0,8114.398,8009.9478,8218.849
2026-03-09 09:00:00+00:00,8985.25,7957.3604,7852.91,8061.8105
2026-03-09 10:00:00+00:00,8628.0,7680.994,7576.5435,7785.4443
2026-03-09 11:00:00+00:00,8305.5,7478.9126,7374.462,7583.363
2026-03-09 12:00:00+00:00,8069.75,7242.784,7138.334,7347.235
2026-03-09 13:00:00+00:00,7977.25,7101.76,6997.3096,7206.2104
2026-03-09 14:00:00+00:00,7799.75,7013.9644,6909.514,7118.415
2026-03-09 15:00:00+00:00,7726.25,7142.954,7038.504,7247.4043
2026-03-09 16:00:00+00:00,7872.25,7369.8047,7265.3545,7474.255
2026-03-09 17:00:00+00:00,8087.75,7549.6133,7445.163,7654.0635
2026-03-09 18:00:00+00:00,8049.0,7492.203,7387.7524,7596.6533
2026-03-09 19:00:00+00:00,7602.0,7152.3306,7047.8804,7256.7812
2026-03-09 20:00:00+00:00,7194.25,6787.2324,6682.782,6891.683
2026-03-09 21:00:00+00:00,6759.75,6389.812,6285.3613,6494.262
2026-03-09 22:00:00+00:00,6320.5,5858.717,5754.2666,5963.1675
2026-03-09 23:00:00+00:00,6022.0,5576.443,5471.9927,5680.893
2026-03-10 00:00:00+00:00,5841.0,5389.087,5284.6367,5493.537
2026-03-10 01:00:00+00:00,5805.0,5419.568,5315.1177,5524.018
2026-03-10 02:00:00+00:00,5870.75,5576.3105,5471.86,5680.7607
2026-03-10 03:00:00+00:00,6111.75,5949.8784,5845.428,6054.329
2026-03-10 04:00:00+00:00,6587.25,6676.8984,6572.4478,6781.3486
2026-03-10 05:00:00+00:00,7668.25,7559.662,7455.212,7664.113
2026-03-10 06:00:00+00:00,8544.25,8095.5967,7991.146,8200.047
2026-03-10 07:00:00+00:00,8968.0,8147.6865,8043.236,8252.137
2026-03-10 08:00:00+00:00,8997.0,8252.141,8147.6904,8356.591
2026-03-10 09:00:00+00:00,8652.75,8183.0654,8078.6147,8287.516
2026-03-10 10:00:00+00:00,8270.75,7934.231,7829.781,8038.681
2026-03-10 11:00:00+00:00,7986.0,7730.6543,7626.204,7835.105
2026-03-10 12:00:00+00:00,7793.75,7480.164,7375.7134,7584.6143
2026-03-10 13:00:00+00:00,7582.75,7352.1543,7247.704,7456.605
2026-03-10 14:00:00+00:00,7546.0,7275.8447,7171.3945,7380.2954
2026-03-10 15:00:00+00:00,7697.75,7323.4136,7218.9634,7427.8643
2026-03-10 16:00:00+00:00,8088.75,7384.0835,7279.633,7488.5337
2026-03-10 17:00:00+00:00,8312.5,7491.9077,7387.4575,7596.358
2026-03-10 18:00:00+00:00,8182.5,7337.834,7233.384,7442.2847
2026-03-10 19:00:00+00:00,7758.75,6977.213,6872.7627,7081.663
2026-03-10 20:00:00+00:00,7306.25,6557.5376,6453.0874,6661.988
2026-03-10 21:00:00+00:00,6747.75,6102.912,5998.462,6207.363
2026-03-10 22:00:00+00:00,6297.25,5615.795,5511.3447,5720.2456
2026-03-10 23:00:00+00:00,5941.5,5336.5234,5232.073,5440.9736
2026-03-11 00:00:00+00:00,5724.75,5184.2646,5079.8145,5288.7153
2026-03-11 01:00:00+00:00,5559.0,5142.624,5038.174,5247.0747
2026-03-11 02:00:00+00:00,5757.25,5276.686,5172.2354,5381.136
2026-03-11 03:00:00+00:00,6013.75,5781.546,5677.0957,5885.9966
2026-03-11 04:00:00+00:00,6430.25,6671.8145,6567.3643,6776.265
2026-03-11 05:00:00+00:00,7596.0,7512.2446,7407.794,7616.695
2026-03-11 06:00:00+00:00,8489.25,8108.7114,8004.261,8213.162
2026-03-11 07:00:00+00:00,8910.0,8125.0737,8020.6235,8229.524
2026-03-11 08:00:00+00:00,8871.25,8237.033,8132.5825,8341.483
2026-03-11 09:00:00+00:00,8993.25,8251.192,8146.7417,8355.643
2026-03-11 10:00:00+00:00,9179.25,7974.1377,7869.687,8078.588
2026-03-11 11:00:00+00:00,8740.0,7812.2866,7707.8364,7916.7373
2026-03-11 12:00:00+00:00,8744.0,7662.1514,7557.701,7766.602
2026-03-11 13:00:00+00:00,8561.25,7442.474,7338.024,7546.925
2026-03-11 14:00:00+00:00,8252.0,7363.623,7259.173,7468.073
2026-03-11 15:00:00+00:00,8192.0,7359.0713,7254.621,7463.522
2026-03-11 16:00:00+00:00,8269.75,7340.034,7235.5835,7444.4844
2026-03-11 17:00:00+00:00,8384.0,7319.943,7215.4927,7424.3936
2026-03-11 18:00:00+00:00,8142.25,7065.0005,6960.5503,7169.451
2026-03-11 19:00:00+00:00,7717.0,6675.9824,6571.532,6780.4326
2026-03-11 20:00:00+00:00,7305.5,6187.143,6082.6924,6291.5933
2026-03-11 21:00:00+00:00,6853.0,5894.531,5790.08,5998.981
2026-03-11 22:00:00+00:00,6391.75,5598.0522,5493.6016,5702.5024
2026-03-11 23:00:00+00:00,6009.75,5259.588,5155.137,5364.038
2026-03-12 00:00:00+00:00,5719.25,5097.2793,4992.829,5201.73
2026-03-12 01:00:00+00:00,5560.5,5136.384,5031.933,5240.834
2026-03-12 02:00:00+00:00,5699.75,5209.887,5105.437,5314.3374
2026-03-12 03:00:00+00:00,5935.5,5583.853,5479.4023,5688.303
2026-03-12 04:00:00+00:00,6429.5,6426.1367,6321.686,6530.587
2026-03-12 05:00:00+00:00,7574.25,7361.47,7257.0195,7465.9204
2026-03-12 06:00:00+00:00,8484.0,7974.874,7870.4233,8079.324
2026-03-12 07:00:00+00:00,8919.75,8259.195,8154.745,8363.646
2026-03-12 08:00:00+00:00,8917.5,8323.52,8219.069,8427.97
2026-03-12 09:00:00+00:00,8909.75,8276.235,8171.785,8380.686
2026-03-12 10:00:00+00:00,8814.75,7987.6343,7883.1836,8092.0845
2026-03-12 11:00:00+00:00,8536.25,7708.098,7603.6475,7812.5483
2026-03-12 12:00:00+00:00,8309.5,7489.5015,7385.0513,7593.952
2026-03-12 13:00:00+00:00,8073.5,7281.482,7177.0317,7385.9326
2026-03-12 14:00:00+00:00,7812.5,7145.346,7040.896,7249.797
2026-03-12 15:00:00+00:00,7825.75,7186.9106,7082.4604,7291.361
2026-03-12 16:00:00+00:00,7970.25,7405.2183,7300.7676,7509.6685
2026-03-12 17:00:00+00:00,8192.0,7598.246,7493.796,7702.6963
2026-03-12 18:00:00+00:00,8253.5,7661.038,7556.5874,7765.4883
2026-03-12 19:00:00+00:00,7902.5,7281.1074,7176.657,7385.558
2026-03-12 20:00:00+00:00,7527.0,6893.0024,6788.5522,6997.453
2026-03-12 21:00:00+00:00,7045.25,6494.3145,6389.8643,6598.7646
2026-03-12 22:00:00+00:00,6670.0,6123.1216,6018.671,6227.572
2026-03-12 23:00:00+00:00,6390.25,5773.3276,5668.877,5877.778
