date,load_tenn_actual,load_tenn_fitted,load_tenn_lower,load_tenn_upper
2026-02-06 00:00:00+00:00,15538.41,15036.8125,14832.709,15240.915
2026-02-06 01:00:00+00:00,14967.84,15005.271,14801.168,15209.375
2026-02-06 02:00:00+00:00,14876.38,15015.026,14810.923,15219.13
2026-02-06 03:00:00+00:00,15262.04,15345.675,15141.571,15549.778
2026-02-06 04:00:00+00:00,16540.66,17075.338,16871.234,17279.441
2026-02-06 05:00:00+00:00,18791.93,19170.52,18966.416,19374.623
2026-02-06 06:00:00+00:00,20580.06,20863.775,20659.672,21067.879
2026-02-06 07:00:00+00:00,21401.42,21426.75,21222.646,21630.854
2026-02-06 08:00:00+00:00,21876.81,21822.146,21618.043,22026.25
2026-02-06 09:00:00+00:00,21766.89,21800.146,21596.045,22004.25
2026-02-06 10:00:00+00:00,21757.86,21817.398,21613.295,22021.502
2026-02-06 11:00:00+00:00,21359.06,21064.262,20860.158,21268.363
2026-02-06 12:00:00+00:00,20832.97,20148.23,19944.127,20352.334
2026-02-06 13:00:00+00:00,20321.86,19426.541,19222.438,19630.645
2026-02-06 14:00:00+00:00,20175.98,19723.986,19519.883,19928.09
2026-02-06 15:00:00+00:00,20367.02,19881.396,19677.293,20085.5
2026-02-06 16:00:00+00:00,21137.2,21398.18,21194.076,21602.283
2026-02-06 17:00:00+00:00,21437.16,21136.24,20932.137,21340.344
2026-02-06 18:00:00+00:00,20745.71,20726.52,20522.416,20930.623
2026-02-06 19:00:00+00:00,19311.58,19717.781,19513.678,19921.885
2026-02-06 20:00:00+00:00,18056.72,18816.61,18612.506,19020.71
2026-02-06 21:00:00+00:00,17735.28,18064.836,17860.732,18268.94
2026-02-06 22:00:00+00:00,16509.45,17105.842,16901.738,17309.945
2026-02-06 23:00:00+00:00,15359.69,15761.489,15557.386,15965.593
2026-02-07 00:00:00+00:00,14476.28,14846.998,14642.895,15051.102
2026-02-07 01:00:00+00:00,13909.44,14289.402,14085.299,14493.506
2026-02-07 02:00:00+00:00,13780.89,13946.295,13742.191,14150.398
2026-02-07 03:00:00+00:00,13797.07,14314.246,14110.143,14518.35
2026-02-07 04:00:00+00:00,14098.45,14419.752,14215.648,14623.855
2026-02-07 05:00:00+00:00,14709.88,15246.533,15042.43,15450.637
2026-02-07 06:00:00+00:00,15613.32,16599.703,16395.6,16803.807
2026-02-07 07:00:00+00:00,16633.54,17012.057,16807.953,17216.16
2026-02-07 08:00:00+00:00,17335.49,17901.225,17697.121,18105.328
2026-02-07 09:00:00+00:00,17621.28,17814.912,17610.81,18019.016
2026-02-07 10:00:00+00:00,17698.2,17804.387,17600.283,18008.488
2026-02-07 11:00:00+00:00,17399.28,17329.514,17125.41,17533.615
2026-02-07 12:00:00+00:00,16999.64,17547.914,17343.81,17752.018
2026-02-07 13:00:00+00:00,16600.55,17094.43,16890.326,17298.533
2026-02-07 14:00:00+00:00,16675.44,16836.084,16631.98,17040.188
2026-02-07 15:00:00+00:00,16829.84,17468.443,17264.34,17672.547
2026-02-07 16:00:00+00:00,17561.52,17230.238,17026.135,17434.342
2026-02-07 17:00:00+00:00,17941.68,17543.365,17339.262,17747.469
2026-02-07 18:00:00+00:00,17318.14,16958.57,16754.467,17162.674
2026-02-07 19:00:00+00:00,16531.92,16945.838,16741.734,17149.941
2026-02-07 20:00:00+00:00,15875.28,16094.386,15890.282,16298.489
2026-02-07 21:00:00+00:00,15247.1,15390.629,15186.525,15594.732
2026-02-07 22:00:00+00:00,14353.1,14460.143,14256.04,14664.246
2026-02-07 23:00:00+00:00,13545.89,13690.65,13486.548,13894.754
2026-02-08 00:00:00+00:00,12820.11,13081.439,12877.336,13285.543
2026-02-08 01:00:00+00:00,12480.4,12782.848,12578.744,12986.951
2026-02-08 02:00:00+00:00,12165.31,12867.17,12663.066,13071.273
2026-02-08 03:00:00+00:00,12332.7,12927.864,12723.762,13131.968
2026-02-08 04:00:00+00:00,12489.2,12848.848,12644.744,13052.951
2026-02-08 05:00:00+00:00,12911.81,13549.892,13345.788,13753.995
2026-02-08 06:00:00+00:00,13776.37,14684.69,14480.587,14888.794
2026-02-08 07:00:00+00:00,14877.56,15439.171,15235.067,15643.273
2026-02-08 08:00:00+00:00,15556.91,16405.861,16201.759,16609.965
2026-02-08 09:00:00+00:00,15798.84,17232.268,17028.164,17436.371
2026-02-08 10:00:00+00:00,16199.16,16950.523,16746.42,17154.627
2026-02-08 11:00:00+00:00,16108.51,16639.73,16435.627,16843.834
2026-02-08 12:00:00+00:00,15580.58,15878.94,15674.837,16083.044
2026-02-08 13:00:00+00:00,15031.78,15403.41,15199.307,15607.514
2026-02-08 14:00:00+00:00,15270.95,15598.2295,15394.126,15802.333
2026-02-08 15:00:00+00:00,15693.08,16616.477,16412.373,16820.58
2026-02-08 16:00:00+00:00,16948.68,17668.623,17464.52,17872.727
2026-02-08 17:00:00+00:00,17624.18,17643.104,17439.0,17847.207
2026-02-08 18:00:00+00:00,17191.56,17739.36,17535.256,17943.46
2026-02-08 19:00:00+00:00,16603.19,17106.926,16902.822,17311.03
2026-02-08 20:00:00+00:00,16090.12,15684.418,15480.314,15888.521
2026-02-08 21:00:00+00:00,15631.55,15384.095,15179.991,15588.198
2026-02-08 22:00:00+00:00,14878.33,14867.2295,14663.126,15071.333
2026-02-08 23:00:00+00:00,14777.34,14145.571,13941.469,14349.675
2026-02-09 00:00:00+00:00,14326.3,14010.972,13806.868,14215.075
2026-02-09 01:00:00+00:00,13915.62,13718.562,13514.459,13922.665
2026-02-09 02:00:00+00:00,13725.39,13351.97,13147.866,13556.073
2026-02-09 03:00:00+00:00,14100.83,14628.929,14424.826,14833.032
2026-02-09 04:00:00+00:00,15561.26,15493.802,15289.698,15697.905
2026-02-09 05:00:00+00:00,18068.76,17882.207,17678.104,18086.31
2026-02-09 06:00:00+00:00,19972.92,20050.252,19846.15,20254.355
2026-02-09 07:00:00+00:00,20853.26,21460.068,21255.965,21664.172
2026-02-09 08:00:00+00:00,21003.35,21667.24,21463.137,21871.344
2026-02-09 09:00:00+00:00,21156.35,21770.178,21566.074,21974.281
2026-02-09 10:00:00+00:00,21096.55,21940.406,21736.303,22144.51
2026-02-09 11:00:00+00:00,20930.21,21006.496,20802.393,21210.6
2026-02-09 12:00:00+00:00,20618.22,20280.365,20076.262,20484.469
2026-02-09 13:00:00+00:00,20337.96,20484.996,20280.893,20689.098
2026-02-09 14:00:00+00:00,20394.51,20066.709,19862.605,20270.812
2026-02-09 15:00:00+00:00,20424.7,20254.156,20050.053,20458.26
2026-02-09 16:00:00+00:00,20957.56,20637.016,20432.912,20841.12
2026-02-09 17:00:00+00:00,21195.9,21223.379,21019.275,21427.482
2026-02-09 18:00:00+00:00,20690.63,19368.008,19163.904,19572.111
2026-02-09 19:00:00+00:00,19694.63,19445.04,19240.936,19649.143
2026-02-09 20:00:00+00:00,18711.38,18878.533,18674.43,19082.637
2026-02-09 21:00:00+00:00,17997.64,17443.197,17239.094,17647.3
2026-02-09 22:00:00+00:00,16742.47,16214.69,16010.587,16418.793
2026-02-09 23:00:00+00:00,15604.34,15000.074,14795.971,15204.178
2026-02-10 00:00:00+00:00,14950.66,14621.225,14417.121,14825.328
2026-02-10 01:00:00+00:00,14708.78,14217.097,14012.993,14421.2
2026-02-10 02:00:00+00:00,14676.07,13966.506,13762.402,14170.609
2026-02-10 03:00:00+00:00,15089.33,14671.303,14467.199,14875.405
2026-02-10 04:00:00+00:00,16170.04,15965.469,15761.365,16169.572
2026-02-10 05:00:00+00:00,18558.76,18400.225,18196.121,18604.328
2026-02-10 06:00:00+00:00,20115.26,20606.93,20402.826,20811.033
2026-02-10 07:00:00+00:00,20692.26,21760.52,21556.416,21964.623
2026-02-10 08:00:00+00:00,20522.98,21820.129,21616.025,22024.232
2026-02-10 09:00:00+00:00,20685.97,21144.676,20940.572,21348.78
2026-02-10 10:00:00+00:00,20668.02,21244.314,21040.21,21448.418
2026-02-10 11:00:00+00:00,20021.01,20794.783,20590.682,20998.887
2026-02-10 12:00:00+00:00,19370.34,19741.941,19537.838,19946.045
2026-02-10 13:00:00+00:00,19201.22,19383.852,19179.748,19587.955
2026-02-10 14:00:00+00:00,19448.41,20490.938,20286.834,20695.041
2026-02-10 15:00:00+00:00,19574.48,20710.383,20506.28,20914.486
2026-02-10 16:00:00+00:00,20316.39,21385.523,21181.42,21589.627
2026-02-10 17:00:00+00:00,20783.33,20979.277,20775.174,21183.38
2026-02-10 18:00:00+00:00,20292.2,20665.297,20461.193,20869.4
2026-02-10 19:00:00+00:00,19168.44,19535.758,19331.654,19739.861
2026-02-10 20:00:00+00:00,18110.29,18304.227,18100.123,18508.33
2026-02-10 21:00:00+00:00,17357.43,17099.172,16895.068,17303.275
2026-02-10 22:00:00+00:00,16244.01,15683.411,15479.308,15887.515
2026-02-10 23:00:00+00:00,15243.92,14819.768,14615.664,15023.871
2026-02-11 00:00:00+00:00,14620.68,14652.701,14448.599,14856.805
2026-02-11 01:00:00+00:00,14231.37,14604.435,14400.331,14808.538
2026-02-11 02:00:00+00:00,14395.11,14260.438,14056.335,14464.542
2026-02-11 03:00:00+00:00,14758.21,14115.815,13911.712,14319.919
2026-02-11 04:00:00+00:00,16072.78,15832.939,15628.836,16037.043
2026-02-11 05:00:00+00:00,18551.42,18292.182,18088.078,18496.285
2026-02-11 06:00:00+00:00,20268.73,20287.12,20083.016,20491.223
2026-02-11 07:00:00+00:00,20840.98,21407.432,21203.328,21611.535
2026-02-11 08:00:00+00:00,21110.76,21425.232,21221.129,21629.336
2026-02-11 09:00:00+00:00,21408.39,21218.06,21013.957,21422.164
2026-02-11 10:00:00+00:00,21492.11,20647.635,20443.531,20851.738
2026-02-11 11:00:00+00:00,21419.78,20806.863,20602.76,21010.967
2026-02-11 12:00:00+00:00,21249.38,20701.914,20497.81,20906.018
2026-02-11 13:00:00+00:00,20858.98,20475.71,20271.607,20679.812
2026-02-11 14:00:00+00:00,20736.02,19710.793,19506.69,19914.896
2026-02-11 15:00:00+00:00,20656.29,19583.064,19378.96,19787.168
2026-02-11 16:00:00+00:00,21338.02,21165.35,20961.246,21369.453
2026-02-11 17:00:00+00:00,21681.14,21042.744,20838.64,21246.848
2026-02-11 18:00:00+00:00,20946.28,20242.723,20038.62,20446.826
2026-02-11 19:00:00+00:00,19849.78,19688.107,19484.004,19892.21
2026-02-11 20:00:00+00:00,18272.76,18694.752,18490.65,18898.855
2026-02-11 21:00:00+00:00,17261.86,17417.453,17213.35,17621.557
2026-02-11 22:00:00+00:00,15831.25,16136.081,15931.978,16340.185
2026-02-11 23:00:00+00:00,14934.92,15369.545,15165.441,15573.648
2026-02-12 00:00:00+00:00,14475.54,14863.875,14659.771,15067.979
2026-02-12 01:00:00+00:00,14132.3,14707.345,14503.241,14911.448
2026-02-12 02:00:00+00:00,14239.96,14609.001,14404.897,14813.1045
2026-02-12 03:00:00+00:00,14762.9,14743.292,14539.188,14947.395
2026-02-12 04:00:00+00:00,15877.86,16160.797,15956.693,16364.9
2026-02-12 05:00:00+00:00,18213.33,18401.234,18197.13,18605.338
2026-02-12 06:00:00+00:00,20158.94,20443.371,20239.268,20647.475
2026-02-12 07:00:00+00:00,20682.58,21565.43,21361.326,21769.533
2026-02-12 08:00:00+00:00,20680.52,21313.408,21109.305,21517.512
2026-02-12 09:00:00+00:00,20801.15,20590.11,20386.006,20794.213
2026-02-12 10:00:00+00:00,21068.09,21099.984,20895.88,21304.088
2026-02-12 11:00:00+00:00,21173.78,20572.223,20368.12,20776.326
2026-02-12 12:00:00+00:00,20962.5,20334.02,20129.916,20538.123
2026-02-12 13:00:00+00:00,20653.4,21002.594,20798.49,21206.697
2026-02-12 14:00:00+00:00,20309.37,21254.486,21050.383,21458.59
2026-02-12 15:00:00+00:00,20580.11,21576.412,21372.309,21780.516
2026-02-12 16:00:00+00:00,21136.24,21587.059,21382.955,21791.162
2026-02-12 17:00:00+00:00,21317.77,21501.422,21297.32,21705.527
2026-02-12 18:00:00+00:00,20846.19,20529.383,20325.28,20733.486
2026-02-12 19:00:00+00:00,19890.08,19861.354,19657.25,20065.457
2026-02-12 20:00:00+00:00,18808.81,18348.035,18143.932,18552.139
2026-02-12 21:00:00+00:00,17725.52,17433.846,17229.742,17637.95
2026-02-12 22:00:00+00:00,16487.02,16598.152,16394.049,16802.256
2026-02-12 23:00:00+00:00,15114.18,15327.322,15123.219,15531.426
2026-02-13 00:00:00+00:00,14500.93,14225.469,14022.013,14428.925
2026-02-13 01:00:00+00:00,14212.54,13759.785,13556.329,13963.241
2026-02-13 02:00:00+00:00,14226.84,13816.735,13613.279,14020.191
2026-02-13 03:00:00+00:00,14544.67,14222.627,14019.171,14426.083
2026-02-13 04:00:00+00:00,15901.25,14695.548,14492.092,14899.004
2026-02-13 05:00:00+00:00,18852.56,17405.71,17202.254,17609.166
2026-02-13 06:00:00+00:00,20451.92,19702.002,19498.547,19905.459
2026-02-13 07:00:00+00:00,21044.63,20722.656,20519.2,20926.111
2026-02-13 08:00:00+00:00,21250.37,21030.824,20827.37,21234.28
2026-02-13 09:00:00+00:00,21662.26,19850.857,19647.4,20054.314
2026-02-13 10:00:00+00:00,21568.53,19966.72,19763.264,20170.176
2026-02-13 11:00:00+00:00,20965.77,19919.041,19715.586,20122.498
2026-02-13 12:00:00+00:00,20280.95,19590.678,19387.22,19794.133
2026-02-13 13:00:00+00:00,19609.45,19294.273,19090.816,19497.729
2026-02-13 14:00:00+00:00,19525.51,19320.84,19117.383,19524.295
2026-02-13 15:00:00+00:00,19676.47,19239.13,19035.674,19442.586
2026-02-13 16:00:00+00:00,20461.07,19289.39,19085.936,19492.848
2026-02-13 17:00:00+00:00,20719.48,19784.111,19580.654,19987.566
2026-02-13 18:00:00+00:00,20014.0,18804.963,18601.506,19008.418
2026-02-13 19:00:00+00:00,18956.23,18049.055,17845.598,18252.51
2026-02-13 20:00:00+00:00,18056.58,17920.611,17717.154,18124.066
2026-02-13 21:00:00+00:00,17275.79,16657.494,16454.037,16860.95
2026-02-13 22:00:00+00:00,16283.75,15179.964,14976.508,15383.42
2026-02-13 23:00:00+00:00,15213.01,14589.359,14385.902,14792.815
2026-02-14 00:00:00+00:00,14521.11,14435.557,14232.101,14639.013
2026-02-14 01:00:00+00:00,14181.73,13420.026,13216.57,13623.482
2026-02-14 02:00:00+00:00,13963.39,12874.293,12670.837,13077.749
2026-02-14 03:00:00+00:00,13962.73,12703.16,12499.704,12906.616
2026-02-14 04:00:00+00:00,14405.47,12813.385,12609.929,13016.841
2026-02-14 05:00:00+00:00,15159.55,13735.727,13532.2705,13939.183
2026-02-14 06:00:00+00:00,15942.72,15019.325,14815.869,15222.781
2026-02-14 07:00:00+00:00,16831.9,16453.314,16249.858,16656.771
2026-02-14 08:00:00+00:00,17294.47,16416.12,16212.663,16619.576
2026-02-14 09:00:00+00:00,17810.45,16285.6455,16082.189,16489.102
2026-02-14 10:00:00+00:00,18234.7,16861.746,16658.291,17065.203
2026-02-14 11:00:00+00:00,17969.52,16918.162,16714.707,17121.62
2026-02-14 12:00:00+00:00,17661.57,16082.757,15879.301,16286.213
2026-02-14 13:00:00+00:00,17223.73,15623.436,15419.9795,15826.892
2026-02-14 14:00:00+00:00,17093.22,15624.514,15421.058,15827.97
2026-02-14 15:00:00+00:00,17497.76,16689.846,16486.39,16893.303
2026-02-14 16:00:00+00:00,18282.29,17676.268,17472.812,17879.725
2026-02-14 17:00:00+00:00,18579.98,17258.703,17055.246,17462.158
2026-02-14 18:00:00+00:00,17886.17,16756.307,16552.852,16959.764
2026-02-14 19:00:00+00:00,16902.28,16190.389,15986.933,16393.846
2026-02-14 20:00:00+00:00,16241.4,15696.344,15492.888,15899.8
2026-02-14 21:00:00+00:00,16020.58,15537.901,15334.445,15741.357
2026-02-14 22:00:00+00:00,15107.04,14182.668,13979.212,14386.124
2026-02-14 23:00:00+00:00,14003.74,13974.877,13771.421,14178.333
2026-02-15 00:00:00+00:00,13553.5,13493.691,13290.235,13697.147
2026-02-15 01:00:00+00:00,13039.24,13039.666,12836.21,13243.122
2026-02-15 02:00:00+00:00,12785.34,12563.949,12360.493,12767.405
2026-02-15 03:00:00+00:00,12670.56,12696.605,12493.149,12900.061
2026-02-15 04:00:00+00:00,12928.84,13290.561,13087.1045,13494.017
2026-02-15 05:00:00+00:00,13066.31,13845.399,13641.943,14048.856
2026-02-15 06:00:00+00:00,13849.46,14584.252,14380.796,14787.708
2026-02-15 07:00:00+00:00,14816.16,15014.658,14811.202,15218.114
2026-02-15 08:00:00+00:00,15294.05,16403.2,16199.743,16606.654
2026-02-15 09:00:00+00:00,15599.08,16228.049,16024.593,16431.504
2026-02-15 10:00:00+00:00,15832.29,16590.844,16387.389,16794.3
2026-02-15 11:00:00+00:00,15619.34,16837.436,16633.98,17040.893
2026-02-15 12:00:00+00:00,15117.56,16348.307,16144.851,16551.762
2026-02-15 13:00:00+00:00,14329.02,15911.912,15708.456,16115.368
2026-02-15 14:00:00+00:00,14354.96,15974.118,15770.662,16177.574
2026-02-15 15:00:00+00:00,15169.12,16633.662,16430.207,16837.12
2026-02-15 16:00:00+00:00,16445.67,17459.205,17255.748,17662.66
2026-02-15 17:00:00+00:00,17682.73,18142.861,17939.406,18346.318
2026-02-15 18:00:00+00:00,17551.75,17486.469,17283.012,17689.924
2026-02-15 19:00:00+00:00,17338.74,16767.375,16563.92,16970.832
2026-02-15 20:00:00+00:00,16723.43,16116.491,15913.035,16319.947
2026-02-15 21:00:00+00:00,16128.31,15964.632,15761.176,16168.088
2026-02-15 22:00:00+00:00,15509.73,15167.961,14964.505,15371.417
2026-02-15 23:00:00+00:00,14942.87,14006.886,13803.43,14210.342
2026-02-16 00:00:00+00:00,14303.96,14517.889,14314.433,14721.345
2026-02-16 01:00:00+00:00,13900.26,14646.761,14443.305,14850.217
2026-02-16 02:00:00+00:00,13725.55,14203.408,13999.952,14406.864
2026-02-16 03:00:00+00:00,14141.12,14897.667,14694.211,15101.123
2026-02-16 04:00:00+00:00,15311.8,15472.153,15268.697,15675.609
2026-02-16 05:00:00+00:00,17734.69,18197.346,17993.889,18400.8
2026-02-16 06:00:00+00:00,19679.74,20212.906,20009.451,20416.363
2026-02-16 07:00:00+00:00,20857.21,21702.588,21499.133,21906.043
2026-02-16 08:00:00+00:00,20970.97,22281.69,22078.232,22485.145
2026-02-16 09:00:00+00:00,21170.41,22228.312,22024.857,22431.768
2026-02-16 10:00:00+00:00,21283.43,21915.912,21712.457,22119.37
2026-02-16 11:00:00+00:00,20775.62,21785.684,21582.229,21989.14
2026-02-16 12:00:00+00:00,20530.76,21236.875,21033.42,21440.332
2026-02-16 13:00:00+00:00,19645.53,20583.61,20380.152,20787.064
2026-02-16 14:00:00+00:00,19717.93,20416.373,20212.918,20619.83
2026-02-16 15:00:00+00:00,19834.92,20492.895,20289.438,20696.35
2026-02-16 16:00:00+00:00,20541.24,21295.252,21091.795,21498.707
2026-02-16 17:00:00+00:00,21087.29,21379.152,21175.695,21582.607
2026-02-16 18:00:00+00:00,20363.71,20361.621,20158.164,20565.076
2026-02-16 19:00:00+00:00,19211.86,19718.771,19515.316,19922.227
2026-02-16 20:00:00+00:00,18134.97,18658.924,18455.469,18862.38
2026-02-16 21:00:00+00:00,17299.07,17469.041,17265.586,17672.498
2026-02-16 22:00:00+00:00,16408.42,15870.755,15667.299,16074.211
2026-02-16 23:00:00+00:00,15493.61,14961.457,14758.001,15164.913
2026-02-17 00:00:00+00:00,14851.01,14892.078,14688.622,15095.534
2026-02-17 01:00:00+00:00,14520.12,14315.815,14112.359,14519.271
2026-02-17 02:00:00+00:00,14672.02,14476.181,14272.725,14679.637
2026-02-17 03:00:00+00:00,15109.1,14833.471,14630.015,15036.927
2026-02-17 04:00:00+00:00,16180.37,16057.114,15853.658,16260.57
2026-02-17 05:00:00+00:00,18412.98,18374.62,18171.164,18578.076
2026-02-17 06:00:00+00:00,20151.78,20120.727,19917.271,20324.184
2026-02-17 07:00:00+00:00,20970.88,21104.775,20901.32,21308.232
2026-02-17 08:00:00+00:00,21115.66,20779.564,20576.107,20983.02
2026-02-17 09:00:00+00:00,21139.01,21072.465,20869.008,21275.922
2026-02-17 10:00:00+00:00,20924.42,20930.736,20727.28,21134.191
2026-02-17 11:00:00+00:00,20926.03,21047.273,20843.818,21250.73
2026-02-17 12:00:00+00:00,20575.74,19959.66,19756.203,20163.115
2026-02-17 13:00:00+00:00,20103.36,18730.725,18527.268,18934.18
2026-02-17 14:00:00+00:00,19786.2,18755.969,18552.514,18959.426
2026-02-17 15:00:00+00:00,20161.71,18883.89,18680.434,19087.346
2026-02-17 16:00:00+00:00,20896.11,19551.12,19347.662,19754.574
2026-02-17 17:00:00+00:00,21332.69,20915.37,20711.914,21118.826
2026-02-17 18:00:00+00:00,20638.7,19883.084,19679.629,20086.541
2026-02-17 19:00:00+00:00,19527.16,18352.188,18148.732,18555.645
2026-02-17 20:00:00+00:00,18648.2,17630.229,17426.771,17833.684
2026-02-17 21:00:00+00:00,17829.19,16798.246,16594.791,17001.703
2026-02-17 22:00:00+00:00,16782.09,15600.383,15396.927,15803.839
2026-02-17 23:00:00+00:00,16170.26,15143.092,14939.636,15346.549
2026-02-18 00:00:00+00:00,15431.28,14999.291,14795.835,15202.747
2026-02-18 01:00:00+00:00,15093.39,14520.869,14317.413,14724.325
2026-02-18 02:00:00+00:00,14949.37,14399.718,14196.262,14603.174
2026-02-18 03:00:00+00:00,15368.02,14802.712,14599.256,15006.169
2026-02-18 04:00:00+00:00,16348.95,15794.594,15591.138,15998.05
2026-02-18 05:00:00+00:00,18524.0,17079.2,16875.744,17282.656
2026-02-18 06:00:00+00:00,19865.57,18859.117,18655.66,19062.572
2026-02-18 07:00:00+00:00,20641.47,19959.227,19755.771,20162.684
2026-02-18 08:00:00+00:00,21020.65,19933.723,19730.266,20137.178
2026-02-18 09:00:00+00:00,21582.54,19593.252,19389.797,19796.709
2026-02-18 10:00:00+00:00,21661.82,19318.283,19114.826,19521.738
2026-02-18 11:00:00+00:00,20972.59,19086.04,18882.584,19289.496
2026-02-18 12:00:00+00:00,20441.18,19036.113,18832.658,19239.568
2026-02-18 13:00:00+00:00,19814.34,17984.264,17780.809,18187.72
2026-02-18 14:00:00+00:00,19523.02,17906.693,17703.236,18110.148
2026-02-18 15:00:00+00:00,19837.55,18849.736,18646.281,19053.193
2026-02-18 16:00:00+00:00,20808.4,20251.932,20048.477,20455.389
2026-02-18 17:00:00+00:00,21772.31,20660.37,20456.912,20863.824
2026-02-18 18:00:00+00:00,21785.83,19538.074,19334.617,19741.531
2026-02-18 19:00:00+00:00,20547.48,17137.318,16933.863,17340.775
2026-02-18 20:00:00+00:00,19375.01,17770.14,17566.684,17973.596
2026-02-18 21:00:00+00:00,18687.6,16927.674,16724.217,17131.129
2026-02-18 22:00:00+00:00,17750.73,16450.008,16246.551,16653.463
2026-02-18 23:00:00+00:00,16271.48,15649.414,15445.958,15852.87
2026-02-19 00:00:00+00:00,15715.86,15429.931,15226.475,15633.387
2026-02-19 01:00:00+00:00,15132.92,14513.111,14309.654,14716.567
2026-02-19 02:00:00+00:00,15060.08,15196.459,14993.003,15399.915
2026-02-19 03:00:00+00:00,15580.42,15507.911,15304.455,15711.367
2026-02-19 04:00:00+00:00,16562.61,16461.562,16258.107,16665.02
2026-02-19 05:00:00+00:00,18999.56,18587.744,18384.287,18791.2
2026-02-19 06:00:00+00:00,20659.68,18647.934,18444.479,18851.39
2026-02-19 07:00:00+00:00,21333.0,18219.803,18016.346,18423.258
2026-02-19 08:00:00+00:00,21204.64,19877.906,19674.45,20081.361
2026-02-19 09:00:00+00:00,21530.64,19129.03,18925.574,19332.486
2026-02-19 10:00:00+00:00,21706.24,19338.643,19135.186,19542.098
2026-02-19 11:00:00+00:00,21190.55,19194.764,18991.309,19398.22
2026-02-19 12:00:00+00:00,21163.0,17761.385,17557.928,17964.84
2026-02-19 13:00:00+00:00,20350.31,19261.535,19058.08,19464.992
2026-02-19 14:00:00+00:00,20219.11,18890.492,18687.037,19093.95
2026-02-19 15:00:00+00:00,20640.55,19103.709,18900.254,19307.166
2026-02-19 16:00:00+00:00,21608.59,19788.818,19585.363,19992.273
2026-02-19 17:00:00+00:00,22013.12,19733.885,19530.43,19937.342
2026-02-19 18:00:00+00:00,21433.79,19621.268,19417.812,19824.725
2026-02-19 19:00:00+00:00,20041.58,18775.295,18571.84,18978.752
2026-02-19 20:00:00+00:00,18918.7,16502.67,16299.214,16706.125
2026-02-19 21:00:00+00:00,18253.04,16362.866,16159.41,16566.322
2026-02-19 22:00:00+00:00,17275.66,16240.353,16036.896,16443.809
2026-02-19 23:00:00+00:00,16387.23,16093.347,15889.89,16296.803
2026-02-20 00:00:00+00:00,15303.22,15545.067,15322.612,15767.522
2026-02-20 01:00:00+00:00,14825.66,15490.825,15268.37,15713.28
2026-02-20 02:00:00+00:00,14759.73,15409.654,15187.199,15632.109
2026-02-20 03:00:00+00:00,15045.35,15445.58,15223.126,15668.035
2026-02-20 04:00:00+00:00,16216.62,16797.166,16574.71,17019.621
2026-02-20 05:00:00+00:00,18472.11,19127.219,18904.764,19349.674
2026-02-20 06:00:00+00:00,19849.51,21066.992,20844.537,21289.447
2026-02-20 07:00:00+00:00,20542.78,21228.404,21005.95,21450.86
2026-02-20 08:00:00+00:00,20643.39,21592.072,21369.617,21814.527
2026-02-20 09:00:00+00:00,19956.83,21693.227,21470.771,21915.682
2026-02-20 10:00:00+00:00,19143.62,21551.334,21328.879,21773.787
2026-02-20 11:00:00+00:00,18243.11,20923.854,20701.398,21146.309
2026-02-20 12:00:00+00:00,18032.94,20589.803,20367.348,20812.258
2026-02-20 13:00:00+00:00,17899.03,19913.547,19691.094,20136.002
2026-02-20 14:00:00+00:00,18557.23,19869.174,19646.719,20091.629
2026-02-20 15:00:00+00:00,19039.82,20518.346,20295.89,20740.8
2026-02-20 16:00:00+00:00,20003.22,21258.26,21035.805,21480.715
2026-02-20 17:00:00+00:00,20226.08,21541.605,21319.15,21764.06
2026-02-20 18:00:00+00:00,19581.45,20586.168,20363.713,20808.623
2026-02-20 19:00:00+00:00,18085.29,19611.162,19388.707,19833.617
2026-02-20 20:00:00+00:00,17450.39,18439.332,18216.877,18661.787
2026-02-20 21:00:00+00:00,16939.6,16926.773,16704.318,17149.229
2026-02-20 22:00:00+00:00,16411.12,15908.714,15686.259,16131.169
2026-02-20 23:00:00+00:00,15361.97,15776.034,15553.579,15998.489
2026-02-21 00:00:00+00:00,14943.12,14216.829,13994.374,14439.284
2026-02-21 01:00:00+00:00,14538.03,14065.702,13843.247,14288.156
2026-02-21 02:00:00+00:00,14587.46,13838.958,13616.503,14061.413
2026-02-21 03:00:00+00:00,14647.73,13727.171,13504.717,13949.626
2026-02-21 04:00:00+00:00,14986.03,14397.532,14175.077,14619.987
2026-02-21 05:00:00+00:00,15009.69,14572.17,14349.715,14794.624
2026-02-21 06:00:00+00:00,15581.23,15863.843,15641.389,16086.298
2026-02-21 07:00:00+00:00,16230.52,17127.066,16904.613,17349.521
2026-02-21 08:00:00+00:00,16771.51,17000.627,16778.174,17223.082
2026-02-21 09:00:00+00:00,16830.13,17325.424,17102.97,17547.879
2026-02-21 10:00:00+00:00,16978.16,17167.635,16945.18,17390.09
2026-02-21 11:00:00+00:00,16766.42,16933.838,16711.385,17156.293
2026-02-21 12:00:00+00:00,16328.82,16760.512,16538.057,16982.967
2026-02-21 13:00:00+00:00,16159.3,16398.533,16176.078,16620.986
2026-02-21 14:00:00+00:00,15437.84,16397.902,16175.447,16620.357
2026-02-21 15:00:00+00:00,15507.13,17150.906,16928.451,17373.361
2026-02-21 16:00:00+00:00,16264.74,17224.195,17001.742,17446.65
2026-02-21 17:00:00+00:00,16589.72,17695.342,17472.887,17917.797
2026-02-21 18:00:00+00:00,15755.59,16220.308,15997.853,16442.762
2026-02-21 19:00:00+00:00,14785.14,15109.914,14887.46,15332.369
2026-02-21 20:00:00+00:00,14456.24,14601.368,14378.913,14823.822
2026-02-21 21:00:00+00:00,13879.26,13961.283,13738.828,14183.738
2026-02-21 22:00:00+00:00,12973.66,13238.219,13015.765,13460.674
2026-02-21 23:00:00+00:00,12529.07,12408.012,12185.558,12630.467
2026-02-22 00:00:00+00:00,11930.47,11284.094,11061.639,11506.548
2026-02-22 01:00:00+00:00,11694.99,11136.178,10913.723,11358.633
2026-02-22 02:00:00+00:00,11709.51,11196.342,10973.887,11418.796
2026-02-22 03:00:00+00:00,12259.02,11129.407,10906.952,11351.861
2026-02-22 04:00:00+00:00,12602.99,11953.417,11730.962,12175.872
2026-02-22 05:00:00+00:00,12957.34,12451.791,12229.336,12674.246
2026-02-22 06:00:00+00:00,13851.12,13236.661,13014.206,13459.116
2026-02-22 07:00:00+00:00,14797.11,14445.782,14223.327,14668.236
2026-02-22 08:00:00+00:00,15342.79,14653.83,14431.375,14876.285
2026-02-22 09:00:00+00:00,15837.33,15525.446,15302.991,15747.9
2026-02-22 10:00:00+00:00,16653.19,15810.898,15588.444,16033.354
2026-02-22 11:00:00+00:00,16849.28,15531.328,15308.873,15753.783
2026-02-22 12:00:00+00:00,16447.45,15298.656,15076.202,15521.111
2026-02-22 13:00:00+00:00,16059.94,15336.205,15113.75,15558.66
2026-02-22 14:00:00+00:00,15985.33,15572.5625,15350.108,15795.018
2026-02-22 15:00:00+00:00,16309.1,15576.681,15354.227,15799.136
2026-02-22 16:00:00+00:00,16923.43,16099.681,15877.226,16322.135
2026-02-22 17:00:00+00:00,17027.64,16212.462,15990.008,16434.918
2026-02-22 18:00:00+00:00,16487.51,16021.747,15799.293,16244.202
2026-02-22 19:00:00+00:00,15912.41,15827.516,15605.062,16049.971
2026-02-22 20:00:00+00:00,14881.82,15180.248,14957.793,15402.703
2026-02-22 21:00:00+00:00,14556.2,14562.302,14339.848,14784.757
2026-02-22 22:00:00+00:00,14105.41,13006.902,12784.447,13229.357
2026-02-22 23:00:00+00:00,13317.97,12581.831,12359.377,12804.286
2026-02-23 00:00:00+00:00,12781.52,12356.093,12133.638,12578.547
2026-02-23 01:00:00+00:00,12778.43,12170.144,11947.689,12392.599
2026-02-23 02:00:00+00:00,12778.0,12040.415,11817.96,12262.87
2026-02-23 03:00:00+00:00,13535.74,12309.853,12087.397,12532.308
2026-02-23 04:00:00+00:00,14931.03,13919.046,13696.591,14141.5
2026-02-23 05:00:00+00:00,17191.03,15821.144,15598.689,16043.599
2026-02-23 06:00:00+00:00,18887.78,18318.049,18095.594,18540.504
2026-02-23 07:00:00+00:00,19499.47,18577.984,18355.53,18800.44
2026-02-23 08:00:00+00:00,19785.43,18359.518,18137.062,18581.973
2026-02-23 09:00:00+00:00,20711.73,18682.14,18459.686,18904.596
2026-02-23 10:00:00+00:00,20594.43,18640.23,18417.775,18862.686
2026-02-23 11:00:00+00:00,20339.62,18669.834,18447.379,18892.287
2026-02-23 12:00:00+00:00,20270.8,18670.006,18447.55,18892.46
2026-02-23 13:00:00+00:00,19646.71,18329.816,18107.361,18552.271
2026-02-23 14:00:00+00:00,19222.25,18562.012,18339.557,18784.465
2026-02-23 15:00:00+00:00,19057.21,18201.648,17979.193,18424.104
2026-02-23 16:00:00+00:00,19675.26,17849.158,17626.703,18071.613
2026-02-23 17:00:00+00:00,20058.69,17582.324,17359.87,17804.78
2026-02-23 18:00:00+00:00,19352.04,17803.508,17581.055,18025.963
2026-02-23 19:00:00+00:00,18128.55,16817.223,16594.768,17039.678
2026-02-23 20:00:00+00:00,16918.59,15788.52,15566.064,16010.975
2026-02-23 21:00:00+00:00,16121.47,14375.254,14152.799,14597.709
2026-02-23 22:00:00+00:00,15189.75,13646.422,13423.967,13868.877
2026-02-23 23:00:00+00:00,14005.16,13999.497,13777.043,14221.952
2026-02-24 00:00:00+00:00,13309.28,12861.472,12639.017,13083.927
2026-02-24 01:00:00+00:00,13186.21,12168.988,11946.533,12391.443
2026-02-24 02:00:00+00:00,13403.02,12467.221,12244.767,12689.676
2026-02-24 03:00:00+00:00,13986.56,13544.789,13322.335,13767.244
2026-02-24 04:00:00+00:00,15338.58,15004.5205,14782.065,15226.976
2026-02-24 05:00:00+00:00,17846.41,16967.193,16744.738,17189.648
2026-02-24 06:00:00+00:00,19317.16,18379.27,18156.814,18601.725
2026-02-24 07:00:00+00:00,19969.44,18665.35,18442.895,18887.805
2026-02-24 08:00:00+00:00,19871.51,19391.895,19169.44,19614.35
2026-02-24 09:00:00+00:00,20194.64,20084.523,19862.068,20306.979
2026-02-24 10:00:00+00:00,20137.39,19820.605,19598.15,20043.059
2026-02-24 11:00:00+00:00,20069.88,19573.727,19351.271,19796.182
2026-02-24 12:00:00+00:00,19551.12,19230.264,19007.81,19452.719
2026-02-24 13:00:00+00:00,18687.19,19260.07,19037.615,19482.525
2026-02-24 14:00:00+00:00,18175.69,18831.773,18609.318,19054.229
2026-02-24 15:00:00+00:00,18513.44,19286.336,19063.88,19508.791
2026-02-24 16:00:00+00:00,19455.37,19342.256,19119.803,19564.71
2026-02-24 17:00:00+00:00,20066.21,19350.559,19128.105,19573.014
2026-02-24 18:00:00+00:00,19628.73,18878.041,18655.586,19100.496
2026-02-24 19:00:00+00:00,18742.28,18231.004,18008.549,18453.459
2026-02-24 20:00:00+00:00,17808.43,16997.055,16774.602,17219.51
2026-02-24 21:00:00+00:00,16857.7,16079.431,15856.977,16301.886
2026-02-24 22:00:00+00:00,15837.6,14925.286,14702.831,15147.741
2026-02-24 23:00:00+00:00,14834.78,13900.535,13678.08,14122.99
2026-02-25 00:00:00+00:00,14436.99,14016.575,13794.12,14239.03
2026-02-25 01:00:00+00:00,14128.52,12893.676,12671.221,13116.13
2026-02-25 02:00:00+00:00,14051.14,13142.968,12920.513,13365.423
2026-02-25 03:00:00+00:00,14553.36,14152.876,13930.421,14375.331
2026-02-25 04:00:00+00:00,15581.44,15294.687,15072.232,15517.142
2026-02-25 05:00:00+00:00,17406.9,18466.004,18243.549,18688.459
2026-02-25 06:00:00+00:00,18866.85,19781.793,19559.338,20004.248
2026-02-25 07:00:00+00:00,19755.03,19748.336,19525.88,19970.791
2026-02-25 08:00:00+00:00,19794.08,19641.67,19419.215,19864.125
2026-02-25 09:00:00+00:00,19746.76,19686.973,19464.518,19909.426
2026-02-25 10:00:00+00:00,19595.09,19618.312,19395.857,19840.768
2026-02-25 11:00:00+00:00,19193.39,19075.785,18853.332,19298.24
2026-02-25 12:00:00+00:00,18509.46,17310.29,17087.834,17532.744
2026-02-25 13:00:00+00:00,17664.57,17009.588,16787.133,17232.043
2026-02-25 14:00:00+00:00,17300.52,16775.205,16552.75,16997.66
2026-02-25 15:00:00+00:00,17543.57,17941.742,17719.29,18164.197
2026-02-25 16:00:00+00:00,18546.21,18580.098,18357.643,18802.553
2026-02-25 17:00:00+00:00,19296.33,19704.592,19482.137,19927.047
2026-02-25 18:00:00+00:00,19156.06,19956.588,19734.133,20179.043
2026-02-25 19:00:00+00:00,18074.67,19067.434,18844.979,19289.889
2026-02-25 20:00:00+00:00,17494.27,18272.648,18050.193,18495.104
2026-02-25 21:00:00+00:00,16460.5,17161.35,16938.895,17383.805
2026-02-25 22:00:00+00:00,15515.56,16041.591,15819.137,16264.046
2026-02-25 23:00:00+00:00,14392.04,14883.378,14660.923,15105.832
2026-02-26 00:00:00+00:00,13736.12,14064.171,13841.716,14286.626
2026-02-26 01:00:00+00:00,13491.21,13834.331,13611.876,14056.786
2026-02-26 02:00:00+00:00,13507.08,13617.381,13394.926,13839.835
2026-02-26 03:00:00+00:00,14190.72,14181.278,13958.823,14403.732
2026-02-26 04:00:00+00:00,15578.63,15270.287,15047.833,15492.742
2026-02-26 05:00:00+00:00,17854.15,17964.36,17741.904,18186.814
2026-02-26 06:00:00+00:00,19183.41,20158.387,19935.932,20380.842
2026-02-26 07:00:00+00:00,19731.62,20246.754,20024.299,20469.209
2026-02-26 08:00:00+00:00,19958.15,20153.35,19930.896,20375.805
2026-02-26 09:00:00+00:00,19930.32,19795.055,19572.6,20017.508
2026-02-26 10:00:00+00:00,19616.26,19265.713,19043.258,19488.168
2026-02-26 11:00:00+00:00,18999.41,18608.145,18385.69,18830.6
2026-02-26 12:00:00+00:00,17812.86,17450.98,17228.527,17673.436
2026-02-26 13:00:00+00:00,17274.62,17460.361,17237.906,17682.816
2026-02-26 14:00:00+00:00,17274.99,17787.727,17565.271,18010.18
2026-02-26 15:00:00+00:00,17505.26,18182.17,17959.715,18404.625
2026-02-26 16:00:00+00:00,18232.39,19111.453,18888.998,19333.908
2026-02-26 17:00:00+00:00,18975.34,20200.566,19978.111,20423.021
2026-02-26 18:00:00+00:00,18769.74,20095.96,19873.506,20318.416
2026-02-26 19:00:00+00:00,17843.29,18849.328,18626.873,19071.783
2026-02-26 20:00:00+00:00,16992.55,17769.428,17546.973,17991.883
2026-02-26 21:00:00+00:00,16215.93,16451.475,16229.02,16673.928
2026-02-26 22:00:00+00:00,14755.4,15318.176,15095.721,15540.631
2026-02-26 23:00:00+00:00,13789.6,14178.201,13955.746,14400.655
2026-02-27 00:00:00+00:00,13282.31,13238.469,13011.626,13465.312
2026-02-27 01:00:00+00:00,12928.89,13209.28,12982.4375,13436.124
2026-02-27 02:00:00+00:00,13150.92,12899.548,12672.705,13126.391
2026-02-27 03:00:00+00:00,13663.26,14011.966,13785.123,14238.809
2026-02-27 04:00:00+00:00,14829.44,15892.737,15665.895,16119.58
2026-02-27 05:00:00+00:00,17010.41,18190.598,17963.754,18417.44
2026-02-27 06:00:00+00:00,18314.12,19237.55,19010.709,19464.395
2026-02-27 07:00:00+00:00,19008.2,19456.941,19230.098,19683.783
2026-02-27 08:00:00+00:00,18765.83,19317.174,19090.33,19544.016
2026-02-27 09:00:00+00:00,18263.41,19136.066,18909.225,19362.91
2026-02-27 10:00:00+00:00,17735.01,17911.85,17685.006,18138.691
2026-02-27 11:00:00+00:00,17193.69,17216.252,16989.408,17443.094
2026-02-27 12:00:00+00:00,16231.94,16000.606,15773.764,16227.449
2026-02-27 13:00:00+00:00,15445.22,14992.798,14765.955,15219.641
2026-02-27 14:00:00+00:00,15023.29,15357.045,15130.202,15583.888
2026-02-27 15:00:00+00:00,15785.48,15833.805,15606.962,16060.647
2026-02-27 16:00:00+00:00,17019.93,16814.297,16587.453,17041.139
2026-02-27 17:00:00+00:00,17683.02,17475.441,17248.6,17702.285
2026-02-27 18:00:00+00:00,17163.94,17609.83,17382.986,17836.672
2026-02-27 19:00:00+00:00,15953.3,16713.07,16486.227,16939.912
2026-02-27 20:00:00+00:00,14806.4,15033.414,14806.571,15260.257
2026-02-27 21:00:00+00:00,14157.67,13886.091,13659.248,14112.934
2026-02-27 22:00:00+00:00,13160.54,13374.548,13147.704,13601.391
2026-02-27 23:00:00+00:00,12374.19,12338.152,12111.31,12564.995
2026-02-28 00:00:00+00:00,11666.59,11998.258,11771.415,12225.101
2026-02-28 01:00:00+00:00,11197.16,10897.513,10670.67,11124.355
2026-02-28 02:00:00+00:00,11071.85,11195.991,10969.148,11422.834
2026-02-28 03:00:00+00:00,11235.06,11370.022,11143.18,11596.865
2026-02-28 04:00:00+00:00,11574.44,12243.681,12016.837,12470.523
2026-02-28 05:00:00+00:00,12031.87,12790.641,12563.798,13017.483
2026-02-28 06:00:00+00:00,13011.95,13936.2295,13709.387,14163.072
2026-02-28 07:00:00+00:00,13973.85,14500.913,14274.07,14727.756
2026-02-28 08:00:00+00:00,14781.04,15120.522,14893.68,15347.365
2026-02-28 09:00:00+00:00,14842.5,15511.179,15284.335,15738.021
2026-02-28 10:00:00+00:00,14585.77,14842.961,14616.118,15069.804
2026-02-28 11:00:00+00:00,14117.52,14196.727,13969.884,14423.569
2026-02-28 12:00:00+00:00,13813.85,13357.739,13130.896,13584.582
2026-02-28 13:00:00+00:00,12877.29,13262.848,13036.005,13489.69
2026-02-28 14:00:00+00:00,13621.45,13583.267,13356.424,13810.11
2026-02-28 15:00:00+00:00,14612.49,14110.227,13883.384,14337.069
2026-02-28 16:00:00+00:00,15618.12,14750.276,14523.434,14977.119
2026-02-28 17:00:00+00:00,16588.67,16190.056,15963.213,16416.898
2026-02-28 18:00:00+00:00,16495.17,15981.737,15754.895,16208.581
2026-02-28 19:00:00+00:00,16218.85,15105.271,14878.429,15332.114
2026-02-28 20:00:00+00:00,15529.56,14758.542,14531.699,14985.385
2026-02-28 21:00:00+00:00,14898.4,14275.213,14048.37,14502.056
2026-02-28 22:00:00+00:00,14144.38,13840.869,13614.026,14067.712
2026-02-28 23:00:00+00:00,13038.03,12991.275,12764.433,13218.118
2026-03-01 00:00:00+00:00,12079.74,11744.999,11518.156,11971.843
2026-03-01 01:00:00+00:00,11504.72,11176.34,10949.497,11403.183
2026-03-01 02:00:00+00:00,11239.24,11187.898,10961.056,11414.742
2026-03-01 03:00:00+00:00,10995.35,11721.148,11494.306,11947.991
2026-03-01 04:00:00+00:00,11288.72,12426.646,12199.804,12653.49
2026-03-01 05:00:00+00:00,11567.76,12522.048,12295.205,12748.891
2026-03-01 06:00:00+00:00,12030.98,13394.181,13167.338,13621.023
2026-03-01 07:00:00+00:00,13010.24,14523.507,14296.664,14750.35
2026-03-01 08:00:00+00:00,13696.16,15147.845,14921.002,15374.6875
2026-03-01 09:00:00+00:00,13644.02,15298.802,15071.959,15525.645
2026-03-01 10:00:00+00:00,13899.52,14689.39,14462.547,14916.232
2026-03-01 11:00:00+00:00,14010.71,14780.926,14554.082,15007.769
2026-03-01 12:00:00+00:00,12879.6,14082.827,13855.984,14309.67
2026-03-01 13:00:00+00:00,12297.76,13747.716,13520.872,13974.559
2026-03-01 14:00:00+00:00,12522.97,13789.971,13563.128,14016.814
2026-03-01 15:00:00+00:00,13271.87,14685.652,14458.81,14912.495
2026-03-01 16:00:00+00:00,14985.59,15746.696,15519.854,15973.539
2026-03-01 17:00:00+00:00,15522.85,17126.033,16899.191,17352.877
2026-03-01 18:00:00+00:00,15324.43,16277.852,16051.009,16504.693
2026-03-01 19:00:00+00:00,14666.25,15764.832,15537.989,15991.675
2026-03-01 20:00:00+00:00,13938.6,14839.817,14612.975,15066.66
2026-03-01 21:00:00+00:00,13655.72,14590.6045,14363.762,14817.447
2026-03-01 22:00:00+00:00,12917.27,13930.946,13704.104,14157.79
2026-03-01 23:00:00+00:00,12601.05,13273.915,13047.072,13500.758
2026-03-02 00:00:00+00:00,11977.15,12766.304,12539.461,12993.146
2026-03-02 01:00:00+00:00,11854.29,12941.135,12714.291,13167.978
2026-03-02 02:00:00+00:00,12021.81,13235.168,13008.324,13462.011
2026-03-02 03:00:00+00:00,12577.16,13969.505,13742.662,14196.348
2026-03-02 04:00:00+00:00,13987.27,15043.047,14816.204,15269.89
2026-03-02 05:00:00+00:00,16479.97,17624.129,17397.287,17850.973
2026-03-02 06:00:00+00:00,17651.03,19057.047,18830.203,19283.889
2026-03-02 07:00:00+00:00,18202.31,19064.246,18837.404,19291.09
2026-03-02 08:00:00+00:00,18312.09,19325.602,19098.758,19552.443
2026-03-02 09:00:00+00:00,17698.01,19322.75,19095.908,19549.594
2026-03-02 10:00:00+00:00,17012.31,18423.191,18196.35,18650.035
2026-03-02 11:00:00+00:00,16119.95,17232.889,17006.047,17459.732
2026-03-02 12:00:00+00:00,15632.06,16046.519,15819.675,16273.361
2026-03-02 13:00:00+00:00,15340.8,15839.696,15612.854,16066.539
2026-03-02 14:00:00+00:00,15959.37,16217.446,15990.604,16444.29
2026-03-02 15:00:00+00:00,17010.23,16456.684,16229.84,16683.525
2026-03-02 16:00:00+00:00,17918.15,17301.51,17074.668,17528.354
2026-03-02 17:00:00+00:00,18251.79,18223.775,17996.934,18450.62
2026-03-02 18:00:00+00:00,18088.72,18226.719,17999.875,18453.562
2026-03-02 19:00:00+00:00,17282.05,17533.914,17307.07,17760.756
2026-03-02 20:00:00+00:00,16162.95,16439.828,16212.985,16666.67
2026-03-02 21:00:00+00:00,15698.59,15313.821,15086.979,15540.665
2026-03-02 22:00:00+00:00,14730.6,14435.38,14208.537,14662.223
2026-03-02 23:00:00+00:00,13662.25,13626.761,13399.917,13853.604
2026-03-03 00:00:00+00:00,13181.73,13329.499,13102.656,13556.342
2026-03-03 01:00:00+00:00,12784.88,13230.124,13003.28,13456.967
2026-03-03 02:00:00+00:00,12873.69,13336.883,13110.04,13563.726
2026-03-03 03:00:00+00:00,13364.81,14055.816,13828.974,14282.659
2026-03-03 04:00:00+00:00,14672.51,15890.988,15664.1455,16117.831
2026-03-03 05:00:00+00:00,16634.54,17997.21,17770.367,18224.053
2026-03-03 06:00:00+00:00,17900.46,19469.752,19242.908,19696.594
2026-03-03 07:00:00+00:00,18441.45,19354.793,19127.951,19581.637
2026-03-03 08:00:00+00:00,18217.84,19444.477,19217.633,19671.32
2026-03-03 09:00:00+00:00,17702.78,18960.28,18733.438,19187.123
2026-03-03 10:00:00+00:00,17000.05,19014.18,18787.338,19241.023
2026-03-03 11:00:00+00:00,16560.46,17816.285,17589.441,18043.127
2026-03-03 12:00:00+00:00,15896.26,17404.111,17177.268,17630.953
2026-03-03 13:00:00+00:00,15291.15,16800.393,16573.549,17027.236
2026-03-03 14:00:00+00:00,15386.5,16804.756,16577.914,17031.6
2026-03-03 15:00:00+00:00,16663.3,17176.016,16949.172,17402.857
2026-03-03 16:00:00+00:00,17863.95,17510.357,17283.514,17737.2
2026-03-03 17:00:00+00:00,18561.08,18287.5,18060.658,18514.344
2026-03-03 18:00:00+00:00,18210.37,18069.475,17842.633,18296.318
2026-03-03 19:00:00+00:00,17202.87,17464.465,17237.621,17691.309
2026-03-03 20:00:00+00:00,16026.58,16826.805,16599.96,17053.648
2026-03-03 21:00:00+00:00,15385.21,15320.976,15094.133,15547.818
2026-03-03 22:00:00+00:00,14294.3,14414.008,14187.165,14640.851
2026-03-03 23:00:00+00:00,13676.28,13803.657,13576.814,14030.5
2026-03-04 00:00:00+00:00,13399.65,13328.7295,13101.886,13555.572
2026-03-04 01:00:00+00:00,13278.32,13409.427,13182.584,13636.27
2026-03-04 02:00:00+00:00,13342.16,13603.66,13376.817,13830.503
2026-03-04 03:00:00+00:00,13652.68,14569.976,14343.133,14796.818
2026-03-04 04:00:00+00:00,14603.14,16009.035,15782.192,16235.879
2026-03-04 05:00:00+00:00,16749.77,18359.01,18132.168,18585.854
2026-03-04 06:00:00+00:00,18126.88,20161.836,19934.994,20388.68
2026-03-04 07:00:00+00:00,18747.85,20694.979,20468.137,20921.822
2026-03-04 08:00:00+00:00,18448.51,20202.527,19975.684,20429.37
2026-03-04 09:00:00+00:00,17993.22,19424.943,19198.1,19651.785
2026-03-04 10:00:00+00:00,17205.07,19014.16,18787.316,19241.004
2026-03-04 11:00:00+00:00,16739.83,18372.33,18145.488,18599.174
2026-03-04 12:00:00+00:00,16190.63,16382.363,16155.52,16609.205
2026-03-04 13:00:00+00:00,15175.89,16550.643,16323.8,16777.486
2026-03-04 14:00:00+00:00,15411.28,16580.574,16353.732,16807.418
2026-03-04 15:00:00+00:00,16643.48,17097.91,16871.066,17324.752
2026-03-04 16:00:00+00:00,17993.37,18225.566,17998.723,18452.41
2026-03-04 17:00:00+00:00,18522.06,19027.479,18800.635,19254.322
2026-03-04 18:00:00+00:00,18462.83,18940.549,18713.705,19167.39
2026-03-04 19:00:00+00:00,17443.49,18218.127,17991.285,18444.97
2026-03-04 20:00:00+00:00,16398.56,16948.52,16721.678,17175.363
2026-03-04 21:00:00+00:00,15381.92,15919.005,15692.162,16145.848
2026-03-04 22:00:00+00:00,14422.67,14743.716,14516.873,14970.559
2026-03-04 23:00:00+00:00,13487.31,13816.089,13589.246,14042.932
2026-03-05 00:00:00+00:00,12927.65,13458.04,13231.197,13684.883
2026-03-05 01:00:00+00:00,12708.11,13306.719,13079.876,13533.5625
2026-03-05 02:00:00+00:00,12599.64,13309.809,13082.966,13536.652
2026-03-05 03:00:00+00:00,12989.07,14584.508,14357.665,14811.351
2026-03-05 04:00:00+00:00,14168.49,15703.37,15476.527,15930.213
2026-03-05 05:00:00+00:00,16204.34,17929.906,17703.062,18156.748
2026-03-05 06:00:00+00:00,17523.65,18906.99,18680.148,19133.834
2026-03-05 07:00:00+00:00,17800.66,19858.072,19631.23,20084.916
2026-03-05 08:00:00+00:00,17553.67,19168.566,18941.723,19395.41
2026-03-05 09:00:00+00:00,17277.2,18128.256,17901.412,18355.098
2026-03-05 10:00:00+00:00,16924.0,17657.87,17431.025,17884.713
2026-03-05 11:00:00+00:00,16346.25,16404.201,16177.358,16631.043
2026-03-05 12:00:00+00:00,16034.65,15216.176,14989.332,15443.019
2026-03-05 13:00:00+00:00,15492.25,15404.981,15178.139,15631.824
2026-03-05 14:00:00+00:00,15591.72,15681.254,15454.411,15908.097
2026-03-05 15:00:00+00:00,15736.1,16417.824,16190.98,16644.666
2026-03-05 16:00:00+00:00,16844.73,17390.312,17163.47,17617.156
2026-03-05 17:00:00+00:00,17423.77,18493.129,18266.285,18719.97
2026-03-05 18:00:00+00:00,17670.77,18294.82,18067.977,18521.662
2026-03-05 19:00:00+00:00,17083.39,18275.139,18048.295,18501.98
2026-03-05 20:00:00+00:00,16043.34,16880.186,16653.342,17107.027
2026-03-05 21:00:00+00:00,15080.89,14893.239,14666.396,15120.082
2026-03-05 22:00:00+00:00,13916.31,14108.096,13881.253,14334.939
2026-03-05 23:00:00+00:00,12986.38,13306.888,13080.045,13533.73
2026-03-06 00:00:00+00:00,12549.39,12720.702,12488.462,12952.943
2026-03-06 01:00:00+00:00,12177.99,12419.407,12187.166,12651.647
2026-03-06 02:00:00+00:00,12287.43,12689.368,12457.128,12921.608
2026-03-06 03:00:00+00:00,12728.38,13562.147,13329.907,13794.389
2026-03-06 04:00:00+00:00,14102.46,14692.895,14460.653,14925.135
2026-03-06 05:00:00+00:00,16133.16,16845.535,16613.295,17077.775
2026-03-06 06:00:00+00:00,17413.11,18048.809,17816.568,18281.049
2026-03-06 07:00:00+00:00,17792.82,18330.088,18097.848,18562.33
2026-03-06 08:00:00+00:00,17298.45,17780.133,17547.893,18012.375
2026-03-06 09:00:00+00:00,16761.03,17573.994,17341.754,17806.234
2026-03-06 10:00:00+00:00,16256.01,16344.384,16112.144,16576.625
2026-03-06 11:00:00+00:00,15497.18,16139.194,15906.954,16371.436
2026-03-06 12:00:00+00:00,14890.98,15717.123,15484.882,15949.363
2026-03-06 13:00:00+00:00,14303.26,15225.405,14993.165,15457.646
2026-03-06 14:00:00+00:00,14676.37,15212.47,14980.2295,15444.711
2026-03-06 15:00:00+00:00,15277.86,16472.027,16239.787,16704.27
2026-03-06 16:00:00+00:00,16312.3,16777.996,16545.756,17010.236
2026-03-06 17:00:00+00:00,16934.45,17540.32,17308.08,17772.56
2026-03-06 18:00:00+00:00,16565.49,17371.162,17138.922,17603.402
2026-03-06 19:00:00+00:00,15620.53,16388.105,16155.864,16620.346
2026-03-06 20:00:00+00:00,14954.11,15004.951,14772.71,15237.191
2026-03-06 21:00:00+00:00,14418.82,14404.381,14172.14,14636.621
2026-03-06 22:00:00+00:00,13473.95,13557.012,13324.7705,13789.252
2026-03-06 23:00:00+00:00,12411.09,12712.167,12479.927,12944.408
2026-03-07 00:00:00+00:00,11949.83,12070.952,11838.711,12303.192
2026-03-07 01:00:00+00:00,11700.79,11480.312,11248.07,11712.552
2026-03-07 02:00:00+00:00,11708.14,11303.093,11070.852,11535.333
2026-03-07 03:00:00+00:00,11798.7,11527.897,11295.657,11760.139
2026-03-07 04:00:00+00:00,12164.3,12103.706,11871.466,12335.947
2026-03-07 05:00:00+00:00,12791.02,13293.287,13061.047,13525.528
2026-03-07 06:00:00+00:00,13392.9,14628.56,14396.319,14860.801
2026-03-07 07:00:00+00:00,13854.93,15406.918,15174.678,15639.159
2026-03-07 08:00:00+00:00,14167.53,15233.177,15000.937,15465.418
2026-03-07 09:00:00+00:00,14375.56,15253.336,15021.096,15485.577
2026-03-07 10:00:00+00:00,13991.89,14254.463,14022.222,14486.703
2026-03-07 11:00:00+00:00,13631.15,13499.622,13267.382,13731.863
2026-03-07 12:00:00+00:00,13031.12,13359.725,13127.484,13591.966
2026-03-07 13:00:00+00:00,12532.14,12787.643,12555.402,13019.883
2026-03-07 14:00:00+00:00,12458.3,12570.441,12338.2,12802.682
2026-03-07 15:00:00+00:00,12995.82,13100.037,12867.796,13332.277
2026-03-07 16:00:00+00:00,14132.61,13790.237,13557.997,14022.479
2026-03-07 17:00:00+00:00,14836.0,14806.285,14574.044,15038.525
2026-03-07 18:00:00+00:00,14585.63,14809.81,14577.568,15042.05
2026-03-07 19:00:00+00:00,13795.05,14020.883,13788.642,14253.123
2026-03-07 20:00:00+00:00,13203.56,13292.172,13059.931,13524.412
2026-03-07 21:00:00+00:00,12930.3,12432.686,12200.444,12664.927
2026-03-07 22:00:00+00:00,11876.06,11654.037,11421.797,11886.278
2026-03-07 23:00:00+00:00,11325.97,10884.24,10652.0,11116.481
2026-03-08 00:00:00+00:00,10865.47,10494.015,10261.773,10726.255
2026-03-08 01:00:00+00:00,10636.14,10242.252,10010.011,10474.493
2026-03-08 02:00:00+00:00,10428.89,10226.67,9994.429,10458.911
2026-03-08 03:00:00+00:00,10573.06,10598.932,10366.69,10831.172
2026-03-08 04:00:00+00:00,10879.7,11145.675,10913.434,11377.915
2026-03-08 05:00:00+00:00,11430.64,11461.975,11229.734,11694.215
2026-03-08 06:00:00+00:00,11930.29,12138.214,11905.973,12370.454
2026-03-08 07:00:00+00:00,12440.93,13703.908,13471.667,13936.148
2026-03-08 08:00:00+00:00,13190.19,14377.403,14145.162,14609.644
2026-03-08 09:00:00+00:00,13431.04,13473.987,13241.747,13706.229
2026-03-08 10:00:00+00:00,13205.6,12597.5,12365.26,12829.741
2026-03-08 11:00:00+00:00,12461.92,12341.379,12109.139,12573.619
2026-03-08 12:00:00+00:00,12119.43,11461.567,11229.327,11693.809
2026-03-08 13:00:00+00:00,11178.79,11855.259,11623.018,12087.499
2026-03-08 14:00:00+00:00,11123.44,11708.297,11476.057,11940.537
2026-03-08 15:00:00+00:00,11986.96,12402.156,12169.916,12634.397
2026-03-08 16:00:00+00:00,13292.93,13108.615,12876.374,13340.855
2026-03-08 17:00:00+00:00,14389.74,13527.19,13294.949,13759.431
2026-03-08 18:00:00+00:00,14270.02,13715.283,13483.043,13947.524
2026-03-08 19:00:00+00:00,13648.44,13601.582,13369.342,13833.823
2026-03-08 20:00:00+00:00,13326.08,12998.544,12766.303,13230.785
2026-03-08 21:00:00+00:00,13096.28,11986.939,11754.698,12219.181
2026-03-08 22:00:00+00:00,12513.98,11214.01,10981.769,11446.25
2026-03-08 23:00:00+00:00,11855.7,10857.169,10624.929,11089.409
2026-03-09 00:00:00+00:00,11604.91,11041.28,10809.039,11273.521
2026-03-09 01:00:00+00:00,11280.3,10968.306,10736.065,11200.547
2026-03-09 02:00:00+00:00,11387.79,11293.706,11061.465,11525.946
2026-03-09 03:00:00+00:00,12129.29,11894.093,11661.852,12126.334
2026-03-09 04:00:00+00:00,13448.94,12840.674,12608.434,13072.915
2026-03-09 05:00:00+00:00,15777.27,15414.18,15181.938,15646.42
2026-03-09 06:00:00+00:00,17310.09,17386.209,17153.969,17618.451
2026-03-09 07:00:00+00:00,17930.38,18315.121,18082.879,18547.361
2026-03-09 08:00:00+00:00,17819.11,17672.365,17440.125,17904.605
2026-03-09 09:00:00+00:00,17152.28,17609.959,17377.717,17842.2
2026-03-09 10:00:00+00:00,16917.67,16902.19,16669.95,17134.432
2026-03-09 11:00:00+00:00,16358.39,16622.227,16389.986,16854.469
2026-03-09 12:00:00+00:00,15527.07,15937.233,15704.992,16169.474
2026-03-09 13:00:00+00:00,15088.47,16047.165,15814.925,16279.406
2026-03-09 14:00:00+00:00,15026.22,16267.486,16035.246,16499.727
2026-03-09 15:00:00+00:00,15937.71,16627.309,16395.068,16859.55
2026-03-09 16:00:00+00:00,17030.55,17605.932,17373.691,17838.172
2026-03-09 17:00:00+00:00,17549.47,18224.951,17992.71,18457.193
2026-03-09 18:00:00+00:00,17354.16,17854.37,17622.129,18086.61
2026-03-09 19:00:00+00:00,16332.82,17573.57,17341.33,17805.812
2026-03-09 20:00:00+00:00,15718.43,15480.766,15248.524,15713.006
2026-03-09 21:00:00+00:00,15102.79,14710.71,14478.47,14942.951
2026-03-09 22:00:00+00:00,14244.32,13878.8955,13646.655,14111.137
2026-03-09 23:00:00+00:00,13180.21,13038.63,12806.39,13270.871
2026-03-10 00:00:00+00:00,12732.21,12547.485,12315.244,12779.726
2026-03-10 01:00:00+00:00,12597.15,12687.592,12455.352,12919.833
2026-03-10 02:00:00+00:00,12738.42,12773.049,12540.809,13005.29
2026-03-10 03:00:00+00:00,13001.67,13554.176,13321.936,13786.417
2026-03-10 04:00:00+00:00,14045.54,15536.702,15304.461,15768.942
2026-03-10 05:00:00+00:00,16065.41,16904.45,16672.209,17136.69
2026-03-10 06:00:00+00:00,17440.3,18130.768,17898.525,18363.008
2026-03-10 07:00:00+00:00,17876.79,18988.432,18756.191,19220.674
2026-03-10 08:00:00+00:00,17837.3,18656.15,18423.91,18888.39
2026-03-10 09:00:00+00:00,17947.57,17815.773,17583.533,18048.016
2026-03-10 10:00:00+00:00,17441.05,17457.557,17225.316,17689.799
2026-03-10 11:00:00+00:00,16651.39,17180.055,16947.812,17412.295
2026-03-10 12:00:00+00:00,16367.34,16199.468,15967.227,16431.709
2026-03-10 13:00:00+00:00,16246.38,16060.288,15828.048,16292.529
2026-03-10 14:00:00+00:00,16245.19,16320.491,16088.25,16552.732
2026-03-10 15:00:00+00:00,16276.2,16994.58,16762.34,17226.822
2026-03-10 16:00:00+00:00,17324.44,17882.488,17650.248,18114.729
2026-03-10 17:00:00+00:00,17854.24,18724.648,18492.408,18956.889
2026-03-10 18:00:00+00:00,17696.34,18430.979,18198.738,18663.219
2026-03-10 19:00:00+00:00,16730.72,17162.514,16930.271,17394.754
2026-03-10 20:00:00+00:00,15630.76,15730.712,15498.472,15962.953
2026-03-10 21:00:00+00:00,14882.26,14834.273,14602.032,15066.514
2026-03-10 22:00:00+00:00,13809.47,14368.534,14136.293,14600.774
2026-03-10 23:00:00+00:00,12701.59,13198.483,12966.243,13430.725
2026-03-11 00:00:00+00:00,12600.22,12420.673,12188.433,12652.914
2026-03-11 01:00:00+00:00,12664.99,12028.558,11796.316,12260.799
2026-03-11 02:00:00+00:00,12979.15,11853.841,11621.6,12086.081
2026-03-11 03:00:00+00:00,13333.74,13558.841,13326.601,13791.082
2026-03-11 04:00:00+00:00,14496.42,14540.444,14308.203,14772.685
2026-03-11 05:00:00+00:00,16472.41,17214.373,16982.13,17446.613
2026-03-11 06:00:00+00:00,17816.24,18556.826,18324.586,18789.066
2026-03-11 07:00:00+00:00,18382.35,18359.537,18127.297,18591.777
2026-03-11 08:00:00+00:00,18461.68,19114.07,18881.83,19346.312
2026-03-11 09:00:00+00:00,18745.16,18443.37,18211.129,18675.61
2026-03-11 10:00:00+00:00,19628.11,17546.86,17314.617,17779.1
2026-03-11 11:00:00+00:00,19526.52,17346.342,17114.1,17578.582
2026-03-11 12:00:00+00:00,18871.7,16861.42,16629.18,17093.66
2026-03-11 13:00:00+00:00,18271.28,16670.684,16438.443,16902.924
2026-03-11 14:00:00+00:00,18442.24,16554.291,16322.05,16786.531
2026-03-11 15:00:00+00:00,18469.8,17203.465,16971.225,17435.705
2026-03-11 16:00:00+00:00,18853.44,17767.207,17534.967,17999.447
2026-03-11 17:00:00+00:00,18808.94,18533.71,18301.47,18765.951
2026-03-11 18:00:00+00:00,18172.46,18059.95,17827.709,18292.19
2026-03-11 19:00:00+00:00,17399.52,17022.11,16789.87,17254.35
2026-03-11 20:00:00+00:00,15953.67,15980.152,15747.912,16212.394
2026-03-11 21:00:00+00:00,15017.63,15187.742,14955.502,15419.983
2026-03-11 22:00:00+00:00,13832.13,13970.071,13737.831,14202.3125
2026-03-11 23:00:00+00:00,13004.93,13029.798,12797.558,13262.039
2026-03-12 00:00:00+00:00,12795.75,12514.427,12282.186,12746.667
2026-03-12 01:00:00+00:00,12580.17,12392.806,12160.565,12625.046
2026-03-12 02:00:00+00:00,12410.54,12427.709,12195.468,12659.95
2026-03-12 03:00:00+00:00,12809.2,13659.347,13427.105,13891.587
2026-03-12 04:00:00+00:00,14095.54,14925.851,14693.61,15158.092
2026-03-12 05:00:00+00:00,16097.15,17767.043,17534.8,17999.283
2026-03-12 06:00:00+00:00,17404.41,18221.602,17989.361,18453.844
2026-03-12 07:00:00+00:00,18161.38,18847.617,18615.375,19079.857
2026-03-12 08:00:00+00:00,18201.28,18765.834,18533.592,18998.074
2026-03-12 09:00:00+00:00,18427.51,18702.021,18469.781,18934.262
2026-03-12 10:00:00+00:00,17991.78,18027.92,17795.68,18260.16
2026-03-12 11:00:00+00:00,18046.2,17823.598,17591.357,18055.84
2026-03-12 12:00:00+00:00,17780.1,16823.096,16590.855,17055.336
2026-03-12 13:00:00+00:00,17331.99,16883.021,16650.781,17115.262
2026-03-12 14:00:00+00:00,16779.74,16653.62,16421.379,16885.86
2026-03-12 15:00:00+00:00,17030.85,17315.084,17082.844,17547.324
2026-03-12 16:00:00+00:00,18061.28,17474.664,17242.424,17706.906
2026-03-12 17:00:00+00:00,18418.98,18245.48,18013.24,18477.72
2026-03-12 18:00:00+00:00,18860.4,18615.91,18383.668,18848.15
2026-03-12 19:00:00+00:00,18138.74,17912.498,17680.258,18144.738
2026-03-12 20:00:00+00:00,17308.32,17003.322,16771.08,17235.562
2026-03-12 21:00:00+00:00,15924.04,15585.661,15353.421,15817.902
2026-03-12 22:00:00+00:00,15272.91,14530.757,14298.516,14762.997
2026-03-12 23:00:00+00:00,14647.62,14258.325,14026.084,14490.565
