date,solar_50hz_actual,solar_50hz_fitted,solar_50hz_lower,solar_50hz_upper
2026-01-24 00:00:00+00:00,-6.0347287e-05,7.5502502511521925,-1028.328726071457,1043.429226573761
2026-01-24 01:00:00+00:00,-6.0347287e-05,9.9307263016467,-1025.948250020962,1045.8097026242558
2026-01-24 02:00:00+00:00,-6.0347287e-05,12.276730162858712,-1023.6022461597504,1048.1557064854676
2026-01-24 03:00:00+00:00,-6.0347287e-05,11.443284855796264,-1024.4356914668128,1047.322261178405
2026-01-24 04:00:00+00:00,-6.0347287e-05,21.61022690705613,-1014.268749415553,1057.489203229665
2026-01-24 05:00:00+00:00,-6.0347287e-05,33.748172716777844,-1002.1308036058313,1069.6271490393867
2026-01-24 06:00:00+00:00,0.4100959,32.91155512338446,-1002.9674211992246,1068.7905314459933
2026-01-24 07:00:00+00:00,142.72992,240.61698968388964,-795.2619866387195,1276.4959660064985
2026-01-24 08:00:00+00:00,728.37994,1257.260926545012,221.38195022240302,2293.1399028676205
2026-01-24 09:00:00+00:00,1564.18,2341.278444119384,1305.3994677967753,3377.157420441993
2026-01-24 10:00:00+00:00,2238.99,3325.5721209160492,2289.69314459344,4361.451097238658
2026-01-24 11:00:00+00:00,2414.89,2609.024304535117,1573.1453282125085,3644.9032808577263
2026-01-24 12:00:00+00:00,1941.79,1883.334927908085,847.4559515854762,2919.213904230694
2026-01-24 13:00:00+00:00,1196.85,1528.2669529012524,492.3879765786435,2564.1459292238615
2026-01-24 14:00:00+00:00,525.51996,660.718454322229,-375.16052200037984,1696.597430644838
2026-01-24 15:00:00+00:00,85.01996,111.58140915758304,-924.2975671650256,1147.4603854801921
2026-01-24 16:00:00+00:00,0.049988482,-7.328770074830118,-1043.2077463974388,1028.550206247779
2026-01-24 17:00:00+00:00,-6.0347287e-05,-7.328770074830118,-1043.2077463974388,1028.550206247779
2026-01-24 18:00:00+00:00,-6.0347287e-05,-7.328770074830118,-1043.2077463974388,1028.550206247779
2026-01-24 19:00:00+00:00,-6.0347287e-05,-7.328770074830118,-1043.2077463974388,1028.550206247779
2026-01-24 20:00:00+00:00,-6.0347287e-05,-5.376447766909678,-1041.2554240895188,1030.5025285556992
2026-01-24 21:00:00+00:00,-6.0347287e-05,1.3347226229166154,-1034.5442536996925,1037.2136989455255
2026-01-24 22:00:00+00:00,-6.0347287e-05,1.873998447343638,-1034.0049778752655,1037.7529747699525
2026-01-24 23:00:00+00:00,-6.0347287e-05,1.873998447343638,-1034.0049778752655,1037.7529747699525
2026-01-25 00:00:00+00:00,-6.0347287e-05,7.01097442672517,-1028.868001895884,1042.8899507493338
2026-01-25 01:00:00+00:00,-6.0347287e-05,9.097674594358523,-1026.7813017282506,1044.9766509169672
2026-01-25 02:00:00+00:00,-6.0347287e-05,11.73745433843169,-1024.1415219841774,1047.6164306610406
2026-01-25 03:00:00+00:00,-6.0347287e-05,11.443284855796264,-1024.4356914668128,1047.322261178405
2026-01-25 04:00:00+00:00,-6.0347287e-05,15.344621548943906,-1020.5343547736652,1051.2235978715528
2026-01-25 05:00:00+00:00,-6.0347287e-05,33.748172716777844,-1002.1308036058313,1069.6271490393867
2026-01-25 06:00:00+00:00,0.43011543,66.74302761257422,-969.1359487100344,1102.622003935183
2026-01-25 07:00:00+00:00,131.85004,216.79668830297305,-819.082288019636,1252.6756646255817
2026-01-25 08:00:00+00:00,577.13995,795.6630852003996,-240.21589112220954,1831.5420615230084
2026-01-25 09:00:00+00:00,1017.81,1398.9263502419185,363.0473739193096,2434.8053265645276
2026-01-25 10:00:00+00:00,1333.91,1807.2933796462003,771.4144033235914,2843.172355968809
2026-01-25 11:00:00+00:00,1390.48,1637.8457136667655,601.9667373441566,2673.7246899893744
2026-01-25 12:00:00+00:00,1136.19,1424.209765829266,388.3307895066571,2460.088742151875
2026-01-25 13:00:00+00:00,686.66,1218.5102785938284,182.6313022712195,2254.3892549164375
2026-01-25 14:00:00+00:00,261.63995,520.16762922322,-515.7113470993891,1556.046605545829
2026-01-25 15:00:00+00:00,23.880066,97.54948384240424,-938.3294924802044,1133.4284601650133
2026-01-25 16:00:00+00:00,0.07000801,-7.328770074830118,-1043.2077463974388,1028.550206247779
2026-01-25 17:00:00+00:00,-6.0347287e-05,-7.328770074830118,-1043.2077463974388,1028.550206247779
2026-01-25 18:00:00+00:00,-6.0347287e-05,-7.328770074830118,-1043.2077463974388,1028.550206247779
2026-01-25 19:00:00+00:00,-6.0347287e-05,-5.351891524354414,-1041.2308678469635,1030.5270847982542
2026-01-25 20:00:00+00:00,-6.0347287e-05,-5.351891524354414,-1041.2308678469635,1030.5270847982542
2026-01-25 21:00:00+00:00,-6.0347287e-05,-14.384436875452593,-1050.2634131980617,1021.4945394471563
2026-01-25 22:00:00+00:00,-6.0347287e-05,-14.384436875452593,-1050.2634131980617,1021.4945394471563
2026-01-25 23:00:00+00:00,-6.0347287e-05,-14.384436875452593,-1050.2634131980617,1021.4945394471563
2026-01-26 00:00:00+00:00,-6.0347287e-05,-8.290547905958192,-1044.1695242285673,1027.5884284166505
2026-01-26 01:00:00+00:00,-6.0347287e-05,-5.910071855463684,-1041.7890481780728,1029.9689044671452
2026-01-26 02:00:00+00:00,-6.0347287e-05,-37.762046236906826,-1073.6410225595155,998.1169300857023
2026-01-26 03:00:00+00:00,-6.0347287e-05,-7.282442120918404,-1043.1614184435275,1028.5965342016905
2026-01-26 04:00:00+00:00,-6.0347287e-05,8.153279902181566,-1027.7256964204275,1044.0322562247904
2026-01-26 05:00:00+00:00,-6.0347287e-05,22.90265494900359,-1012.9763213736051,1058.7816312716127
2026-01-26 06:00:00+00:00,0.37005684,24.287592521032366,-1011.5913838015763,1060.1665688436415
2026-01-26 07:00:00+00:00,44.93988,129.89283205287052,-905.9861442697384,1165.7718083754794
2026-01-26 08:00:00+00:00,206.84003,782.7958650279922,-253.08311129461663,1818.6748413506011
2026-01-26 09:00:00+00:00,370.26984,1178.5802374818077,142.7012611591988,2214.459213804417
2026-01-26 10:00:00+00:00,523.45,1970.9411292812138,935.0621529586047,3006.8201056038224
2026-01-26 11:00:00+00:00,537.06,1494.020901708127,458.1419253855181,2529.8998780307356
2026-01-26 12:00:00+00:00,409.81,1206.8523384813052,170.97336215869632,2242.7313148039143
2026-01-26 13:00:00+00:00,265.48004,1239.7184169261416,203.83944060353247,2275.5973932487504
2026-01-26 14:00:00+00:00,136.42987,436.62513108784015,-599.253845234769,1472.504107410449
2026-01-26 15:00:00+00:00,20.519958,50.23610073175678,-985.6428755908519,1086.1150770543659
2026-01-26 16:00:00+00:00,0.07000801,-19.977416385420383,-1055.856392708029,1015.9015599371885
2026-01-26 17:00:00+00:00,-6.0347287e-05,-9.193619096574366,-1045.0725954191835,1026.6853572260345
2026-01-26 18:00:00+00:00,-6.0347287e-05,-18.171766193161147,-1054.0507425157698,1017.707210129448
2026-01-26 19:00:00+00:00,-6.0347287e-05,-12.673536091792357,-1048.5525124144015,1023.2054402308165
2026-01-26 20:00:00+00:00,-6.0347287e-05,-15.630397791424912,-1051.509374114034,1020.248578531184
2026-01-26 21:00:00+00:00,-6.0347287e-05,-18.000537834945135,-1053.8795141575538,1017.878438487664
2026-01-26 22:00:00+00:00,-6.0347287e-05,-18.000537834945135,-1053.8795141575538,1017.878438487664
2026-01-26 23:00:00+00:00,-6.0347287e-05,-18.31803530281013,-1054.1970116254192,1017.5609410197985
2026-01-27 00:00:00+00:00,-6.0347287e-05,-13.000761261423122,-1048.8797375840322,1022.8782150611858
2026-01-27 01:00:00+00:00,-6.0347287e-05,-10.410765290663676,-1046.2897416132723,1025.4682110319454
2026-01-27 02:00:00+00:00,-6.0347287e-05,-7.3610224953849865,-1043.239998817994,1028.517953827224
2026-01-27 03:00:00+00:00,-6.0347287e-05,-11.099491632456193,-1046.9784679550653,1024.7794846901527
2026-01-27 04:00:00+00:00,-6.0347287e-05,-3.1146287952842613,-1038.9936051178934,1032.7643475273244
2026-01-27 05:00:00+00:00,-6.0347287e-05,13.000526249452832,-1022.8784500731558,1048.879502572062
2026-01-27 06:00:00+00:00,1.1400764,12.762537673241695,-1023.116438649367,1048.6415139958508
2026-01-27 07:00:00+00:00,31.44989,156.49609572161307,-879.3828806009956,1192.3750720442222
2026-01-27 08:00:00+00:00,152.53998,828.6289065118781,-207.25006981073102,1864.507882834487
2026-01-27 09:00:00+00:00,289.48004,1318.5268763129147,282.64789999030586,2354.405852635524
2026-01-27 10:00:00+00:00,380.12994,2246.1137301701883,1210.2347538475792,3281.992706492797
2026-01-27 11:00:00+00:00,375.63995,1854.0282339291398,818.1492576065309,2889.9072102517484
2026-01-27 12:00:00+00:00,327.76007,1956.3243154397878,920.445339117179,2992.203291762397
2026-01-27 13:00:00+00:00,248.70001,1262.9427814611163,227.06380513850763,2298.8217577837254
2026-01-27 14:00:00+00:00,110.34003,511.2927138031855,-524.5862625194236,1547.1716901257942
2026-01-27 15:00:00+00:00,21.7099,149.83061061412104,-886.0483657084878,1185.70958693673
2026-01-27 16:00:00+00:00,0.080017775,0.8667208222109366,-1035.0122555003977,1036.74569714482
2026-01-27 17:00:00+00:00,-6.0347287e-05,-3.672144802971161,-1039.5511211255798,1032.2068315196377
2026-01-27 18:00:00+00:00,-6.0347287e-05,-8.999146546123484,-1044.8781228687326,1026.8798297764852
2026-01-27 19:00:00+00:00,-6.0347287e-05,-8.999146546123484,-1044.8781228687326,1026.8798297764852
2026-01-27 20:00:00+00:00,-6.0347287e-05,-7.022267995648235,-1042.9012443182573,1028.8567083269604
2026-01-27 21:00:00+00:00,-6.0347287e-05,-5.682341218007423,-1041.5613175406165,1030.1966351046015
2026-01-27 22:00:00+00:00,-6.0347287e-05,-0.6048734886835518,-1036.4838498112927,1035.2741028339253
2026-01-27 23:00:00+00:00,-6.0347287e-05,-5.083712200825175,-1040.9626885234343,1030.7952641217837
2026-01-28 00:00:00+00:00,-6.0347287e-05,-1.3460161918396807,-1037.2249925144488,1034.532960130769
2026-01-28 01:00:00+00:00,-6.0347287e-05,1.0344598586548273,-1034.8445164639538,1036.9134361812637
2026-01-28 02:00:00+00:00,-6.0347287e-05,4.493847069477852,-1031.3851292531313,1040.3728233920867
2026-01-28 03:00:00+00:00,-6.0347287e-05,2.484413806964767,-1033.3945625156443,1038.3633901295736
2026-01-28 04:00:00+00:00,-6.0347287e-05,12.51354749238908,-1023.3654288302196,1048.392523814998
2026-01-28 05:00:00+00:00,-6.0347287e-05,39.14461801106927,-996.7343583115394,1075.0235943336781
2026-01-28 06:00:00+00:00,0.24993965,31.983263062576498,-1003.8957132600322,1067.8622393851856
2026-01-28 07:00:00+00:00,41.049988,163.61341151491115,-872.2655648076975,1199.4923878375203
2026-01-28 08:00:00+00:00,189.68,782.9230219859842,-252.95595433662447,1818.801998308593
2026-01-28 09:00:00+00:00,414.76984,1213.5234927645663,177.64451644195742,2249.402469087175
2026-01-28 10:00:00+00:00,666.01996,1849.1862314777352,813.3072551551263,2885.065207800344
2026-01-28 11:00:00+00:00,842.93,2479.7556791769803,1443.8767028543714,3515.634655499589
2026-01-28 12:00:00+00:00,774.82,2280.7332991034264,1244.8543227808177,3316.6122754260355
2026-01-28 13:00:00+00:00,459.23993,1255.564744807331,219.68576848472185,2291.4437211299396
2026-01-28 14:00:00+00:00,177.33002,722.1884987382205,-313.6904775843882,1758.0674750608296
2026-01-28 15:00:00+00:00,22.910095,146.1230990736642,-889.7558772489447,1182.002075396273
2026-01-28 16:00:00+00:00,0.12005684,-8.999146546123484,-1044.8781228687326,1026.8798297764852
2026-01-28 17:00:00+00:00,-6.0347287e-05,-8.999146546123484,-1044.8781228687326,1026.8798297764852
2026-01-28 18:00:00+00:00,-6.0347287e-05,-8.999146546123484,-1044.8781228687326,1026.8798297764852
2026-01-28 19:00:00+00:00,-6.0347287e-05,-8.999146546123484,-1044.8781228687326,1026.8798297764852
2026-01-28 20:00:00+00:00,-6.0347287e-05,-7.022267995648235,-1042.9012443182573,1028.8567083269604
2026-01-28 21:00:00+00:00,-6.0347287e-05,-7.022267995648235,-1042.9012443182573,1028.8567083269604
2026-01-28 22:00:00+00:00,-6.0347287e-05,-7.022267995648235,-1042.9012443182573,1028.8567083269604
2026-01-28 23:00:00+00:00,-6.0347287e-05,-7.022267995648235,-1042.9012443182573,1028.8567083269604
2026-01-29 00:00:00+00:00,-6.0347287e-05,0.32436027945414025,-1035.554616043155,1036.2033366020628
2026-01-29 01:00:00+00:00,-6.0347287e-05,2.704836329948648,-1033.1741399926605,1038.5838126525575
2026-01-29 02:00:00+00:00,-6.0347287e-05,6.164223540771673,-1029.7147527818374,1042.0431998633806
2026-01-29 03:00:00+00:00,-6.0347287e-05,4.154790278258588,-1031.7241860443505,1040.0337666008675
2026-01-29 04:00:00+00:00,-6.0347287e-05,14.1839239636829,-1021.6950523589262,1050.0629002862918
2026-01-29 05:00:00+00:00,-6.0347287e-05,33.77272895933265,-1002.106247363276,1069.6517052819418
2026-01-29 06:00:00+00:00,0.25994942,26.492474860091534,-1009.3865014625176,1062.3714511827004
2026-01-29 07:00:00+00:00,25.249939,163.35093748834993,-872.528038834259,1199.2299138109588
2026-01-29 08:00:00+00:00,120.57001,757.3456554986517,-278.5333208239572,1793.2246318212606
2026-01-29 09:00:00+00:00,242.43,1236.3966621887284,200.5176858661198,2272.2756385113375
2026-01-29 10:00:00+00:00,353.73993,1373.2946682153772,337.4156918927681,2409.173644537986
2026-01-29 11:00:00+00:00,404.79987,1226.4327551948136,190.55377887220448,2262.3117315174222
2026-01-29 12:00:00+00:00,353.35992,1122.7038629808594,86.82488665825076,2158.5828393034685
2026-01-29 13:00:00+00:00,238.43,1053.236518379384,17.357542056774946,2089.1154947019927
2026-01-29 14:00:00+00:00,97.76996,604.8582163365334,-431.0207599860755,1640.7371926591422
2026-01-29 15:00:00+00:00,11.709901,71.3556906372055,-964.5232856854032,1107.2346669598144
2026-01-29 16:00:00+00:00,0.15008613,-20.39505355110623,-1056.2740298737149,1015.4839227715026
2026-01-29 17:00:00+00:00,-6.0347287e-05,-20.712551018971226,-1056.5915273415803,1015.1664253036374
2026-01-29 18:00:00+00:00,-6.0347287e-05,-18.49247923832445,-1054.371455560933,1017.3864970842847
2026-01-29 19:00:00+00:00,-6.0347287e-05,-20.712551018971226,-1056.5915273415803,1015.1664253036374
2026-01-29 20:00:00+00:00,-6.0347287e-05,-18.735672468495977,-1054.614648791105,1017.1433038541129
2026-01-29 21:00:00+00:00,-6.0347287e-05,-18.735672468495977,-1054.614648791105,1017.1433038541129
2026-01-29 22:00:00+00:00,-6.0347287e-05,-18.735672468495977,-1054.614648791105,1017.1433038541129
2026-01-29 23:00:00+00:00,-6.0347287e-05,-18.735672468495977,-1054.614648791105,1017.1433038541129
2026-01-30 00:00:00+00:00,-6.0347287e-05,-6.4209873558575055,-1042.2999636784666,1029.4579889667514
2026-01-30 01:00:00+00:00,-6.0347287e-05,-4.0405113053629975,-1039.9194876279716,1031.838465017246
2026-01-30 02:00:00+00:00,-6.0347287e-05,-0.5811240945399732,-1036.4601004171486,1035.2978522280691
2026-01-30 03:00:00+00:00,-6.0347287e-05,-0.1964453147847962,-1036.075421637394,1035.682531007824
2026-01-30 04:00:00+00:00,-6.0347287e-05,10.150185838504967,-1025.7287904841041,1046.0291621611136
2026-01-30 05:00:00+00:00,-6.0347287e-05,29.15052898414615,-1006.728447338463,1065.0295053067548
2026-01-30 06:00:00+00:00,1.070008,17.214987170855238,-1018.6639891517534,1053.0939634934643
2026-01-30 07:00:00+00:00,27.390076,116.08062729073481,-919.7983490318738,1151.959603613344
2026-01-30 08:00:00+00:00,132.52997,609.306918151339,-426.5720581712699,1645.1858944739479
2026-01-30 09:00:00+00:00,281.33002,1240.9575702512466,205.0785939286377,2276.8365465738552
2026-01-30 10:00:00+00:00,423.2398,1423.482128957972,387.6031526353629,2459.361105280581
2026-01-30 11:00:00+00:00,474.56,1416.9925341013036,381.1135577786947,2452.8715104239127
2026-01-30 12:00:00+00:00,439.39996,1277.1987120244355,241.31973570182663,2313.0776883470444
2026-01-30 13:00:00+00:00,358.02997,1073.2518445146538,37.372868192044734,2109.1308208372625
2026-01-30 14:00:00+00:00,168.52985,788.2099330980632,-247.66904322454548,1824.088909420672
2026-01-30 15:00:00+00:00,27.390076,85.4367796137085,-950.4421967089002,1121.3157559363174
2026-01-30 16:00:00+00:00,0.15008613,-14.93825800541299,-1050.8172343280216,1020.9407183171961
2026-01-30 17:00:00+00:00,-6.0347287e-05,-14.93825800541299,-1050.8172343280216,1020.9407183171961
2026-01-30 18:00:00+00:00,-6.0347287e-05,-11.362508200008051,-1047.2414845226172,1024.5164681226008
2026-01-30 19:00:00+00:00,-6.0347287e-05,-14.93825800541299,-1050.8172343280216,1020.9407183171961
2026-01-30 20:00:00+00:00,-6.0347287e-05,-12.961379454937742,-1048.8403557775464,1022.9175968676714
2026-01-30 21:00:00+00:00,-6.0347287e-05,-12.961379454937742,-1048.8403557775464,1022.9175968676714
2026-01-30 22:00:00+00:00,-6.0347287e-05,-12.961379454937742,-1048.8403557775464,1022.9175968676714
2026-01-30 23:00:00+00:00,-6.0347287e-05,-8.927641329759354,-1044.8066176523685,1026.9513349928495
2026-01-31 00:00:00+00:00,-6.0347287e-05,-10.137464921756873,-1040.3863731674328,1020.1114433239193
2026-01-31 01:00:00+00:00,-6.0347287e-05,-10.137464921756873,-1040.3863731674328,1020.1114433239193
2026-01-31 02:00:00+00:00,-6.0347287e-05,-7.602993302728009,-1037.851901548404,1022.6459149429479
2026-01-31 03:00:00+00:00,-6.0347287e-05,2.5592478819889948,-1027.689660363687,1032.8081561276651
2026-01-31 04:00:00+00:00,-6.0347287e-05,4.89342259525074,-1025.3554856504252,1035.142330840927
2026-01-31 05:00:00+00:00,-6.0347287e-05,36.51564109838364,-993.7332671472923,1066.7645493440598
2026-01-31 06:00:00+00:00,0.3500373,36.51564109838364,-993.7332671472923,1066.7645493440598
2026-01-31 07:00:00+00:00,56.080017,266.90184375021295,-763.3470644954632,1297.1507519958889
2026-01-31 08:00:00+00:00,244.85004,914.3091311130925,-115.93977713258346,1944.5580393587684
2026-01-31 09:00:00+00:00,510.63995,1725.4641423093083,695.2152340636324,2755.7130505549844
2026-01-31 10:00:00+00:00,777.2299,2720.7024528654515,1690.4535446197756,3750.9513611111274
2026-01-31 11:00:00+00:00,912.3499,3371.8505670539507,2341.601658808275,4402.099475299627
2026-01-31 12:00:00+00:00,796.19,2542.0989964659616,1511.8500882202857,3572.3479047116375
2026-01-31 13:00:00+00:00,585.7299,1518.5967228117495,488.34781456607334,2548.8456310574256
2026-01-31 14:00:00+00:00,280.0799,1065.454631236802,35.205722991126095,2095.703539482478
2026-01-31 15:00:00+00:00,46.840027,198.64776971952278,-831.6011385261531,1228.8966779651987
2026-01-31 16:00:00+00:00,0.44989082,20.135621860071296,-1010.1132863856046,1050.3845301057472
2026-01-31 17:00:00+00:00,-6.0347287e-05,12.65638946643503,-1017.5925187792409,1042.9052977121112
2026-01-31 18:00:00+00:00,-6.0347287e-05,-1.4560545087074388,-1031.7049627543838,1028.7928537369683
2026-01-31 19:00:00+00:00,-6.0347287e-05,-9.702380220307987,-1039.951288465984,1020.5465280253682
2026-01-31 20:00:00+00:00,-6.0347287e-05,-9.702380220307987,-1039.951288465984,1020.5465280253682
2026-01-31 21:00:00+00:00,-6.0347287e-05,-1.1080285152543183,-1031.3569367609302,1029.1408797304216
2026-01-31 22:00:00+00:00,-6.0347287e-05,-2.2221274151033867,-1032.4710356607798,1028.0267808305723
2026-01-31 23:00:00+00:00,-6.0347287e-05,-6.256501504858079,-1036.5054097505345,1023.9924067408176
2026-02-01 00:00:00+00:00,-6.0347287e-05,2.1778312678598013,-1028.0710769778161,1032.426739513536
2026-02-01 01:00:00+00:00,-6.0347287e-05,1.6866869189134377,-1028.5622213267625,1031.9355951645896
2026-02-01 02:00:00+00:00,-6.0347287e-05,5.4153229647808985,-1024.833585280895,1035.6642312104568
2026-02-01 03:00:00+00:00,-6.0347287e-05,10.97720275491747,-1019.2717054907584,1041.2261110005934
2026-02-01 04:00:00+00:00,-6.0347287e-05,8.326197466360554,-1021.9227107793154,1038.5751057120367
2026-02-01 05:00:00+00:00,-6.0347287e-05,44.494728167818266,-985.7541800778577,1074.7436364134942
2026-02-01 06:00:00+00:00,0.78997874,44.043265566579066,-986.2056426790969,1074.2921738122552
2026-02-01 07:00:00+00:00,79.640076,373.28564616450603,-656.9632620811699,1403.534554410182
2026-02-01 08:00:00+00:00,304.91986,863.9029578702723,-166.3459503754034,1894.1518661159485
2026-02-01 09:00:00+00:00,559.61993,1562.8722406582356,532.6233324125596,2593.1211489039115
2026-02-01 10:00:00+00:00,769.02997,2493.286478256591,1463.0375700109153,3523.535386502267
2026-02-01 11:00:00+00:00,885.83,1870.5667570640358,840.3178488183598,2900.8156653097117
2026-02-01 12:00:00+00:00,835.55,1374.9112403881277,344.66233214245176,2405.1601486338036
2026-02-01 13:00:00+00:00,598.12994,1269.291633873121,239.04272562744518,2299.540542118797
2026-02-01 14:00:00+00:00,277.50995,841.1587714338489,-189.09013681182705,1871.4076796795248
2026-02-01 15:00:00+00:00,45.330017,209.50519716957,-820.7437110761057,1239.7541054152462
2026-02-01 16:00:00+00:00,0.40008613,-9.758568034559175,-1040.007476280235,1020.4903402111167
2026-02-01 17:00:00+00:00,-6.0347287e-05,-6.534611632012002,-1036.783519877688,1023.7142966136637
2026-02-01 18:00:00+00:00,-6.0347287e-05,19.564706163534993,-1010.6842020821409,1049.813614409211
2026-02-01 19:00:00+00:00,-6.0347287e-05,16.807020287675186,-1013.4418879580007,1047.0559285333509
2026-02-01 20:00:00+00:00,-6.0347287e-05,-5.335102173413361,-1035.5840104190893,1024.9138060722626
2026-02-01 21:00:00+00:00,-6.0347287e-05,-2.6372703153238035,-1032.8861785609997,1027.6116379303523
2026-02-01 22:00:00+00:00,-6.0347287e-05,-3.088732916562549,-1033.3376411622385,1027.1601753291134
2026-02-01 23:00:00+00:00,-6.0347287e-05,-3.088732916562549,-1033.3376411622385,1027.1601753291134
2026-02-02 00:00:00+00:00,-6.0347287e-05,-2.2044786402375394,-1032.4533868859135,1028.0444296054384
2026-02-02 01:00:00+00:00,-6.0347287e-05,-3.147085590423103,-1033.395993836099,1027.101822655253
2026-02-02 02:00:00+00:00,-6.0347287e-05,4.465173962587869,-1025.783734283088,1034.714082208264
2026-02-02 03:00:00+00:00,-6.0347287e-05,10.689690051334765,-1019.5592181943412,1040.9385982970107
2026-02-02 04:00:00+00:00,-6.0347287e-05,13.10926532907888,-1017.139642916597,1043.3581735747548
2026-02-02 05:00:00+00:00,-6.0347287e-05,43.389690826239985,-986.8592174194359,1073.638599071916
2026-02-02 06:00:00+00:00,1.2999885,43.389690826239985,-986.8592174194359,1073.638599071916
2026-02-02 07:00:00+00:00,165.59015,352.31669539007885,-677.9322128555973,1382.5656036357548
2026-02-02 08:00:00+00:00,587.9799,1247.0443843953012,216.7954761496253,2277.293292640977
2026-02-02 09:00:00+00:00,1000.2199,1868.1758696554057,837.9269614097298,2898.4247779010816
2026-02-02 10:00:00+00:00,1314.27,3054.6470009288196,2024.3980926831434,4084.8959091744955
2026-02-02 11:00:00+00:00,1373.69,3367.2845272724176,2337.0356190267416,4397.533435518094
2026-02-02 12:00:00+00:00,1181.51,2924.7582827996184,1894.5093745539427,3955.007191045295
2026-02-02 13:00:00+00:00,849.3499,1437.4981457116737,407.24923746599734,2467.7470539573496
2026-02-02 14:00:00+00:00,396.52008,960.7160550154713,-69.53285323020464,1990.9649632611472
2026-02-02 15:00:00+00:00,56.46991,242.2447695216806,-788.0041387239953,1272.4936777673565
2026-02-02 16:00:00+00:00,0.30999824,-9.138807475950216,-1039.3877157216261,1021.1101007697257
2026-02-02 17:00:00+00:00,-6.0347287e-05,-6.366313674642242,-1036.6152219203182,1023.8825945710339
2026-02-02 18:00:00+00:00,-6.0347287e-05,-6.678831975906178,-1036.927740221582,1023.5700762697697
2026-02-02 19:00:00+00:00,-6.0347287e-05,2.3244905568658396,-1027.92441768881,1032.5733988025418
2026-02-02 20:00:00+00:00,-6.0347287e-05,-11.368384141348542,-1041.6172923870245,1018.8805241043272
2026-02-02 21:00:00+00:00,-6.0347287e-05,-5.6362780916174415,-1035.8851863372934,1024.6126301540587
2026-02-02 22:00:00+00:00,-6.0347287e-05,-3.888131336144397,-1034.1370395818203,1026.3607769095315
2026-02-02 23:00:00+00:00,-6.0347287e-05,-11.368384141348542,-1041.6172923870245,1018.8805241043272
2026-02-03 00:00:00+00:00,-6.0347287e-05,-8.28823212567795,-1038.5371403713539,1021.9606761199977
2026-02-03 01:00:00+00:00,-6.0347287e-05,-8.28823212567795,-1038.5371403713539,1021.9606761199977
2026-02-03 02:00:00+00:00,-6.0347287e-05,5.404371860752235,-1024.8445363849237,1035.6532801064282
2026-02-03 03:00:00+00:00,-6.0347287e-05,5.641032227260894,-1024.607876018415,1035.8899404729368
2026-02-03 04:00:00+00:00,-6.0347287e-05,1.3060127882722554,-1028.9428954574037,1031.5549210339482
2026-02-03 05:00:00+00:00,-6.0347287e-05,31.261154537851326,-998.9877537078246,1061.5100627835272
2026-02-03 06:00:00+00:00,1.1500862,31.261154537851326,-998.9877537078246,1061.5100627835272
2026-02-03 07:00:00+00:00,168.78998,258.20695481007397,-772.041953435602,1288.45586305575
2026-02-03 08:00:00+00:00,672.62994,857.2809136794231,-172.96799456625286,1887.529821925099
2026-02-03 09:00:00+00:00,1149.41,1479.7139478492752,449.4650396035993,2509.9628560949513
2026-02-03 10:00:00+00:00,1505.81,2431.2439116837945,1400.9950034381184,3461.4928199294704
2026-02-03 11:00:00+00:00,1696.64,2344.6120801344587,1314.3631718887827,3374.8609883801346
2026-02-03 12:00:00+00:00,1634.71,2114.1139434906845,1083.8650352450088,3144.3628517363604
2026-02-03 13:00:00+00:00,1289.95,1277.987569121838,247.73866087616216,2308.236477367514
2026-02-03 14:00:00+00:00,659.96,958.2258196204898,-72.02308862518612,1988.4747278661657
2026-02-03 15:00:00+00:00,116.57001,334.8188768436355,-695.4300314020406,1365.0677850893114
2026-02-03 16:00:00+00:00,0.36004707,10.443148480298987,-1019.8057597653769,1040.692056725975
2026-02-03 17:00:00+00:00,-6.0347287e-05,9.786835609586433,-1020.4620726360895,1040.0357438552624
2026-02-03 18:00:00+00:00,-6.0347287e-05,9.786835609586433,-1020.4620726360895,1040.0357438552624
2026-02-03 19:00:00+00:00,-6.0347287e-05,-9.74330115016619,-1039.9922093958426,1020.5056070955095
2026-02-03 20:00:00+00:00,-6.0347287e-05,-14.7115469816913,-1044.9604552273677,1015.5373612639844
2026-02-03 21:00:00+00:00,-6.0347287e-05,-18.157425697141207,-1048.4063339428171,1012.0914825485349
2026-02-03 22:00:00+00:00,-6.0347287e-05,-18.157425697141207,-1048.4063339428171,1012.0914825485349
2026-02-03 23:00:00+00:00,-6.0347287e-05,-20.130203790400174,-1050.379112036076,1010.1187044552757
2026-02-04 00:00:00+00:00,-6.0347287e-05,-21.373165668456295,-1051.6220739141322,1008.8757425772196
2026-02-04 01:00:00+00:00,-6.0347287e-05,-17.25241751290423,-1047.5013257585802,1012.9964907327717
2026-02-04 02:00:00+00:00,-6.0347287e-05,-14.6897952560862,-1044.9387035017621,1015.55911298959
2026-02-04 03:00:00+00:00,-6.0347287e-05,-10.109871739193295,-1040.3587799848697,1020.1390365064824
2026-02-04 04:00:00+00:00,-6.0347287e-05,-12.961486788496131,-1043.210395034172,1017.2874214571796
2026-02-04 05:00:00+00:00,-6.0347287e-05,17.65984853068221,-1012.5890597149937,1047.9087567763581
2026-02-04 06:00:00+00:00,1.5900276,17.65984853068221,-1012.5890597149937,1047.9087567763581
2026-02-04 07:00:00+00:00,104.34003,219.05347106608178,-811.1954371795941,1249.3023793117577
2026-02-04 08:00:00+00:00,401.93,1149.6943353974457,119.44542715176931,2179.9432436431216
2026-02-04 09:00:00+00:00,809.69,1703.8151231029342,673.566214857258,2734.06403134861
2026-02-04 10:00:00+00:00,1326.65,2650.783312432854,1620.534404187178,3681.03222067853
2026-02-04 11:00:00+00:00,1744.71,3370.7887988095613,2340.5398905638854,4401.037707055237
2026-02-04 12:00:00+00:00,1827.91,3142.2159732923983,2111.9670650467224,4172.464881538074
2026-02-04 13:00:00+00:00,1295.93,1681.7538753446106,651.5049670989345,2712.0027835902865
2026-02-04 14:00:00+00:00,570.51996,1380.9964800420603,350.7475717963846,2411.245388287736
2026-02-04 15:00:00+00:00,111.920105,303.83381005525166,-726.4150981904245,1334.0827183009276
2026-02-04 16:00:00+00:00,0.6400764,-4.427372767901488,-1034.6762810135779,1025.8215354777742
2026-02-04 17:00:00+00:00,-6.0347287e-05,-7.7448486667867655,-1037.9937569124627,1022.5040595788892
2026-02-04 18:00:00+00:00,-6.0347287e-05,-12.74691913349352,-1042.9958273791694,1017.5019891121826
2026-02-04 19:00:00+00:00,-6.0347287e-05,-12.74691913349352,-1042.9958273791694,1017.5019891121826
2026-02-04 20:00:00+00:00,-6.0347287e-05,-12.74691913349352,-1042.9958273791694,1017.5019891121826
2026-02-04 21:00:00+00:00,-6.0347287e-05,-12.74691913349352,-1042.9958273791694,1017.5019891121826
2026-02-04 22:00:00+00:00,-6.0347287e-05,-19.32232661379294,-1049.5712348594689,1010.9265816318832
2026-02-04 23:00:00+00:00,-6.0347287e-05,-13.941083560332117,-1044.189991806008,1016.307824685344
2026-02-05 00:00:00+00:00,-6.0347287e-05,-4.822103286116544,-1035.0710115317925,1025.4268049595596
2026-02-05 01:00:00+00:00,-6.0347287e-05,-5.4245124052877145,-1035.6734206509636,1024.8243958403884
2026-02-05 02:00:00+00:00,-6.0347287e-05,-4.501932200450938,-1034.7508404461269,1025.746976045225
2026-02-05 03:00:00+00:00,-6.0347287e-05,-5.449578472793291,-1035.6984867184692,1024.7993297728826
2026-02-05 04:00:00+00:00,-6.0347287e-05,-8.301193522096128,-1038.550101767772,1021.9477147235798
2026-02-05 05:00:00+00:00,-6.0347287e-05,21.653948227482942,-1008.594960018193,1051.9028564731589
2026-02-05 06:00:00+00:00,1.3700569,21.653948227482942,-1008.594960018193,1051.9028564731589
2026-02-05 07:00:00+00:00,63.77997,299.9964377920239,-730.2524704536518,1330.2453460377
2026-02-05 08:00:00+00:00,248.82013,693.1710562934941,-337.07785195218185,1723.41996453917
2026-02-05 09:00:00+00:00,495.87994,1170.3752674439907,140.12635919831473,2200.6241756896666
2026-02-05 10:00:00+00:00,669.4799,1240.2527881243632,210.00387987868703,2270.501696370039
2026-02-05 11:00:00+00:00,722.94,1844.244471219293,813.9955629736169,2874.4933794649687
2026-02-05 12:00:00+00:00,663.76996,1461.8695365285034,431.6206282828273,2492.1184447741794
2026-02-05 13:00:00+00:00,496.75006,606.4619190337733,-423.78698921190244,1636.7108272794492
2026-02-05 14:00:00+00:00,253.6701,827.8181123724967,-202.43079587317925,1858.0670206181726
2026-02-05 15:00:00+00:00,57.100037,194.54483700703418,-835.704071238642,1224.79374525271
2026-02-05 16:00:00+00:00,0.6100471,-18.400814111145337,-1048.6497223568213,1011.8480941345306
2026-02-05 17:00:00+00:00,-6.0347287e-05,-16.345387958216634,-1046.5942962038926,1013.9035202874593
2026-02-05 18:00:00+00:00,-6.0347287e-05,-14.372609864957667,-1044.6215181106336,1015.8762983807185
2026-02-05 19:00:00+00:00,-6.0347287e-05,-16.345387958216634,-1046.5942962038926,1013.9035202874593
2026-02-05 20:00:00+00:00,-6.0347287e-05,-10.891854890271134,-1041.140763135947,1019.357053355405
2026-02-05 21:00:00+00:00,-6.0347287e-05,-13.70641629535794,-1043.9553245410339,1016.542491950318
2026-02-05 22:00:00+00:00,-6.0347287e-05,-7.06680358806716,-1037.315711833743,1023.1821046576088
2026-02-05 23:00:00+00:00,-6.0347287e-05,-1.627091374102747,-1031.8759996197787,1028.6218168715734
2026-02-06 00:00:00+00:00,-6.0347287e-05,-4.503416293494411,-1034.7523245391703,1025.7454919521813
2026-02-06 01:00:00+00:00,-6.0347287e-05,-4.503416293494411,-1034.7523245391703,1025.7454919521813
2026-02-06 02:00:00+00:00,-6.0347287e-05,-0.7747802476274046,-1031.0236884933033,1029.4741279980485
2026-02-06 03:00:00+00:00,-6.0347287e-05,4.787099542509168,-1025.4618087031668,1035.036007788185
2026-02-06 04:00:00+00:00,-6.0347287e-05,11.600354682934721,-1018.6485535627412,1041.8492629286104
2026-02-06 05:00:00+00:00,-6.0347287e-05,39.75892288650448,-990.4899853591714,1070.0078311321802
2026-02-06 06:00:00+00:00,2.8300178,34.4637164878236,-995.7851917578528,1064.7126247334993
2026-02-06 07:00:00+00:00,108.870056,346.81403508125277,-683.4348731644232,1377.0629433269287
2026-02-06 08:00:00+00:00,346.19,916.4079254352259,-113.84098281044999,1946.6568336809019
2026-02-06 09:00:00+00:00,610.95,1656.8332085247625,626.5843002790864,2687.0821167704385
2026-02-06 10:00:00+00:00,870.4899,1786.2066430228272,755.9577347771512,2816.4555512685033
2026-02-06 11:00:00+00:00,1007.34,2365.1247515797486,1334.8758433340727,3395.3736598254245
2026-02-06 12:00:00+00:00,973.4799,2179.3818957733415,1149.1329875276656,3209.6308040190174
2026-02-06 13:00:00+00:00,738.2,1166.5077803696524,136.25887212397652,2196.7566886153286
2026-02-06 14:00:00+00:00,332.65997,891.9196359385639,-138.32927230711175,1922.16854418424
2026-02-06 15:00:00+00:00,73.47992,260.22723041799145,-770.0216778276845,1290.4761386636674
2026-02-06 16:00:00+00:00,1.2199104,1.1942501394441933,-1029.0546581062317,1031.44315838512
2026-02-06 17:00:00+00:00,-6.0347287e-05,-4.454618842276886,-1034.7035270879528,1025.794289403399
2026-02-06 18:00:00+00:00,-6.0347287e-05,-7.196890232879014,-1037.445798478555,1023.0520180127969
2026-02-06 19:00:00+00:00,-6.0347287e-05,-9.835861895737708,-1040.0847701414136,1020.413046349938
2026-02-06 20:00:00+00:00,-6.0347287e-05,-13.70641629535794,-1043.9553245410339,1016.542491950318
2026-02-06 21:00:00+00:00,-6.0347287e-05,-10.964144904755813,-1041.2130531504317,1019.2847633409203
2026-02-06 22:00:00+00:00,-6.0347287e-05,-13.138166085995636,-1043.3870743316716,1017.1107421596803
2026-02-06 23:00:00+00:00,-6.0347287e-05,-16.59819353301782,-1046.8471017786937,1013.6507147126581
2026-02-07 00:00:00+00:00,-6.0347287e-05,-13.056622275467362,-1027.8248305015122,1001.7115859505773
2026-02-07 01:00:00+00:00,-6.0347287e-05,-1.62038177748218,-1016.388590003527,1013.1478264485627
2026-02-07 02:00:00+00:00,-6.0347287e-05,-7.992483375044685,-1022.7606916010895,1006.7757248510002
2026-02-07 03:00:00+00:00,-6.0347287e-05,-4.580314633060425,-1019.3485228591053,1010.1878935929842
2026-02-07 04:00:00+00:00,-6.0347287e-05,-1.0210993657678955,-1015.7893075918128,1013.7471088602767
2026-02-07 05:00:00+00:00,-6.0347287e-05,20.08098231892427,-994.6872259071206,1034.8491905449691
2026-02-07 06:00:00+00:00,3.5900276,17.535314463141276,-997.2328937629036,1032.3035226891861
2026-02-07 07:00:00+00:00,191.16998,307.29059312892036,-707.4776150971243,1322.058801354965
2026-02-07 08:00:00+00:00,623.96,810.5722272796527,-204.1959809463924,1825.3404355056973
2026-02-07 09:00:00+00:00,1079.13,1320.201407559046,305.4331993330013,2334.969615785091
2026-02-07 10:00:00+00:00,1424.63,1607.975672719048,593.207464493003,2622.7438809450928
2026-02-07 11:00:00+00:00,1520.02,1780.8901466453785,766.1219384193337,2795.6583548714234
2026-02-07 12:00:00+00:00,1340.9202,1629.410859643123,614.6426514170782,2644.1790678691677
2026-02-07 13:00:00+00:00,1026.69,943.0661546026183,-71.70205362342676,1957.8343628286632
2026-02-07 14:00:00+00:00,575.89996,877.939577001509,-136.8286312245359,1892.7077852275538
2026-02-07 15:00:00+00:00,147.90985,232.2444806135709,-782.523727612474,1247.0126888396157
2026-02-07 16:00:00+00:00,1.8600471,-7.8786856835595245,-1022.6468939096044,1006.8895225424851
2026-02-07 17:00:00+00:00,-6.0347287e-05,-15.105456118926213,-1029.8736643449706,999.6627521071189
2026-02-07 18:00:00+00:00,-6.0347287e-05,-16.385946827715998,-1031.1541550537609,998.3822613983291
2026-02-07 19:00:00+00:00,-6.0347287e-05,-15.105456118926213,-1029.8736643449706,999.6627521071189
2026-02-07 20:00:00+00:00,-6.0347287e-05,-15.105456118926213,-1029.8736643449706,999.6627521071189
2026-02-07 21:00:00+00:00,-6.0347287e-05,-16.385946827715998,-1031.1541550537609,998.3822613983291
2026-02-07 22:00:00+00:00,-6.0347287e-05,-9.410045853401698,-1024.1782540794466,1005.3581623726432
2026-02-07 23:00:00+00:00,-6.0347287e-05,-15.105456118926213,-1029.8736643449706,999.6627521071189
2026-02-08 00:00:00+00:00,-6.0347287e-05,-4.800230592363732,-1019.5684388184081,1009.9679776336814
2026-02-08 01:00:00+00:00,-6.0347287e-05,-9.676203451042056,-1024.444411677087,1005.0920047750028
2026-02-08 02:00:00+00:00,-6.0347287e-05,-9.27297408383447,-1024.0411823098793,1005.4952341422104
2026-02-08 03:00:00+00:00,-6.0347287e-05,-5.489026221797303,-1020.2572344478422,1009.2791820042476
2026-02-08 04:00:00+00:00,-6.0347287e-05,-5.251697317727576,-1020.0199055437724,1009.5165109083173
2026-02-08 05:00:00+00:00,-6.0347287e-05,20.6760659588017,-994.0921422672432,1035.4442741848466
2026-02-08 06:00:00+00:00,2.3900764,12.674359609678504,-1002.0938486163664,1027.4425678357231
2026-02-08 07:00:00+00:00,179.81,287.2228591495018,-727.5453490765431,1301.9910673755467
2026-02-08 08:00:00+00:00,624.09,811.6977388497576,-203.0704693762873,1826.4659470758024
2026-02-08 09:00:00+00:00,1111.08,1265.2575279416276,250.48931971558272,2280.025736167672
2026-02-08 10:00:00+00:00,1511.1,1182.8732570989196,168.10504887287493,2197.6414653249644
2026-02-08 11:00:00+00:00,1694.15,1428.1154718768782,413.3472636508334,2442.883680102923
2026-02-08 12:00:00+00:00,1507.41,1171.3968930062053,156.6286847801607,2186.1651012322504
2026-02-08 13:00:00+00:00,1074.12,792.7878311274146,-221.98037709863002,1807.5560393534595
2026-02-08 14:00:00+00:00,567.04,837.1820103897842,-177.5861978362609,1851.9502186158288
2026-02-08 15:00:00+00:00,135.19,251.56133197514123,-763.2068762509034,1266.329540201186
2026-02-08 16:00:00+00:00,1.7599494,-2.1597604231119476,-1016.9279686491568,1012.6084478029327
2026-02-08 17:00:00+00:00,-6.0347287e-05,-8.129555144611913,-1022.8977633706568,1006.638653081433
2026-02-08 18:00:00+00:00,-6.0347287e-05,-8.129555144611913,-1022.8977633706568,1006.638653081433
2026-02-08 19:00:00+00:00,-6.0347287e-05,-8.129555144611913,-1022.8977633706568,1006.638653081433
2026-02-08 20:00:00+00:00,-6.0347287e-05,-9.410045853401698,-1024.1782540794466,1005.3581623726432
2026-02-08 21:00:00+00:00,-6.0347287e-05,-9.410045853401698,-1024.1782540794466,1005.3581623726432
2026-02-08 22:00:00+00:00,-6.0347287e-05,-7.5344715047344835,-1022.3026797307793,1007.2337367213104
2026-02-08 23:00:00+00:00,-6.0347287e-05,-8.129555144611913,-1022.8977633706568,1006.638653081433
2026-02-09 00:00:00+00:00,-6.0347287e-05,-6.900360107977576,-1021.6685683340224,1007.8678481180673
2026-02-09 01:00:00+00:00,-6.0347287e-05,-11.7763329666559,-1026.5445411927008,1002.9918752593887
2026-02-09 02:00:00+00:00,-6.0347287e-05,-10.092612890658984,-1024.8608211167034,1004.6755953353861
2026-02-09 03:00:00+00:00,-6.0347287e-05,-6.680444148674724,-1021.4486523747196,1008.0877640773701
2026-02-09 04:00:00+00:00,-6.0347287e-05,3.8546720929321054,-1010.9135361331128,1018.6228803189767
2026-02-09 05:00:00+00:00,-6.0347287e-05,24.95675377762427,-989.8114544484206,1039.7249620036691
2026-02-09 06:00:00+00:00,4.8300176,24.95675377762427,-989.8114544484206,1039.7249620036691
2026-02-09 07:00:00+00:00,219.42987,382.71752949301003,-632.0506787330346,1397.485737719055
2026-02-09 08:00:00+00:00,728.37994,945.3394697351721,-69.428738490873,1960.1076779612167
2026-02-09 09:00:00+00:00,1231.61,1906.4581431530557,891.6899349270109,2921.2263513791004
2026-02-09 10:00:00+00:00,1694.0,2249.621373768506,1234.8531655424615,3264.389581994551
2026-02-09 11:00:00+00:00,1944.2,2495.3248129936756,1480.556604767631,3510.093021219721
2026-02-09 12:00:00+00:00,1870.73,2309.1552657128705,1294.3870574868258,3323.923473938916
2026-02-09 13:00:00+00:00,1434.61,1450.5327557643966,435.76454753835196,2465.3009639904412
2026-02-09 14:00:00+00:00,765.66,1104.7557631634547,89.9875549374101,2119.5239713894994
2026-02-09 15:00:00+00:00,193.93988,261.4234745138767,-753.3447337121679,1276.1916827399218
2026-02-09 16:00:00+00:00,1.3400276,-4.259889938726246,-1019.0280981647711,1010.5083182873186
2026-02-09 17:00:00+00:00,-6.0347287e-05,-10.229684660225757,-1024.9978928862706,1004.5385235658189
2026-02-09 18:00:00+00:00,-6.0347287e-05,-10.229684660225757,-1024.9978928862706,1004.5385235658189
2026-02-09 19:00:00+00:00,-6.0347287e-05,-10.229684660225757,-1024.9978928862706,1004.5385235658189
2026-02-09 20:00:00+00:00,-6.0347287e-05,-1.936351872299383,-1016.7045600983442,1012.8318563537455
2026-02-09 21:00:00+00:00,-6.0347287e-05,-2.113070078700275,-1016.8812783047451,1012.6551381473444
2026-02-09 22:00:00+00:00,-6.0347287e-05,-1.7948033788707107,-1016.5630116049156,1012.9734048471739
2026-02-09 23:00:00+00:00,-6.0347287e-05,-6.3201825322930745,-1021.0883907583379,1008.4480256937518
2026-02-10 00:00:00+00:00,-6.0347287e-05,-2.0377990388151375,-1016.80600726486,1012.7304091872295
2026-02-10 01:00:00+00:00,-6.0347287e-05,4.462586872100474,-1010.3056213539444,1019.2307950981453
2026-02-10 02:00:00+00:00,-6.0347287e-05,7.686295419048292,-1007.0819128069966,1022.4545036450932
2026-02-10 03:00:00+00:00,-6.0347287e-05,9.320964575715152,-1005.4472436503297,1024.08917280176
2026-02-10 04:00:00+00:00,-6.0347287e-05,14.657679428324627,-1000.1105287977202,1029.4258876543697
2026-02-10 05:00:00+00:00,-6.0347287e-05,43.81225196992773,-970.9559562561171,1058.5804601959724
2026-02-10 06:00:00+00:00,15.779969,50.47622359419756,-964.2919846318473,1065.2444318202424
2026-02-10 07:00:00+00:00,597.07,686.2298948602192,-328.5383133658256,1700.998103086264
2026-02-10 08:00:00+00:00,2128.46,1739.9573060257442,725.1890977996993,2754.725514251789
2026-02-10 09:00:00+00:00,3954.0898,4139.741221286153,3124.9730130601083,5154.509429512198
2026-02-10 10:00:00+00:00,5273.5,5941.598057147627,4926.829848921583,6956.366265373672
2026-02-10 11:00:00+00:00,5852.9,6953.787884690909,5939.0196764648645,7968.556092916954
2026-02-10 12:00:00+00:00,5529.79,5048.01363813649,4033.2454299104447,6062.781846362534
2026-02-10 13:00:00+00:00,4494.75,3564.0034021999986,2549.2351939739538,4578.7716104260435
2026-02-10 14:00:00+00:00,2471.07,1758.8028164975008,744.0346082714559,2773.5710247235456
2026-02-10 15:00:00+00:00,610.56,412.82737440520464,-601.94083382084,1427.5955826312495
2026-02-10 16:00:00+00:00,7.350037,42.31443199783507,-972.4537762282098,1057.0826402238797
2026-02-10 17:00:00+00:00,-6.0347287e-05,-4.522599363927384,-1019.2908075899722,1010.2456088621177
2026-02-10 18:00:00+00:00,-6.0347287e-05,-4.522599363927384,-1019.2908075899722,1010.2456088621177
2026-02-10 19:00:00+00:00,-6.0347287e-05,-4.522599363927384,-1019.2908075899722,1010.2456088621177
2026-02-10 20:00:00+00:00,-6.0347287e-05,-5.431310952663807,-1020.1995191787087,1009.3368972733808
2026-02-10 21:00:00+00:00,-6.0347287e-05,-4.522599363927384,-1019.2908075899722,1010.2456088621177
2026-02-10 22:00:00+00:00,-6.0347287e-05,-5.431310952663807,-1020.1995191787087,1009.3368972733808
2026-02-10 23:00:00+00:00,-6.0347287e-05,-11.094060950854782,-1025.8622691768996,1003.6741472751901
2026-02-11 00:00:00+00:00,-6.0347287e-05,2.3550557539374495,-1012.4131524721074,1017.1232639799823
2026-02-11 01:00:00+00:00,-6.0347287e-05,4.254413860028762,-1010.5137943660156,1019.0226220860739
2026-02-11 02:00:00+00:00,-6.0347287e-05,14.841581765349474,-999.9266264606954,1029.609789991394
2026-02-11 03:00:00+00:00,-6.0347287e-05,9.500349947702034,-1005.2678582783428,1024.268558173747
2026-02-11 04:00:00+00:00,-6.0347287e-05,14.83706480031151,-999.9311434257334,1029.6052730263566
2026-02-11 05:00:00+00:00,-6.0347287e-05,40.620943820837965,-974.1472644052069,1055.3891520468828
2026-02-11 06:00:00+00:00,31.519958,48.10086711170106,-966.6673411143438,1062.8690753377457
2026-02-11 07:00:00+00:00,689.68,871.7762147998476,-142.99199342619704,1886.5444230258925
2026-02-11 08:00:00+00:00,2010.9,2018.9403704028675,1004.1721621768227,3033.708578628912
2026-02-11 09:00:00+00:00,3312.75,2638.6536904780614,1623.8854822520166,3653.421898704106
2026-02-11 10:00:00+00:00,3565.22,2561.4426492002985,1546.6744409742537,3576.2108574263434
2026-02-11 11:00:00+00:00,3338.37,1835.822829526891,821.0546213008463,2850.591037752936
2026-02-11 12:00:00+00:00,2427.37,1993.95276155176,979.1845533257151,3008.720969777805
2026-02-11 13:00:00+00:00,1448.23,1743.9610549789318,729.1928467528869,2758.7292632049766
2026-02-11 14:00:00+00:00,769.94,1095.9872379763453,81.2190297503007,2110.75544620239
2026-02-11 15:00:00+00:00,226.90997,235.79713599974366,-778.9710722263012,1250.5653442257885
2026-02-11 16:00:00+00:00,3.0199592,-2.4332751679398825,-1017.2014833939847,1012.334933058105
2026-02-11 17:00:00+00:00,-6.0347287e-05,-14.841046092281431,-1029.6092543183263,999.9271621337634
2026-02-11 18:00:00+00:00,-6.0347287e-05,-18.73392108492817,-1033.5021293109726,996.0342871411169
2026-02-11 19:00:00+00:00,-6.0347287e-05,-14.113947553356866,-1028.8821557794017,1000.654260672688
2026-02-11 20:00:00+00:00,-6.0347287e-05,-20.310362641076154,-1035.078570867121,994.4578455849687
2026-02-11 21:00:00+00:00,-6.0347287e-05,-14.841046092281431,-1029.6092543183263,999.9271621337634
2026-02-11 22:00:00+00:00,-6.0347287e-05,-18.73392108492817,-1033.5021293109726,996.0342871411169
2026-02-11 23:00:00+00:00,-6.0347287e-05,-4.777838298810366,-1019.5460465248552,1009.9903699272343
2026-02-12 00:00:00+00:00,-6.0347287e-05,-9.65174869547127,-1024.4199569215161,1005.1164595305736
2026-02-12 01:00:00+00:00,-6.0347287e-05,-0.42244471095182234,-1015.1906529369967,1014.345763515093
2026-02-12 02:00:00+00:00,-6.0347287e-05,0.6302600443486881,-1014.1379481816962,1015.3984682703933
2026-02-12 03:00:00+00:00,-6.0347287e-05,2.228476115817557,-1012.5397321102273,1016.9966843418624
2026-02-12 04:00:00+00:00,-6.0347287e-05,-1.2889094557749559,-1016.0571176818198,1013.4792987702699
2026-02-12 05:00:00+00:00,-6.0347287e-05,19.81317222891721,-994.9550359971272,1034.5813804549623
2026-02-12 06:00:00+00:00,27.4599,27.84276282296969,-986.9254454030752,1042.6109710490143
2026-02-12 07:00:00+00:00,443.5301,441.4399956128234,-573.3282126132217,1456.208203838868
2026-02-12 08:00:00+00:00,1241.2501,1475.6071573872282,460.83894916118334,2490.375365613273
2026-02-12 09:00:00+00:00,2285.03,1474.6526716543744,459.88446342832935,2489.4208798804193
2026-02-12 10:00:00+00:00,3055.56,2015.9583173819383,1001.1901091558937,3030.726525607983
2026-02-12 11:00:00+00:00,2975.79,1655.2522589967216,640.484050770677,2670.0204672227665
2026-02-12 12:00:00+00:00,2581.22,2153.5017550090647,1138.73354678302,3168.2699632351096
2026-02-12 13:00:00+00:00,1955.94,1385.1991062982809,370.430898072236,2399.967314524326
2026-02-12 14:00:00+00:00,1049.36,1108.2406413158055,93.47243308976067,2123.0088495418504
2026-02-12 15:00:00+00:00,270.7,450.7611830721994,-564.0070251538455,1465.5293912982443
2026-02-12 16:00:00+00:00,4.509949,30.971787763382963,-983.7964204626619,1045.7399959894276
2026-02-12 17:00:00+00:00,-6.0347287e-05,-8.186751484895467,-1022.9549597109403,1006.5814567411494
2026-02-12 18:00:00+00:00,-6.0347287e-05,-18.73392108492817,-1033.5021293109726,996.0342871411169
2026-02-12 19:00:00+00:00,-6.0347287e-05,-18.73392108492817,-1033.5021293109726,996.0342871411169
2026-02-12 20:00:00+00:00,-6.0347287e-05,-18.73392108492817,-1033.5021293109726,996.0342871411169
2026-02-12 21:00:00+00:00,-6.0347287e-05,-18.73392108492817,-1033.5021293109726,996.0342871411169
2026-02-12 22:00:00+00:00,-6.0347287e-05,-18.73392108492817,-1033.5021293109726,996.0342871411169
2026-02-12 23:00:00+00:00,-6.0347287e-05,-20.310362641076154,-1035.078570867121,994.4578455849687
2026-02-13 00:00:00+00:00,-6.0347287e-05,-5.139374735284491,-1019.9075829613294,1009.6288334907601
2026-02-13 01:00:00+00:00,-6.0347287e-05,15.81491116341067,-998.9532970626342,1030.5831193894555
2026-02-13 02:00:00+00:00,-6.0347287e-05,-2.344453199448253,-1017.1126614254931,1012.4237550265964
2026-02-13 03:00:00+00:00,-6.0347287e-05,2.9196379940408406,-1011.848570232004,1017.6878462200857
2026-02-13 04:00:00+00:00,-6.0347287e-05,-0.6249502960158679,-1015.3931585220607,1014.143257930029
2026-02-13 05:00:00+00:00,-6.0347287e-05,23.377449833319133,-991.3907583927257,1038.1456580593638
2026-02-13 06:00:00+00:00,10.370057,53.37567899816804,-961.3925292278768,1068.143887224213
2026-02-13 07:00:00+00:00,226.11981,502.97915970507916,-511.7890485209655,1517.747367931124
2026-02-13 08:00:00+00:00,663.2,1093.6768849366326,78.90867671058777,2108.4450931626775
2026-02-13 09:00:00+00:00,1032.64,1384.1512471730719,369.38303894702676,2398.9194553991165
2026-02-13 10:00:00+00:00,1329.56,1859.824590110353,845.0563818843082,2874.5927983363977
2026-02-13 11:00:00+00:00,1391.04,1790.8669555550832,776.0987473290384,2805.635163781128
2026-02-13 12:00:00+00:00,1242.76,1676.6873960898517,661.9191878638069,2691.4556043158964
2026-02-13 13:00:00+00:00,1046.79,1449.158599982446,434.3903917564012,2463.926808208491
2026-02-13 14:00:00+00:00,682.7299,1003.7303456287555,-11.037862597289404,2018.4985538548003
2026-02-13 15:00:00+00:00,216.10004,256.8561651359471,-757.9120430900975,1271.624373361992
2026-02-13 16:00:00+00:00,5.97992,15.230717285858645,-999.5374909401862,1029.9989255119035
2026-02-13 17:00:00+00:00,-6.0347287e-05,-18.069961925168627,-1032.8381701512135,996.698246300876
2026-02-13 18:00:00+00:00,-6.0347287e-05,-18.069961925168627,-1032.8381701512135,996.698246300876
2026-02-13 19:00:00+00:00,-6.0347287e-05,-18.069961925168627,-1032.8381701512135,996.698246300876
2026-02-13 20:00:00+00:00,-6.0347287e-05,-18.069961925168627,-1032.8381701512135,996.698246300876
2026-02-13 21:00:00+00:00,-6.0347287e-05,-12.407211926978107,-1027.175420153023,1002.3609962990668
2026-02-13 22:00:00+00:00,-6.0347287e-05,-18.069961925168627,-1032.8381701512135,996.698246300876
2026-02-13 23:00:00+00:00,-6.0347287e-05,-18.069961925168627,-1032.8381701512135,996.698246300876
2026-02-14 00:00:00+00:00,-6.0347287e-05,-2.749259092173361,-999.4531367923951,993.9546186080481
2026-02-14 01:00:00+00:00,-6.0347287e-05,-1.0496834794116694,-997.7535611796334,995.6541942208098
2026-02-14 02:00:00+00:00,-6.0347287e-05,-1.6530775235214605,-998.3569552237432,995.0508001767
2026-02-14 03:00:00+00:00,-6.0347287e-05,-4.674361374208729,-1001.3782390744304,992.0295163260128
2026-02-14 04:00:00+00:00,-6.0347287e-05,2.9247519101008947,-993.7791257901208,999.6286296103226
2026-02-14 05:00:00+00:00,-6.0347287e-05,23.071907294260654,-973.631970405961,1019.7757849944824
2026-02-14 06:00:00+00:00,5.180115,17.612273812170315,-979.0916038880514,1014.316151512392
2026-02-14 07:00:00+00:00,125.21991,478.06174610361086,-518.6421315966109,1474.7656238038326
2026-02-14 08:00:00+00:00,434.14008,1147.3870983852719,150.6832206850504,2144.090976085494
2026-02-14 09:00:00+00:00,816.44,1290.4385028826146,293.73462518239285,2287.1423805828363
2026-02-14 10:00:00+00:00,1254.8301,2002.8618935931179,1006.1580158928962,2999.5657712933394
2026-02-14 11:00:00+00:00,1578.68,1638.7742557876222,642.0703780874005,2635.478133487844
2026-02-14 12:00:00+00:00,1507.18,1662.6473862505543,665.9435085503326,2659.351263950776
2026-02-14 13:00:00+00:00,1160.69,1369.6706436570603,372.9667659568388,2366.374521357282
2026-02-14 14:00:00+00:00,656.17,951.2076145770852,-45.49626312313649,1947.9114922773067
2026-02-14 15:00:00+00:00,185.44,286.0254399660853,-710.6784377341364,1282.729317666307
2026-02-14 16:00:00+00:00,3.939881,32.13833226152019,-964.5655454387015,1028.842209961742
2026-02-14 17:00:00+00:00,-6.0347287e-05,-0.7709619355273389,-997.474839635749,995.9329157646944
2026-02-14 18:00:00+00:00,-6.0347287e-05,-1.2551861324277525,-997.9590638326495,995.4486915677937
2026-02-14 19:00:00+00:00,-6.0347287e-05,-6.6907912492283685,-1003.3946689494501,990.0130864509933
2026-02-14 20:00:00+00:00,-6.0347287e-05,-5.2469776803313835,-1001.9508553805526,991.4569000198906
2026-02-14 21:00:00+00:00,-6.0347287e-05,1.0836493122492357,-995.6202283879725,997.787527012471
2026-02-14 22:00:00+00:00,-6.0347287e-05,1.451405593933032,-995.2524721062882,998.155283294155
2026-02-14 23:00:00+00:00,-6.0347287e-05,3.8581833002808708,-992.8456943999408,1000.5620610005026
2026-02-15 00:00:00+00:00,-6.0347287e-05,-0.6668885072340345,-997.3707662074557,996.0369891929877
2026-02-15 01:00:00+00:00,-6.0347287e-05,2.1810884733049534,-994.5227892269168,998.8849661735267
2026-02-15 02:00:00+00:00,-6.0347287e-05,-2.137301720422329,-998.8411794206436,994.5665759797996
2026-02-15 03:00:00+00:00,-6.0347287e-05,4.71774582404214,-991.9861318761796,1001.4216235242639
2026-02-15 04:00:00+00:00,-6.0347287e-05,16.05317604581569,-980.650701654406,1012.7570537460374
2026-02-15 05:00:00+00:00,-6.0347287e-05,37.53731298855337,-959.1665647116683,1034.2411906887749
2026-02-15 06:00:00+00:00,52.44989,57.731725118319446,-938.9721525819023,1054.4356028185412
2026-02-15 07:00:00+00:00,920.77997,1027.282972372804,30.57909467258196,2023.9868500730256
2026-02-15 08:00:00+00:00,2628.16,2106.316992617755,1109.6131149175335,3103.020870317977
2026-02-15 09:00:00+00:00,4456.43,2868.5282686276055,1871.8243909273838,3865.232146327827
2026-02-15 10:00:00+00:00,5917.8594,4125.523537764171,3128.8196600639494,5122.227415464393
2026-02-15 11:00:00+00:00,7125.24,5026.668472434315,4029.964594734093,6023.372350134537
2026-02-15 12:00:00+00:00,7389.86,3972.0478238979754,2975.3439461977537,4968.7517015981975
2026-02-15 13:00:00+00:00,6353.67,2599.432342411928,1602.7284647117062,3596.136220112149
2026-02-15 14:00:00+00:00,4173.73,1630.56657990967,633.8627022094483,2627.2704576098918
2026-02-15 15:00:00+00:00,1535.99,636.5706520394599,-360.13322566076204,1633.2745297396814
2026-02-15 16:00:00+00:00,58.799988,70.8017717517987,-925.902105948423,1067.5056494520202
2026-02-15 17:00:00+00:00,-6.0347287e-05,19.214523885501876,-977.4893538147198,1015.9184015857236
2026-02-15 18:00:00+00:00,-6.0347287e-05,9.273619148937087,-987.4302585512842,1005.9774968491588
2026-02-15 19:00:00+00:00,-6.0347287e-05,5.262442472834664,-991.441435227387,1001.9663201730561
2026-02-15 20:00:00+00:00,-6.0347287e-05,4.521589069902802,-992.1822886303189,1001.2254667701245
2026-02-15 21:00:00+00:00,-6.0347287e-05,1.429443428864488,-995.2744342713568,998.1333211290864
2026-02-15 22:00:00+00:00,-6.0347287e-05,-4.072316235241942,-1000.7761939354637,992.6315614649795
2026-02-15 23:00:00+00:00,-6.0347287e-05,1.2829779568296544,-995.420899743392,997.9868556570514
2026-02-16 00:00:00+00:00,-6.0347287e-05,-4.299501803293879,-1001.0033795035156,992.4043758969278
2026-02-16 01:00:00+00:00,-6.0347287e-05,-2.5999261905321873,-999.3038038907534,994.1039515096898
2026-02-16 02:00:00+00:00,-6.0347287e-05,-0.5653249719211999,-997.2692026721429,996.1385527283005
2026-02-16 03:00:00+00:00,-6.0347287e-05,-7.0491118976292455,-1003.752989597851,989.6547658025922
2026-02-16 04:00:00+00:00,-6.0347287e-05,-5.478055476038662,-1002.1819331762599,991.2258222241833
2026-02-16 05:00:00+00:00,-6.0347287e-05,14.669099908121098,-982.0347777921006,1011.3729776083428
2026-02-16 06:00:00+00:00,35.570007,22.40324581882487,-974.3006318813968,1019.1071235190466
2026-02-16 07:00:00+00:00,444.4301,393.60359077114754,-603.1002869290742,1390.3074684713692
2026-02-16 08:00:00+00:00,1074.57,1035.6876818350613,38.983804134839374,2032.391559535283
2026-02-16 09:00:00+00:00,1667.51,1141.8091951653496,145.10531746512765,2138.5130728655713
2026-02-16 10:00:00+00:00,2145.45,1847.873851054209,851.1699733539874,2844.5777287544306
2026-02-16 11:00:00+00:00,2157.36,1503.2786624602,506.57478475997823,2499.9825401604216
2026-02-16 12:00:00+00:00,1900.75,1372.0785943612934,375.3747166610717,2368.782472061515
2026-02-16 13:00:00+00:00,1497.99,1125.6675193974836,128.96364169726166,2122.371397097705
2026-02-16 14:00:00+00:00,971.9699,770.2066116312362,-226.49726606898548,1766.910489331458
2026-02-16 15:00:00+00:00,362.64996,314.23759461000736,-682.4662830902143,1310.941472310229
2026-02-16 16:00:00+00:00,15.0599985,-56.91100227696961,-1053.6148799771913,939.7928754232521
2026-02-16 17:00:00+00:00,-6.0347287e-05,-23.183490907193573,-1019.8873686074153,973.5203867930279
2026-02-16 18:00:00+00:00,-6.0347287e-05,2.513309363913322,-994.1905683363084,999.2171870641348
2026-02-16 19:00:00+00:00,-6.0347287e-05,-16.157133471063844,-1012.8610111712856,980.5467442291579
2026-02-16 20:00:00+00:00,-6.0347287e-05,-5.330804620171875,-1002.0346823203936,991.3730730800498
2026-02-16 21:00:00+00:00,-6.0347287e-05,-10.766409736972037,-1007.4702874371937,985.9374679632494
2026-02-16 22:00:00+00:00,-6.0347287e-05,-7.790241163667815,-1004.4941188638891,988.9136365365539
2026-02-16 23:00:00+00:00,-6.0347287e-05,-5.330804620171875,-1002.0346823203936,991.3730730800498
2026-02-17 00:00:00+00:00,-6.0347287e-05,-11.857800188250167,-1008.5616778884719,984.8460775119715
2026-02-17 01:00:00+00:00,-6.0347287e-05,-16.29432609395235,-1012.9982037941741,980.4095516062694
2026-02-17 02:00:00+00:00,-6.0347287e-05,-11.198244669671112,-1007.9021223698928,985.5056330305506
2026-02-17 03:00:00+00:00,-6.0347287e-05,-18.979203420214617,-1015.6830811204363,977.7246742800069
2026-02-17 04:00:00+00:00,-6.0347287e-05,-0.5923583733292617,-997.296236073551,996.1115193268922
2026-02-17 05:00:00+00:00,-6.0347287e-05,16.31166273812096,-980.3922149621008,1013.0155404383424
2026-02-17 06:00:00+00:00,29.680115,23.258831428789108,-973.4450462714326,1019.9627091290108
2026-02-17 07:00:00+00:00,358.2,474.80095804616576,-521.902919654056,1471.5048357463875
2026-02-17 08:00:00+00:00,936.92,1150.2022212729523,153.49834357273062,2146.906098973174
2026-02-17 09:00:00+00:00,1646.67,1537.4420751500143,540.7381974497928,2534.145952850236
2026-02-17 10:00:00+00:00,2284.93,2449.5044486118563,1452.8005709116346,3446.208326312078
2026-02-17 11:00:00+00:00,2846.77,1988.1941209722743,991.4902432720526,2984.8979986724958
2026-02-17 12:00:00+00:00,2633.52,2380.412910155154,1383.7090324549322,3377.1167878553756
2026-02-17 13:00:00+00:00,2107.96,1482.3179202576325,485.6140425574108,2479.0217979578542
2026-02-17 14:00:00+00:00,1208.6,1608.890538696313,612.1866609960914,2605.5944163965346
2026-02-17 15:00:00+00:00,406.87006,646.1057217401358,-350.59815596008593,1642.8095994403575
2026-02-17 16:00:00+00:00,19.289978,46.86444425199488,-949.8394334482264,1043.5683219522168
2026-02-17 17:00:00+00:00,-6.0347287e-05,-1.186825114768908,-997.8907028149902,995.517052585453
2026-02-17 18:00:00+00:00,-6.0347287e-05,-13.861833484247654,-1010.5657111844694,982.8420442159738
2026-02-17 19:00:00+00:00,-6.0347287e-05,-22.843143003618934,-1019.5470207038406,973.8607346966025
2026-02-17 20:00:00+00:00,-6.0347287e-05,-8.64835203218172,-1005.3522297324034,988.0555256680398
2026-02-17 21:00:00+00:00,-6.0347287e-05,-8.0850582819171,-1004.7889359821388,988.6188194183046
2026-02-17 22:00:00+00:00,-6.0347287e-05,-8.15337389966362,-1004.8572515998853,988.5505038005581
2026-02-17 23:00:00+00:00,-6.0347287e-05,-12.229980727552174,-1008.9338584277739,984.4738969726693
2026-02-18 00:00:00+00:00,-6.0347287e-05,-3.8490715982729853,-1000.5529492984947,992.8548061019485
2026-02-18 01:00:00+00:00,-6.0347287e-05,-9.006874601115669,-1005.7107523013374,987.6970030991058
2026-02-18 02:00:00+00:00,-6.0347287e-05,-6.646397601363333,-1003.350275301585,990.0574800988582
2026-02-18 03:00:00+00:00,-6.0347287e-05,1.9317398459488686,-994.7721378542728,998.6356175461706
2026-02-18 04:00:00+00:00,-6.0347287e-05,0.12624957820162308,-996.5776281220201,996.8301272784233
2026-02-18 05:00:00+00:00,-6.0347287e-05,16.73595622976427,-979.967921470457,1013.4398339299862
2026-02-18 06:00:00+00:00,22.029968,17.33900211508808,-979.3648755851332,1014.0428798153098
2026-02-18 07:00:00+00:00,294.83002,541.0935665198765,-455.610311180345,1537.7974442200982
2026-02-18 08:00:00+00:00,917.12994,1398.6950583316197,401.99118063139804,2395.3989360318415
2026-02-18 09:00:00+00:00,1661.2,1286.5318366040171,289.82795890379543,2283.2357143042386
2026-02-18 10:00:00+00:00,2243.0,2094.2575840947597,1097.5537063945383,3090.9614617949815
2026-02-18 11:00:00+00:00,2643.47,2104.1006228379692,1107.3967451377473,3100.8045005381905
2026-02-18 12:00:00+00:00,2708.7,1624.480015871237,627.7761381710152,2621.1838935714586
2026-02-18 13:00:00+00:00,2375.67,1294.6126660791701,297.90878837894843,2291.316543779392
2026-02-18 14:00:00+00:00,1583.72,636.57628343374,-360.12759426648154,1633.2801611339617
2026-02-18 15:00:00+00:00,595.08,423.1213212741486,-573.5825564260731,1419.8251989743703
2026-02-18 16:00:00+00:00,28.539978,-15.587670105508096,-1012.2915478057298,981.1162075947134
2026-02-18 17:00:00+00:00,-6.0347287e-05,-3.6272602781345995,-1000.3311379783563,993.0766174220871
2026-02-18 18:00:00+00:00,-6.0347287e-05,-4.030255821536684,-1000.7341335217579,992.6736218786853
2026-02-18 19:00:00+00:00,-6.0347287e-05,-2.4678226111759614,-999.1717003113977,994.2360550890457
2026-02-18 20:00:00+00:00,-6.0347287e-05,-3.6083570052519462,-1000.3122347054732,993.09552069497
2026-02-18 21:00:00+00:00,-6.0347287e-05,2.747120647069096,-993.9567570531526,999.4509983472906
2026-02-18 22:00:00+00:00,-6.0347287e-05,2.747120647069096,-993.9567570531526,999.4509983472906
2026-02-18 23:00:00+00:00,-6.0347287e-05,2.747120647069096,-993.9567570531526,999.4509983472906
2026-02-19 00:00:00+00:00,-6.0347287e-05,4.83487115687285,-991.8690065433489,1001.5387488570943
2026-02-19 01:00:00+00:00,-6.0347287e-05,1.032687105527657,-995.671190594694,997.7365648057494
2026-02-19 02:00:00+00:00,-6.0347287e-05,7.277169897586191,-989.4267078026355,1003.9810475978079
2026-02-19 03:00:00+00:00,-6.0347287e-05,5.869714798533096,-990.8341629016886,1002.5735924987546
2026-02-19 04:00:00+00:00,-6.0347287e-05,11.854999331209001,-984.8488783690127,1008.5588770314305
2026-02-19 05:00:00+00:00,-6.0347287e-05,31.56899261673152,-965.1348850834902,1028.2728703169532
2026-02-19 06:00:00+00:00,140.81,89.6735181960662,-907.0303595041555,1086.3773958962877
2026-02-19 07:00:00+00:00,1076.28,1095.3377405499218,98.63386284970056,2092.0416182501435
2026-02-19 08:00:00+00:00,2343.79,2017.046390180807,1020.3425124805854,3013.750267881029
2026-02-19 09:00:00+00:00,3726.14,2422.2961749501455,1425.5922972499238,3419.0000526503673
2026-02-19 10:00:00+00:00,4858.4,3787.0108531532283,2790.3069754530065,4783.7147308534495
2026-02-19 11:00:00+00:00,5717.0093,5070.129429864806,4073.4255521645846,6066.833307565028
2026-02-19 12:00:00+00:00,5825.66,4951.336993626927,3954.6331159267056,5948.040871327148
2026-02-19 13:00:00+00:00,5018.04,4612.816098094527,3616.1122203943046,5609.5199757947485
2026-02-19 14:00:00+00:00,3155.94,2523.512664509017,1526.8087868087955,3520.216542209239
2026-02-19 15:00:00+00:00,1063.84,974.3456453831475,-22.358232317074453,1971.049523083369
2026-02-19 16:00:00+00:00,59.01996,133.38628978098745,-863.317587919234,1130.0901674812092
2026-02-19 17:00:00+00:00,-6.0347287e-05,12.878616774026796,-983.8252609261949,1009.5824944742483
2026-02-19 18:00:00+00:00,-6.0347287e-05,-3.0561944989676704,-999.7600721991889,993.6476832012543
2026-02-19 19:00:00+00:00,-6.0347287e-05,3.1833897281844656,-993.5204879720372,999.887267428406
2026-02-19 20:00:00+00:00,-6.0347287e-05,3.78986768253435,-992.9140100176874,1000.4937453827561
2026-02-19 21:00:00+00:00,-6.0347287e-05,4.453273452156282,-992.2506042480654,1001.157151152378
2026-02-19 22:00:00+00:00,-6.0347287e-05,1.2829779568296544,-995.420899743392,997.9868556570514
2026-02-19 23:00:00+00:00,-6.0347287e-05,1.2829779568296544,-995.420899743392,997.9868556570514
2026-02-20 00:00:00+00:00,-6.0347287e-05,7.029043121990526,-989.6748345782312,1003.7329208222122
2026-02-20 01:00:00+00:00,-6.0347287e-05,8.963186641050925,-987.7406910591708,1005.6670643412724
2026-02-20 02:00:00+00:00,-6.0347287e-05,9.15862627222441,-987.5452514279973,1005.8625039724461
2026-02-20 03:00:00+00:00,-6.0347287e-05,8.679488048282565,-988.0243896519391,1005.3833657485043
2026-02-20 04:00:00+00:00,-6.0347287e-05,16.278601332592643,-980.4252763676291,1012.9824790328141
2026-02-20 05:00:00+00:00,0.009949419,39.673510449347305,-957.0303672508744,1036.3773881495688
2026-02-20 06:00:00+00:00,182.60992,159.53870249654756,-837.1651752036742,1156.2425801967693
2026-02-20 07:00:00+00:00,1859.51,1872.4804974612296,875.7766197610079,2869.184375161451
2026-02-20 08:00:00+00:00,4660.63,4296.322032486663,3299.6181547864417,5293.025910186885
2026-02-20 09:00:00+00:00,7018.59,5742.141861596563,4745.437983896341,6738.845739296785
2026-02-20 10:00:00+00:00,8467.29,5970.96697039415,4974.263092693928,6967.670848094372
2026-02-20 11:00:00+00:00,9006.88,7249.266006550428,6252.562128850206,8245.96988425065
2026-02-20 12:00:00+00:00,8446.36,6700.360863608519,5703.656985908297,7697.064741308741
2026-02-20 13:00:00+00:00,6819.59,5937.804779100522,4941.1009014003,6934.508656800744
2026-02-20 14:00:00+00:00,4417.89,3301.930838134736,2305.2269604345142,4298.634715834958
2026-02-20 15:00:00+00:00,1473.43,799.2025538379366,-197.50132386228506,1795.9064315381584
2026-02-20 16:00:00+00:00,84.10004,103.57920240426483,-893.1246752959569,1100.2830801044865
2026-02-20 17:00:00+00:00,-6.0347287e-05,-1.926697898087241,-998.630575598309,994.7771798021342
2026-02-20 18:00:00+00:00,-6.0347287e-05,-6.6907912492283685,-1003.3946689494501,990.0130864509933
2026-02-20 19:00:00+00:00,-6.0347287e-05,2.1653194725840876,-994.5385582276376,998.8691971728058
2026-02-20 20:00:00+00:00,-6.0347287e-05,-1.2551861324277525,-997.9590638326495,995.4486915677937
2026-02-20 21:00:00+00:00,-6.0347287e-05,0.18862743646923263,-996.5152502637525,996.8925051366909
2026-02-20 22:00:00+00:00,-6.0347287e-05,-5.2469776803313835,-1001.9508553805526,991.4569000198906
2026-02-20 23:00:00+00:00,-6.0347287e-05,-5.2469776803313835,-1001.9508553805526,991.4569000198906
2026-02-21 00:00:00+00:00,-6.0347287e-05,-7.233778890411941,-997.7861893031641,983.3186315223402
2026-02-21 01:00:00+00:00,-6.0347287e-05,-9.291942580241539,-999.8443529929937,981.2604678325106
2026-02-21 02:00:00+00:00,-6.0347287e-05,-4.039929147296789,-994.5923395600489,986.5124812654556
2026-02-21 03:00:00+00:00,-6.0347287e-05,-5.088965813729374,-995.641376226482,985.4634445990228
2026-02-21 04:00:00+00:00,-6.0347287e-05,-2.5348307595641018,-993.0872411723162,988.0175796531882
2026-02-21 05:00:00+00:00,0.10003731,17.780043040141663,-972.7723673726105,1008.332453452894
2026-02-21 06:00:00+00:00,56.340027,36.91993922193751,-953.6324711908146,1027.4723496346899
2026-02-21 07:00:00+00:00,608.31,660.7224895094621,-329.82992090329026,1651.2748999222142
2026-02-21 08:00:00+00:00,1819.74,1487.657058133289,497.10464772053683,2478.209468546041
2026-02-21 09:00:00+00:00,2826.82,3791.756980996919,2801.2045705841665,4782.309391409672
2026-02-21 10:00:00+00:00,3453.78,4123.0992117298065,3132.5468013170544,5113.651622142559
2026-02-21 11:00:00+00:00,3600.29,4463.8446465796405,3473.292236166888,5454.397056992393
2026-02-21 12:00:00+00:00,3427.83,3742.923894583329,2752.371484170577,4733.476304996081
2026-02-21 13:00:00+00:00,2840.4,4354.179270433122,3363.6268600203703,5344.7316808458745
2026-02-21 14:00:00+00:00,1733.29,2389.838953445711,1399.286543032959,3380.3913638584636
2026-02-21 15:00:00+00:00,611.44,1183.3992259502656,192.84681553751352,2173.9516363630178
2026-02-21 16:00:00+00:00,36.2099,126.95544535477484,-863.5969650579773,1117.5078557675272
2026-02-21 17:00:00+00:00,-6.0347287e-05,16.829098701093244,-973.7233117116589,1007.3815091138454
2026-02-21 18:00:00+00:00,-6.0347287e-05,0.9189114354730918,-989.633498977279,991.4713218482252
2026-02-21 19:00:00+00:00,-6.0347287e-05,-1.6712591094569689,-992.2236695222095,988.8811513032949
2026-02-21 20:00:00+00:00,-6.0347287e-05,-1.1035157075311872,-991.6559261202838,989.4488947052209
2026-02-21 21:00:00+00:00,-6.0347287e-05,0.28127069007678074,-990.2711397226758,990.8336811028287
2026-02-21 22:00:00+00:00,-6.0347287e-05,2.0400593111544367,-988.5123511015977,992.5924697239068
2026-02-21 23:00:00+00:00,-6.0347287e-05,-3.9223221496322367,-994.4747325623848,986.6300882631199
2026-02-22 00:00:00+00:00,-6.0347287e-05,2.278472898308337,-988.2739375144438,992.8308833110607
2026-02-22 01:00:00+00:00,-6.0347287e-05,-5.067264411816723,-995.6196748245688,985.4851460009356
2026-02-22 02:00:00+00:00,-6.0347287e-05,5.363329749235163,-985.189080663517,995.9157401619873
2026-02-22 03:00:00+00:00,-6.0347287e-05,-1.8951908318585993,-992.4476012446107,988.6572195808938
2026-02-22 04:00:00+00:00,-6.0347287e-05,-1.1443285591094536,-991.6967389718616,989.4080818536427
2026-02-22 05:00:00+00:00,0.09002754,20.79449582204552,-969.7579145907066,1011.3469062347979
2026-02-22 06:00:00+00:00,44.090027,38.31044142239216,-952.24196899036,1028.8628518351443
2026-02-22 07:00:00+00:00,468.87994,721.9494680724797,-268.6029423402724,1712.5018784852318
2026-02-22 08:00:00+00:00,1059.39,1359.134727101734,368.58231668898134,2349.687137514486
2026-02-22 09:00:00+00:00,1687.06,1696.3856368164402,705.8332264036878,2686.9380472291923
2026-02-22 10:00:00+00:00,2076.15,2115.6900783810866,1125.1376679683342,3106.2424887938387
2026-02-22 11:00:00+00:00,1933.63,2541.685814541045,1551.133404128293,3532.2382249537977
2026-02-22 12:00:00+00:00,1550.04,2244.9193865859565,1254.3669761732044,3235.4717969987087
2026-02-22 13:00:00+00:00,1094.42,1914.8818159661114,924.329405553359,2905.4342263788635
2026-02-22 14:00:00+00:00,605.11993,1081.0756149225288,90.5232045097764,2071.628025335281
2026-02-22 15:00:00+00:00,220.85004,632.4919513438922,-358.0604590688599,1623.0443617566443
2026-02-22 16:00:00+00:00,19.100037,75.5803035373292,-914.9721068754234,1066.132713950081
2026-02-22 17:00:00+00:00,-6.0347287e-05,-24.21762594203119,-1014.7700363547833,966.3347844707212
2026-02-22 18:00:00+00:00,-6.0347287e-05,-24.21762594203119,-1014.7700363547833,966.3347844707212
2026-02-22 19:00:00+00:00,-6.0347287e-05,-17.483509888378194,-1008.0359203011303,973.0689005243742
2026-02-22 20:00:00+00:00,-6.0347287e-05,-16.384975940647564,-1006.9373863534001,974.1674344721046
2026-02-22 21:00:00+00:00,-6.0347287e-05,-18.240633477356823,-1008.793043890109,972.3117769353955
2026-02-22 22:00:00+00:00,-6.0347287e-05,-2.699442739456572,-993.2518531522087,987.8529676732958
2026-02-22 23:00:00+00:00,-6.0347287e-05,-17.869933607747043,-1008.4223440204992,972.6824768050051
2026-02-23 00:00:00+00:00,-6.0347287e-05,-9.45636428241096,-1000.0087746951631,981.0960461303414
2026-02-23 01:00:00+00:00,-6.0347287e-05,-10.109185264074767,-1000.6615956768269,980.4432251486776
2026-02-23 02:00:00+00:00,-6.0347287e-05,-106.87532502401291,-1097.427735436765,883.6770853887392
2026-02-23 03:00:00+00:00,-6.0347287e-05,14.430414938736249,-976.1219954740159,1004.9828253514884
2026-02-23 04:00:00+00:00,-6.0347287e-05,4.455708572327239,-986.0967018404249,995.0081189850796
2026-02-23 05:00:00+00:00,0.17010567,26.394532953482667,-964.1578774592695,1016.9469433662348
2026-02-23 06:00:00+00:00,207.51996,72.57382988827158,-917.9785805244805,1063.1262403010237
2026-02-23 07:00:00+00:00,1423.28,1266.255542138058,275.70313172530587,2256.80795255081
2026-02-23 08:00:00+00:00,3462.72,3676.643327662452,2686.0909172496995,4667.195738075205
2026-02-23 09:00:00+00:00,5180.12,6199.192800041352,5208.6403896286,7189.745210454104
2026-02-23 10:00:00+00:00,5454.44,6993.403276945696,6002.850866532945,7983.955687358448
2026-02-23 11:00:00+00:00,5103.67,7260.060472711976,6269.508062299223,8250.61288312473
2026-02-23 12:00:00+00:00,4791.63,6398.767476011976,5408.215065599224,7389.319886424729
2026-02-23 13:00:00+00:00,3779.76,5245.105280678714,4254.552870265961,6235.657691091466
2026-02-23 14:00:00+00:00,2308.66,3240.138911256644,2249.586500843892,4230.691321669396
2026-02-23 15:00:00+00:00,832.5999,1362.2794578778285,371.7270474650759,2352.8318682905806
2026-02-23 16:00:00+00:00,67.58002,131.88737794925692,-858.6650324634952,1122.439788362009
2026-02-23 17:00:00+00:00,-6.0347287e-05,-2.613381342989669,-993.1657917557418,987.9390290697627
2026-02-23 18:00:00+00:00,-6.0347287e-05,-15.347347981695293,-1005.8997583944474,975.2050624310571
2026-02-23 19:00:00+00:00,-6.0347287e-05,-8.142973325190724,-998.6953837379428,982.4094370875616
2026-02-23 20:00:00+00:00,-6.0347287e-05,-9.430799180860959,-999.9832095936131,981.1216112318914
2026-02-23 21:00:00+00:00,-6.0347287e-05,-8.813078666599267,-999.3654890793518,981.7393317461529
2026-02-23 22:00:00+00:00,-6.0347287e-05,-11.020743898473029,-1001.5731543112252,979.5316665142791
2026-02-23 23:00:00+00:00,-6.0347287e-05,-11.777867487451658,-1002.3302779002038,978.7745429253005
2026-02-24 00:00:00+00:00,-6.0347287e-05,8.360247771993272,-982.1921626407593,998.9126581847454
2026-02-24 01:00:00+00:00,-6.0347287e-05,-4.340237420454287,-994.8926478332069,986.2121729922978
2026-02-24 02:00:00+00:00,-6.0347287e-05,-1.6851653125386292,-992.2375757252908,988.8672451002137
2026-02-24 03:00:00+00:00,-6.0347287e-05,-1.4657302072359926,-992.0181406199886,989.0866802055161
2026-02-24 04:00:00+00:00,-6.0347287e-05,-0.14393488709310986,-990.6963452998452,990.4084755256592
2026-02-24 05:00:00+00:00,0.1600959,21.808576293662554,-968.7438341190896,1012.3609867064149
2026-02-24 06:00:00+00:00,157.51996,96.76472981436973,-893.7876805983824,1087.317140227122
2026-02-24 07:00:00+00:00,1095.53,1468.9047667537425,478.35235634099035,2459.4571771664946
2026-02-24 08:00:00+00:00,2391.51,3196.0109117365914,2205.4585013238393,4186.563322149344
2026-02-24 09:00:00+00:00,3432.95,5377.09520471766,4386.542794304907,6367.647615130411
2026-02-24 10:00:00+00:00,3885.05,6083.995495653116,5093.443085240365,7074.547906065869
2026-02-24 11:00:00+00:00,3991.9,4664.38400072381,3673.8315903110574,5654.936411136562
2026-02-24 12:00:00+00:00,4005.03,4709.182252536621,3718.629842123869,5699.734662949373
2026-02-24 13:00:00+00:00,3535.48,2856.2846101326613,1865.7321997199092,3846.837020545414
2026-02-24 14:00:00+00:00,2471.79,1829.5932472967095,839.0408368839571,2820.145657709462
2026-02-24 15:00:00+00:00,1238.46,1045.19625131656,54.64384090380781,2035.7486617293123
2026-02-24 16:00:00+00:00,166.15009,115.16398988520041,-875.3884205275517,1105.7164002979525
2026-02-24 17:00:00+00:00,-6.0347287e-05,16.79823729722375,-973.7541731155284,1007.3506477099761
2026-02-24 18:00:00+00:00,-6.0347287e-05,-2.6663160018783856,-993.2187264146305,987.886094410874
2026-02-24 19:00:00+00:00,-6.0347287e-05,-3.8656618490576875,-994.4180722618103,986.6867485636944
2026-02-24 20:00:00+00:00,-6.0347287e-05,2.5613858818251174,-987.991024530927,993.1137962945775
2026-02-24 21:00:00+00:00,-6.0347287e-05,1.8308368765765408,-988.721573536176,992.3832472893287
2026-02-24 22:00:00+00:00,-6.0347287e-05,1.8308368765765408,-988.721573536176,992.3832472893287
2026-02-24 23:00:00+00:00,-6.0347287e-05,0.3211077660794217,-990.2313026466732,990.8735181788315
2026-02-25 00:00:00+00:00,-6.0347287e-05,6.641129724062921,-983.9112806886892,997.193540136815
2026-02-25 01:00:00+00:00,-6.0347287e-05,5.263117793715537,-985.2892926190366,995.8155282064679
2026-02-25 02:00:00+00:00,-6.0347287e-05,11.403826166918861,-979.1485842458333,1001.9562365796712
2026-02-25 03:00:00+00:00,-6.0347287e-05,8.945145841679278,-981.6072645710733,999.4975562544314
2026-02-25 04:00:00+00:00,-6.0347287e-05,11.671130161877045,-978.8812802508751,1002.2235405746294
2026-02-25 05:00:00+00:00,0.6898811,34.34050354828105,-956.2119068644711,1024.8929139610334
2026-02-25 06:00:00+00:00,449.03998,217.20095316614925,-773.3514572466029,1207.7533635789014
2026-02-25 07:00:00+00:00,2346.41,1423.153177502219,432.6007670894669,2413.705587914971
2026-02-25 08:00:00+00:00,5036.67,3287.2415705806734,2296.6891601679213,4277.793980993425
2026-02-25 09:00:00+00:00,7463.74,6104.792713161582,5114.240302748829,7095.345123574333
2026-02-25 10:00:00+00:00,9246.1,8047.923083810768,7057.370673398016,9038.47549422352
2026-02-25 11:00:00+00:00,9934.96,8243.626339431525,7253.073929018773,9234.178749844279
2026-02-25 12:00:00+00:00,9524.22,7382.090023588486,6391.537613175734,8372.642434001238
2026-02-25 13:00:00+00:00,8187.54,6454.55767817046,5464.005267757708,7445.110088583212
2026-02-25 14:00:00+00:00,5623.41,4469.709491769501,3479.1570813567487,5460.261902182254
2026-02-25 15:00:00+00:00,2455.69,1935.6216749013483,945.069264488596,2926.1740853141005
2026-02-25 16:00:00+00:00,249.38995,335.8087303668451,-654.7436800459072,1326.3611407795972
2026-02-25 17:00:00+00:00,0.019959183,27.607100701879062,-962.9453097108731,1018.1595111146314
2026-02-25 18:00:00+00:00,-6.0347287e-05,19.06739336676992,-971.4850170459822,1009.6198037795223
2026-02-25 19:00:00+00:00,-6.0347287e-05,13.656391711742799,-976.8960187010093,1004.2088021244949
2026-02-25 20:00:00+00:00,-6.0347287e-05,2.8609107279216914,-987.6914996848304,993.413321140674
2026-02-25 21:00:00+00:00,-6.0347287e-05,2.0251547932380163,-988.5272556195146,992.5775652059901
2026-02-25 22:00:00+00:00,-6.0347287e-05,-0.7652695468655111,-991.3176799596176,989.7871408658868
2026-02-25 23:00:00+00:00,-6.0347287e-05,2.8022493830626445,-987.7501610296895,993.354659795815
2026-02-26 00:00:00+00:00,-6.0347287e-05,6.097934002887541,-984.4544764098646,996.6503444156399
2026-02-26 01:00:00+00:00,-6.0347287e-05,4.781198502759253,-985.7712119099929,995.3336089155116
2026-02-26 02:00:00+00:00,-6.0347287e-05,6.219362827836903,-984.3330475849152,996.771773240589
2026-02-26 03:00:00+00:00,-6.0347287e-05,19.670393834563583,-970.882016578189,1010.2228042473155
2026-02-26 04:00:00+00:00,-6.0347287e-05,12.361842091123435,-978.1905683216291,1002.9142525038756
2026-02-26 05:00:00+00:00,1.3400276,34.30066647227841,-956.2517439404737,1024.8530768850308
2026-02-26 06:00:00+00:00,594.69,251.53530618891227,-739.0171042238399,1242.0877166016644
2026-02-26 07:00:00+00:00,3368.76,1919.7441159594134,929.1917055466613,2910.2965263721658
2026-02-26 08:00:00+00:00,6793.67,4751.594916198868,3761.0425057861157,5742.14732661162
2026-02-26 09:00:00+00:00,9206.32,7230.924894934309,6240.372484521557,8221.47730534706
2026-02-26 10:00:00+00:00,10362.43,8474.401988720765,7483.8495783080125,9464.954399133516
2026-02-26 11:00:00+00:00,9984.851,8770.90462070634,7780.352210293588,9761.457031119091
2026-02-26 12:00:00+00:00,8847.34,7193.060629288457,6202.508218875704,8183.613039701208
2026-02-26 13:00:00+00:00,7313.07,6030.784695318568,5040.2322849058155,7021.33710573132
2026-02-26 14:00:00+00:00,5148.71,3743.6364928204875,2753.0840824077354,4734.18890323324
2026-02-26 15:00:00+00:00,2268.02,1671.117240503181,680.5648300904286,2661.6696509159333
2026-02-26 16:00:00+00:00,263.42987,278.33804815718463,-712.2143622555677,1268.8904585699368
2026-02-26 17:00:00+00:00,0.019959183,17.530038945935758,-973.0223714668168,1008.0824493586879
2026-02-26 18:00:00+00:00,-6.0347287e-05,8.99033161082616,-981.562078801926,999.5427420235785
2026-02-26 19:00:00+00:00,-6.0347287e-05,0.1476678999961223,-990.404742512756,990.7000783127482
2026-02-26 20:00:00+00:00,-6.0347287e-05,0.1476678999961223,-990.404742512756,990.7000783127482
2026-02-26 21:00:00+00:00,-6.0347287e-05,1.8768958707346428,-988.6755145420175,992.429306283487
2026-02-26 22:00:00+00:00,-6.0347287e-05,-0.21585190753467032,-990.7682623202868,990.3365585052177
2026-02-26 23:00:00+00:00,-6.0347287e-05,3.181502001028093,-987.370908411724,993.7339124137802
2026-02-27 00:00:00+00:00,-6.0347287e-05,15.574616093084387,-974.9777943196677,1006.1270265058365
2026-02-27 01:00:00+00:00,-6.0347287e-05,8.930612729978748,-981.6217976827734,999.4830231427309
2026-02-27 02:00:00+00:00,-6.0347287e-05,12.316233843143436,-978.2361765696087,1002.8686442558958
2026-02-27 03:00:00+00:00,-6.0347287e-05,11.32405058195991,-979.2283598307922,1001.876460994712
2026-02-27 04:00:00+00:00,-6.0347287e-05,13.752344291577629,-976.8000661211745,1004.30475470433
2026-02-27 05:00:00+00:00,0.7699592,30.395192325690005,-960.1572180870621,1020.9476027384424
2026-02-27 06:00:00+00:00,553.29,263.9061093151131,-726.646301097639,1254.4585197278652
2026-02-27 07:00:00+00:00,2942.36,1757.8462593916643,767.2938489789121,2748.3986698044164
2026-02-27 08:00:00+00:00,6084.83,4786.630771096139,3796.0783606833866,5777.183181508891
2026-02-27 09:00:00+00:00,8772.68,7318.711844313501,6328.159433900749,8309.264254726255
2026-02-27 10:00:00+00:00,9990.51,8671.724582875984,7681.172172463232,9662.276993288737
2026-02-27 11:00:00+00:00,10041.63,8525.473726541299,7534.921316128548,9516.026136954053
2026-02-27 12:00:00+00:00,9491.91,7346.070709493683,6355.518299080931,8336.623119906435
2026-02-27 13:00:00+00:00,8319.29,7352.09037546718,6361.537965054428,8342.642785879932
2026-02-27 14:00:00+00:00,5875.95,4932.922020878557,3942.3696104658056,5923.47443129131
2026-02-27 15:00:00+00:00,2512.87,2608.0824323158836,1617.5300219031315,3598.6348427286357
2026-02-27 16:00:00+00:00,296.96014,391.0738641416383,-599.4785462711138,1381.6262745543904
2026-02-27 17:00:00+00:00,0.029968949,28.08187417457202,-962.4705362381806,1018.6342845873241
2026-02-27 18:00:00+00:00,-6.0347287e-05,20.611687190929388,-969.9407232218227,1011.1640976036815
2026-02-27 19:00:00+00:00,-6.0347287e-05,-0.25140622421122316,-990.8038166369633,990.3010041885411
2026-02-27 20:00:00+00:00,-6.0347287e-05,3.039628497643207,-987.5127819151094,993.5920389103953
2026-02-27 21:00:00+00:00,-6.0347287e-05,3.039628497643207,-987.5127819151094,993.5920389103953
2026-02-27 22:00:00+00:00,-6.0347287e-05,3.410328367252532,-987.1420820454996,993.9627387800049
2026-02-27 23:00:00+00:00,-6.0347287e-05,2.5745724325684023,-987.9778379801837,993.1269828453208
