date,load_ampr_actual,load_ampr_fitted,load_ampr_lower,load_ampr_upper
2026-02-06 00:00:00+00:00,19725.15,19623.762,19290.74,19956.781
2026-02-06 01:00:00+00:00,19440.1,19312.174,18979.152,19645.195
2026-02-06 02:00:00+00:00,19454.79,19306.44,18973.418,19639.46
2026-02-06 03:00:00+00:00,19941.76,20186.217,19853.197,20519.238
2026-02-06 04:00:00+00:00,21243.53,21446.674,21113.654,21779.695
2026-02-06 05:00:00+00:00,23767.18,22948.287,22615.266,23281.309
2026-02-06 06:00:00+00:00,25675.58,25932.746,25599.727,26265.768
2026-02-06 07:00:00+00:00,26382.98,26149.969,25816.947,26482.99
2026-02-06 08:00:00+00:00,26389.03,26039.398,25706.377,26372.42
2026-02-06 09:00:00+00:00,26180.75,26104.574,25771.553,26437.594
2026-02-06 10:00:00+00:00,26002.45,25553.973,25220.951,25886.994
2026-02-06 11:00:00+00:00,25982.18,25424.336,25091.314,25757.357
2026-02-06 12:00:00+00:00,25473.43,25347.822,25014.803,25680.844
2026-02-06 13:00:00+00:00,24965.88,24660.242,24327.22,24993.264
2026-02-06 14:00:00+00:00,24983.75,24530.012,24196.99,24863.033
2026-02-06 15:00:00+00:00,24945.06,25274.012,24940.99,25607.031
2026-02-06 16:00:00+00:00,25239.65,24987.957,24654.936,25320.979
2026-02-06 17:00:00+00:00,25612.05,24871.635,24538.615,25204.656
2026-02-06 18:00:00+00:00,25240.06,24413.932,24080.91,24746.953
2026-02-06 19:00:00+00:00,23935.73,24008.428,23675.406,24341.45
2026-02-06 20:00:00+00:00,22854.78,23925.56,23592.541,24258.582
2026-02-06 21:00:00+00:00,21723.22,22560.477,22227.455,22893.498
2026-02-06 22:00:00+00:00,20338.29,20685.377,20352.355,21018.398
2026-02-06 23:00:00+00:00,18945.27,19771.31,19438.29,20104.33
2026-02-07 00:00:00+00:00,18570.44,18616.436,18283.416,18949.457
2026-02-07 01:00:00+00:00,18282.7,18550.201,18217.18,18883.223
2026-02-07 02:00:00+00:00,18244.26,17483.535,17150.514,17816.557
2026-02-07 03:00:00+00:00,18318.83,18208.297,17875.275,18541.318
2026-02-07 04:00:00+00:00,18255.46,18242.828,17909.807,18575.85
2026-02-07 05:00:00+00:00,18882.7,19010.95,18677.928,19343.97
2026-02-07 06:00:00+00:00,19547.63,19664.98,19331.959,19998.002
2026-02-07 07:00:00+00:00,20615.96,20307.652,19974.63,20640.674
2026-02-07 08:00:00+00:00,21513.25,21145.568,20812.547,21478.59
2026-02-07 09:00:00+00:00,22111.04,22061.734,21728.713,22394.756
2026-02-07 10:00:00+00:00,22065.04,21936.512,21603.49,22269.533
2026-02-07 11:00:00+00:00,21613.29,21650.43,21317.408,21983.451
2026-02-07 12:00:00+00:00,20731.91,20091.607,19758.586,20424.629
2026-02-07 13:00:00+00:00,20293.81,20475.227,20142.205,20808.248
2026-02-07 14:00:00+00:00,20224.35,19850.531,19517.51,20183.553
2026-02-07 15:00:00+00:00,20687.51,20036.688,19703.668,20369.709
2026-02-07 16:00:00+00:00,21716.39,20652.178,20319.156,20985.2
2026-02-07 17:00:00+00:00,22705.97,21395.564,21062.543,21728.586
2026-02-07 18:00:00+00:00,22312.01,21041.812,20708.791,21374.834
2026-02-07 19:00:00+00:00,21129.19,20955.463,20622.441,21288.484
2026-02-07 20:00:00+00:00,20218.77,20557.63,20224.61,20890.652
2026-02-07 21:00:00+00:00,19455.52,19403.707,19070.686,19736.729
2026-02-07 22:00:00+00:00,18540.65,19037.162,18704.14,19370.184
2026-02-07 23:00:00+00:00,17481.7,17696.709,17363.688,18029.73
2026-02-08 00:00:00+00:00,17021.97,16474.096,16141.073,16807.115
2026-02-08 01:00:00+00:00,16854.09,16077.804,15744.783,16410.826
2026-02-08 02:00:00+00:00,16763.66,16134.777,15801.757,16467.799
2026-02-08 03:00:00+00:00,16975.58,16247.397,15914.376,16580.418
2026-02-08 04:00:00+00:00,16875.84,15906.411,15573.39,16239.432
2026-02-08 05:00:00+00:00,17007.06,16282.035,15949.015,16615.057
2026-02-08 06:00:00+00:00,17705.45,16829.418,16496.396,17162.44
2026-02-08 07:00:00+00:00,18718.04,18884.744,18551.723,19217.766
2026-02-08 08:00:00+00:00,19847.38,19745.549,19412.53,20078.57
2026-02-08 09:00:00+00:00,20411.92,20898.104,20565.082,21231.125
2026-02-08 10:00:00+00:00,20938.93,22085.906,21752.885,22418.928
2026-02-08 11:00:00+00:00,21019.49,21496.867,21163.846,21829.889
2026-02-08 12:00:00+00:00,20855.42,21206.805,20873.783,21539.826
2026-02-08 13:00:00+00:00,20469.8,20360.838,20027.816,20693.86
2026-02-08 14:00:00+00:00,20199.65,20114.14,19781.12,20447.162
2026-02-08 15:00:00+00:00,20471.66,19907.438,19574.416,20240.459
2026-02-08 16:00:00+00:00,21565.05,21665.928,21332.906,21998.947
2026-02-08 17:00:00+00:00,22714.55,21908.861,21575.84,22241.883
2026-02-08 18:00:00+00:00,22596.8,21538.797,21205.775,21871.816
2026-02-08 19:00:00+00:00,21990.77,20721.588,20388.568,21054.61
2026-02-08 20:00:00+00:00,21363.02,20350.604,20017.582,20683.625
2026-02-08 21:00:00+00:00,20518.88,19674.863,19341.842,20007.885
2026-02-08 22:00:00+00:00,19335.15,18672.656,18339.637,19005.678
2026-02-08 23:00:00+00:00,18331.57,17984.957,17651.936,18317.979
2026-02-09 00:00:00+00:00,17884.36,17858.986,17525.965,18192.008
2026-02-09 01:00:00+00:00,17772.72,18108.414,17775.393,18441.436
2026-02-09 02:00:00+00:00,17788.36,18015.5,17682.479,18348.52
2026-02-09 03:00:00+00:00,18122.37,18571.213,18238.191,18904.234
2026-02-09 04:00:00+00:00,19630.39,19960.13,19627.11,20293.152
2026-02-09 05:00:00+00:00,22536.75,22688.96,22355.94,23021.98
2026-02-09 06:00:00+00:00,24376.89,24572.672,24239.65,24905.693
2026-02-09 07:00:00+00:00,25274.52,26160.084,25827.062,26493.105
2026-02-09 08:00:00+00:00,25303.38,26209.158,25876.139,26542.18
2026-02-09 09:00:00+00:00,25072.04,26647.57,26314.549,26980.592
2026-02-09 10:00:00+00:00,24754.19,25839.719,25506.697,26172.74
2026-02-09 11:00:00+00:00,24866.91,24947.537,24614.516,25280.559
2026-02-09 12:00:00+00:00,24527.25,24294.389,23961.367,24627.41
2026-02-09 13:00:00+00:00,24249.68,24098.408,23765.387,24431.43
2026-02-09 14:00:00+00:00,24343.24,24285.416,23952.395,24618.438
2026-02-09 15:00:00+00:00,24053.83,24205.896,23872.875,24538.918
2026-02-09 16:00:00+00:00,24640.24,24282.098,23949.076,24615.12
2026-02-09 17:00:00+00:00,25530.36,25150.012,24816.99,25483.033
2026-02-09 18:00:00+00:00,25494.29,25006.982,24673.963,25340.004
2026-02-09 19:00:00+00:00,24120.13,25028.332,24695.31,25361.354
2026-02-09 20:00:00+00:00,23164.51,24204.295,23871.273,24537.316
2026-02-09 21:00:00+00:00,21919.17,21776.258,21443.236,22109.28
2026-02-09 22:00:00+00:00,20565.08,21249.467,20916.445,21582.488
2026-02-09 23:00:00+00:00,19433.66,20259.53,19926.508,20592.55
2026-02-10 00:00:00+00:00,18916.31,19293.092,18960.072,19626.113
2026-02-10 01:00:00+00:00,18676.78,19254.504,18921.482,19587.525
2026-02-10 02:00:00+00:00,18882.41,19648.955,19315.934,19981.977
2026-02-10 03:00:00+00:00,19049.99,19740.232,19407.21,20073.252
2026-02-10 04:00:00+00:00,20116.57,20237.191,19904.17,20570.213
2026-02-10 05:00:00+00:00,22868.98,23431.748,23098.727,23764.77
2026-02-10 06:00:00+00:00,24764.51,24033.06,23700.04,24366.082
2026-02-10 07:00:00+00:00,25411.19,25833.078,25500.057,26166.1
2026-02-10 08:00:00+00:00,25656.67,26024.834,25691.812,26357.855
2026-02-10 09:00:00+00:00,25905.17,26035.207,25702.186,26368.229
2026-02-10 10:00:00+00:00,26340.13,25942.736,25609.715,26275.756
2026-02-10 11:00:00+00:00,26614.45,25220.932,24887.91,25553.953
2026-02-10 12:00:00+00:00,26120.43,24946.566,24613.545,25279.588
2026-02-10 13:00:00+00:00,25950.06,24739.754,24406.732,25072.775
2026-02-10 14:00:00+00:00,25741.68,24537.943,24204.922,24870.965
2026-02-10 15:00:00+00:00,25257.19,24256.57,23923.549,24589.592
2026-02-10 16:00:00+00:00,25410.84,24966.594,24633.572,25299.615
2026-02-10 17:00:00+00:00,25657.48,26211.1,25878.08,26544.121
2026-02-10 18:00:00+00:00,25249.21,26201.875,25868.854,26534.895
2026-02-10 19:00:00+00:00,24109.56,24667.822,24334.8,25000.844
2026-02-10 20:00:00+00:00,23066.57,22987.273,22654.252,23320.295
2026-02-10 21:00:00+00:00,21639.52,21757.652,21424.63,22090.674
2026-02-10 22:00:00+00:00,20317.84,20408.146,20075.125,20741.166
2026-02-10 23:00:00+00:00,19394.69,19644.107,19311.086,19977.129
2026-02-11 00:00:00+00:00,18744.58,19429.479,19096.457,19762.5
2026-02-11 01:00:00+00:00,18698.97,18999.283,18666.264,19332.305
2026-02-11 02:00:00+00:00,18871.18,19020.338,18687.316,19353.36
2026-02-11 03:00:00+00:00,18722.17,19589.604,19256.582,19922.625
2026-02-11 04:00:00+00:00,20177.17,20274.107,19941.086,20607.129
2026-02-11 05:00:00+00:00,23247.62,22777.172,22444.15,23110.193
2026-02-11 06:00:00+00:00,25271.18,24007.152,23674.13,24340.174
2026-02-11 07:00:00+00:00,26024.77,24638.791,24305.77,24971.812
2026-02-11 08:00:00+00:00,26391.11,25400.336,25067.314,25733.357
2026-02-11 09:00:00+00:00,26667.2,25223.537,24890.516,25556.559
2026-02-11 10:00:00+00:00,26888.64,25652.826,25319.805,25985.848
2026-02-11 11:00:00+00:00,26359.84,25242.791,24909.77,25575.812
2026-02-11 12:00:00+00:00,25183.09,24543.049,24210.027,24876.07
2026-02-11 13:00:00+00:00,24896.67,24342.027,24009.006,24675.047
2026-02-11 14:00:00+00:00,24849.6,24245.096,23912.074,24578.115
2026-02-11 15:00:00+00:00,24844.91,24281.936,23948.914,24614.957
2026-02-11 16:00:00+00:00,25331.61,24680.23,24347.209,25013.252
2026-02-11 17:00:00+00:00,25951.28,25278.465,24945.445,25611.486
2026-02-11 18:00:00+00:00,25610.86,24297.146,23964.125,24630.168
2026-02-11 19:00:00+00:00,24437.43,23434.934,23101.914,23767.955
2026-02-11 20:00:00+00:00,23371.59,21352.465,21019.443,21685.484
2026-02-11 21:00:00+00:00,22009.19,21387.783,21054.762,21720.805
2026-02-11 22:00:00+00:00,20475.91,20258.719,19925.697,20591.74
2026-02-11 23:00:00+00:00,18874.41,18671.656,18338.635,19004.678
2026-02-12 00:00:00+00:00,18076.99,17961.8,17628.78,18294.822
2026-02-12 01:00:00+00:00,17940.13,17489.562,17156.541,17822.584
2026-02-12 02:00:00+00:00,18281.95,18527.668,18194.646,18860.69
2026-02-12 03:00:00+00:00,18651.79,19862.979,19529.957,20196.0
2026-02-12 04:00:00+00:00,19957.31,20658.047,20325.025,20991.068
2026-02-12 05:00:00+00:00,22877.44,23900.229,23567.209,24233.25
2026-02-12 06:00:00+00:00,24716.47,24928.719,24595.697,25261.74
2026-02-12 07:00:00+00:00,25662.07,24923.969,24590.947,25256.99
2026-02-12 08:00:00+00:00,26156.89,25338.088,25005.066,25671.11
2026-02-12 09:00:00+00:00,25784.38,25195.197,24862.178,25528.219
2026-02-12 10:00:00+00:00,25556.63,25497.133,25164.111,25830.154
2026-02-12 11:00:00+00:00,25215.74,24568.363,24235.342,24901.385
2026-02-12 12:00:00+00:00,25177.91,23704.682,23371.66,24037.703
2026-02-12 13:00:00+00:00,24582.83,23505.695,23172.676,23838.717
2026-02-12 14:00:00+00:00,24775.17,23317.889,22984.867,23650.91
2026-02-12 15:00:00+00:00,24586.78,23520.78,23187.758,23853.8
2026-02-12 16:00:00+00:00,25142.35,22842.977,22509.955,23175.998
2026-02-12 17:00:00+00:00,25689.98,25572.887,25239.865,25905.908
2026-02-12 18:00:00+00:00,25215.91,24398.498,24065.477,24731.52
2026-02-12 19:00:00+00:00,24025.66,22797.596,22464.576,23130.617
2026-02-12 20:00:00+00:00,22494.15,21713.727,21380.705,22046.748
2026-02-12 21:00:00+00:00,21243.35,20468.225,20135.203,20801.246
2026-02-12 22:00:00+00:00,20256.75,19347.021,19014.0,19680.043
2026-02-12 23:00:00+00:00,18978.37,18988.074,18655.053,19321.096
2026-02-13 00:00:00+00:00,18057.19,18322.969,17975.42,18670.516
2026-02-13 01:00:00+00:00,17569.21,17874.006,17526.457,18221.553
2026-02-13 02:00:00+00:00,17739.55,17186.213,16838.666,17533.762
2026-02-13 03:00:00+00:00,18066.24,17427.348,17079.799,17774.895
2026-02-13 04:00:00+00:00,19475.84,19704.477,19356.928,20052.023
2026-02-13 05:00:00+00:00,22384.75,22246.627,21899.08,22594.176
2026-02-13 06:00:00+00:00,24190.36,24487.516,24139.967,24835.062
2026-02-13 07:00:00+00:00,25238.22,25198.723,24851.174,25546.27
2026-02-13 08:00:00+00:00,25429.15,25358.861,25011.314,25706.41
2026-02-13 09:00:00+00:00,25805.23,25083.877,24736.328,25431.424
2026-02-13 10:00:00+00:00,25436.33,25351.832,25004.285,25699.38
2026-02-13 11:00:00+00:00,25132.82,25143.46,24795.912,25491.008
2026-02-13 12:00:00+00:00,24461.08,24715.861,24368.314,25063.41
2026-02-13 13:00:00+00:00,24254.06,24778.736,24431.188,25126.283
2026-02-13 14:00:00+00:00,23954.3,24664.459,24316.912,25012.008
2026-02-13 15:00:00+00:00,24082.86,24840.604,24493.057,25188.152
2026-02-13 16:00:00+00:00,24513.67,25126.857,24779.31,25474.406
2026-02-13 17:00:00+00:00,24909.17,25099.635,24752.086,25447.182
2026-02-13 18:00:00+00:00,24877.98,24415.219,24067.672,24762.768
2026-02-13 19:00:00+00:00,23806.34,23264.99,22917.443,23612.54
2026-02-13 20:00:00+00:00,22972.49,22398.074,22050.525,22745.623
2026-02-13 21:00:00+00:00,21623.44,21691.566,21344.018,22039.113
2026-02-13 22:00:00+00:00,20340.54,20377.682,20030.135,20725.23
2026-02-13 23:00:00+00:00,19060.95,18960.652,18613.105,19308.201
2026-02-14 00:00:00+00:00,18320.8,17421.408,17073.86,17768.955
2026-02-14 01:00:00+00:00,18090.34,16774.1,16426.55,17121.646
2026-02-14 02:00:00+00:00,17952.94,16919.906,16572.357,17267.455
2026-02-14 03:00:00+00:00,18008.78,17118.904,16771.357,17466.453
2026-02-14 04:00:00+00:00,18290.3,16909.666,16562.12,17257.215
2026-02-14 05:00:00+00:00,18714.47,16885.764,16538.217,17233.312
2026-02-14 06:00:00+00:00,19659.63,18337.932,17990.385,18685.48
2026-02-14 07:00:00+00:00,20977.01,19187.186,18839.639,19534.734
2026-02-14 08:00:00+00:00,21997.76,20088.295,19740.748,20435.844
2026-02-14 09:00:00+00:00,22658.22,21660.36,21312.81,22007.906
2026-02-14 10:00:00+00:00,22878.59,21574.797,21227.248,21922.344
2026-02-14 11:00:00+00:00,22969.07,21919.967,21572.42,22267.516
2026-02-14 12:00:00+00:00,22547.87,22490.934,22143.387,22838.482
2026-02-14 13:00:00+00:00,22172.14,22191.71,21844.164,22539.26
2026-02-14 14:00:00+00:00,22242.0,22060.531,21712.984,22408.08
2026-02-14 15:00:00+00:00,22370.96,21177.336,20829.787,21524.883
2026-02-14 16:00:00+00:00,23129.72,21252.844,20905.297,21600.393
2026-02-14 17:00:00+00:00,23738.65,22784.926,22437.377,23132.473
2026-02-14 18:00:00+00:00,23311.11,22114.943,21767.396,22462.492
2026-02-14 19:00:00+00:00,21802.1,20799.725,20452.176,21147.271
2026-02-14 20:00:00+00:00,20832.92,20948.49,20600.943,21296.04
2026-02-14 21:00:00+00:00,20307.37,19868.088,19520.54,20215.635
2026-02-14 22:00:00+00:00,19537.62,19320.965,18973.416,19668.512
2026-02-14 23:00:00+00:00,18327.07,18801.77,18454.223,19149.318
2026-02-15 00:00:00+00:00,17737.66,17592.105,17244.557,17939.652
2026-02-15 01:00:00+00:00,17542.16,16638.42,16290.872,16985.969
2026-02-15 02:00:00+00:00,17489.16,17243.729,16896.182,17591.277
2026-02-15 03:00:00+00:00,17321.11,17341.494,16993.945,17689.041
2026-02-15 04:00:00+00:00,17320.59,16868.723,16521.174,17216.27
2026-02-15 05:00:00+00:00,17433.56,17733.61,17386.062,18081.158
2026-02-15 06:00:00+00:00,17843.25,17589.43,17241.883,17936.979
2026-02-15 07:00:00+00:00,18833.26,18591.117,18243.568,18938.664
2026-02-15 08:00:00+00:00,19914.7,19305.838,18958.29,19653.385
2026-02-15 09:00:00+00:00,20727.39,20131.562,19784.014,20479.11
2026-02-15 10:00:00+00:00,21198.7,19076.027,18728.479,19423.576
2026-02-15 11:00:00+00:00,20851.54,19163.326,18815.777,19510.873
2026-02-15 12:00:00+00:00,19804.14,18782.607,18435.06,19130.156
2026-02-15 13:00:00+00:00,19631.43,18948.691,18601.145,19296.24
2026-02-15 14:00:00+00:00,20179.29,18630.963,18283.414,18978.51
2026-02-15 15:00:00+00:00,20474.29,19097.74,18750.193,19445.29
2026-02-15 16:00:00+00:00,21033.5,20037.986,19690.44,20385.535
2026-02-15 17:00:00+00:00,22469.54,22031.371,21683.824,22378.92
2026-02-15 18:00:00+00:00,22384.01,21290.771,20943.225,21638.32
2026-02-15 19:00:00+00:00,22178.5,21200.926,20853.377,21548.473
2026-02-15 20:00:00+00:00,21605.45,21646.293,21298.744,21993.84
2026-02-15 21:00:00+00:00,21192.88,20865.564,20518.018,21213.113
2026-02-15 22:00:00+00:00,19871.26,19513.223,19165.674,19860.77
2026-02-15 23:00:00+00:00,18845.25,18553.215,18205.668,18900.764
2026-02-16 00:00:00+00:00,18511.82,17481.441,17133.893,17828.988
2026-02-16 01:00:00+00:00,18130.33,17558.543,17210.994,17906.09
2026-02-16 02:00:00+00:00,18093.28,17699.654,17352.105,18047.201
2026-02-16 03:00:00+00:00,18041.7,17773.152,17425.604,18120.7
2026-02-16 04:00:00+00:00,19011.19,19305.594,18958.045,19653.14
2026-02-16 05:00:00+00:00,21799.5,22797.8,22450.254,23145.35
2026-02-16 06:00:00+00:00,23288.96,24571.201,24223.654,24918.75
2026-02-16 07:00:00+00:00,24478.62,25423.643,25076.094,25771.19
2026-02-16 08:00:00+00:00,24816.68,26036.102,25688.555,26383.65
2026-02-16 09:00:00+00:00,24886.0,25844.738,25497.19,26192.285
2026-02-16 10:00:00+00:00,25196.36,25355.354,25007.807,25702.902
2026-02-16 11:00:00+00:00,24734.12,25493.887,25146.338,25841.434
2026-02-16 12:00:00+00:00,24183.96,25280.16,24932.611,25627.707
2026-02-16 13:00:00+00:00,23365.62,25411.406,25063.857,25758.953
2026-02-16 14:00:00+00:00,23037.24,24639.209,24291.662,24986.758
2026-02-16 15:00:00+00:00,23685.77,25608.52,25260.973,25956.068
2026-02-16 16:00:00+00:00,24266.3,25736.115,25388.566,26083.662
2026-02-16 17:00:00+00:00,25104.48,25901.672,25554.125,26249.22
2026-02-16 18:00:00+00:00,24879.94,26051.322,25703.773,26398.87
2026-02-16 19:00:00+00:00,23634.53,24867.914,24520.365,25215.463
2026-02-16 20:00:00+00:00,22234.23,23594.764,23247.215,23942.31
2026-02-16 21:00:00+00:00,20725.15,22459.064,22111.516,22806.611
2026-02-16 22:00:00+00:00,19603.32,20266.068,19918.521,20613.617
2026-02-16 23:00:00+00:00,18698.5,19247.572,18900.025,19595.121
2026-02-17 00:00:00+00:00,18224.36,18982.7,18635.152,19330.248
2026-02-17 01:00:00+00:00,18111.91,19021.68,18674.133,19369.229
2026-02-17 02:00:00+00:00,18279.08,19311.201,18963.652,19658.748
2026-02-17 03:00:00+00:00,18836.46,19708.973,19361.426,20056.521
2026-02-17 04:00:00+00:00,19678.85,20190.553,19843.004,20538.1
2026-02-17 05:00:00+00:00,22337.39,23121.068,22773.52,23468.615
2026-02-17 06:00:00+00:00,24029.22,25646.74,25299.193,25994.287
2026-02-17 07:00:00+00:00,24589.59,25962.482,25614.936,26310.031
2026-02-17 08:00:00+00:00,24936.08,25996.09,25648.543,26343.639
2026-02-17 09:00:00+00:00,25202.04,25696.758,25349.209,26044.307
2026-02-17 10:00:00+00:00,25541.04,25925.994,25578.447,26273.543
2026-02-17 11:00:00+00:00,25141.7,25870.695,25523.146,26218.242
2026-02-17 12:00:00+00:00,24817.52,25802.607,25455.06,26150.156
2026-02-17 13:00:00+00:00,24505.75,24683.262,24335.713,25030.809
2026-02-17 14:00:00+00:00,24391.73,25034.104,24686.555,25381.65
2026-02-17 15:00:00+00:00,24156.85,24684.588,24337.041,25032.137
2026-02-17 16:00:00+00:00,24531.34,24966.902,24619.355,25314.451
2026-02-17 17:00:00+00:00,25643.63,25862.535,25514.986,26210.082
2026-02-17 18:00:00+00:00,25606.29,24715.586,24368.04,25063.135
2026-02-17 19:00:00+00:00,24459.98,23415.652,23068.105,23763.201
2026-02-17 20:00:00+00:00,23888.25,21934.309,21586.762,22281.857
2026-02-17 21:00:00+00:00,22077.79,21007.002,20659.453,21354.549
2026-02-17 22:00:00+00:00,20606.77,20026.135,19678.588,20373.684
2026-02-17 23:00:00+00:00,19533.94,19685.498,19337.95,20033.045
2026-02-18 00:00:00+00:00,19304.64,19155.582,18808.033,19503.129
2026-02-18 01:00:00+00:00,19265.18,18804.725,18457.178,19152.273
2026-02-18 02:00:00+00:00,19218.48,18376.525,18028.979,18724.074
2026-02-18 03:00:00+00:00,19535.55,18678.328,18330.781,19025.877
2026-02-18 04:00:00+00:00,20755.8,20902.432,20554.883,21249.979
2026-02-18 05:00:00+00:00,23146.34,22897.105,22549.559,23244.654
2026-02-18 06:00:00+00:00,25298.07,25502.535,25154.986,25850.082
2026-02-18 07:00:00+00:00,26249.87,25954.938,25607.39,26302.486
2026-02-18 08:00:00+00:00,26130.57,26241.934,25894.385,26589.48
2026-02-18 09:00:00+00:00,25724.99,25546.701,25199.152,25894.248
2026-02-18 10:00:00+00:00,26146.64,25748.672,25401.125,26096.22
2026-02-18 11:00:00+00:00,26325.87,25275.87,24928.32,25623.416
2026-02-18 12:00:00+00:00,24706.84,25403.115,25055.568,25750.664
2026-02-18 13:00:00+00:00,24069.11,25088.906,24741.357,25436.453
2026-02-18 14:00:00+00:00,24083.59,24602.027,24254.48,24949.576
2026-02-18 15:00:00+00:00,24239.3,24011.047,23663.498,24358.594
2026-02-18 16:00:00+00:00,24733.88,25121.686,24774.137,25469.232
2026-02-18 17:00:00+00:00,25568.26,25318.316,24970.768,25665.863
2026-02-18 18:00:00+00:00,25425.29,23164.86,22817.31,23512.406
2026-02-18 19:00:00+00:00,24518.89,22961.32,22613.773,23308.87
2026-02-18 20:00:00+00:00,23139.49,23306.305,22958.756,23653.852
2026-02-18 21:00:00+00:00,22073.93,21145.844,20798.295,21493.39
2026-02-18 22:00:00+00:00,20718.96,18211.97,17864.424,18559.52
2026-02-18 23:00:00+00:00,19390.14,19201.885,18854.338,19549.434
2026-02-19 00:00:00+00:00,19136.76,19580.984,19233.436,19928.531
2026-02-19 01:00:00+00:00,19366.24,19623.92,19276.373,19971.469
2026-02-19 02:00:00+00:00,19439.09,20358.277,20010.729,20705.824
2026-02-19 03:00:00+00:00,20275.15,19364.596,19017.049,19712.145
2026-02-19 04:00:00+00:00,21344.44,20817.182,20469.635,21164.73
2026-02-19 05:00:00+00:00,23627.42,23164.018,22816.469,23511.564
2026-02-19 06:00:00+00:00,26407.94,23146.234,22798.688,23493.783
2026-02-19 07:00:00+00:00,26954.57,24355.318,24007.77,24702.865
2026-02-19 08:00:00+00:00,26613.23,24009.164,23661.615,24356.71
2026-02-19 09:00:00+00:00,26391.82,24071.877,23724.33,24419.426
2026-02-19 10:00:00+00:00,26689.41,25226.576,24879.027,25574.123
2026-02-19 11:00:00+00:00,26713.71,23887.91,23540.361,24235.457
2026-02-19 12:00:00+00:00,26896.36,24679.611,24332.064,25027.16
2026-02-19 13:00:00+00:00,25677.54,24819.14,24471.592,25166.688
2026-02-19 14:00:00+00:00,25406.97,24531.096,24183.547,24878.643
2026-02-19 15:00:00+00:00,25462.72,24845.938,24498.39,25193.486
2026-02-19 16:00:00+00:00,26099.61,24189.424,23841.875,24536.97
2026-02-19 17:00:00+00:00,26547.94,24335.201,23987.652,24682.748
2026-02-19 18:00:00+00:00,26473.96,23833.908,23486.36,24181.455
2026-02-19 19:00:00+00:00,25279.17,22839.326,22491.78,23186.875
2026-02-19 20:00:00+00:00,23756.48,22391.082,22043.533,22738.629
2026-02-19 21:00:00+00:00,22475.11,20882.955,20535.406,21230.502
2026-02-19 22:00:00+00:00,21445.82,18557.215,18209.668,18904.764
2026-02-19 23:00:00+00:00,20498.72,17870.918,17523.37,18218.465
2026-02-20 00:00:00+00:00,20265.31,20067.387,19758.322,20376.451
2026-02-20 01:00:00+00:00,19902.44,20187.707,19878.643,20496.771
2026-02-20 02:00:00+00:00,20009.98,19874.057,19564.992,20183.121
2026-02-20 03:00:00+00:00,20465.18,21328.135,21019.07,21637.2
2026-02-20 04:00:00+00:00,21759.05,23794.307,23485.244,24103.371
2026-02-20 05:00:00+00:00,24441.99,24235.918,23926.854,24544.982
2026-02-20 06:00:00+00:00,25814.1,25415.377,25106.314,25724.441
2026-02-20 07:00:00+00:00,26145.68,26492.25,26183.186,26801.314
2026-02-20 08:00:00+00:00,26112.93,26154.525,25845.46,26463.59
2026-02-20 09:00:00+00:00,26352.99,26235.666,25926.602,26544.73
2026-02-20 10:00:00+00:00,26421.38,25744.928,25435.863,26053.992
2026-02-20 11:00:00+00:00,26077.4,25663.54,25354.475,25972.604
2026-02-20 12:00:00+00:00,25922.48,25447.262,25138.197,25756.324
2026-02-20 13:00:00+00:00,25492.75,25315.965,25006.9,25625.03
2026-02-20 14:00:00+00:00,25274.63,24717.207,24408.143,25026.271
2026-02-20 15:00:00+00:00,25264.01,24573.129,24264.064,24882.193
2026-02-20 16:00:00+00:00,25683.22,25201.174,24892.11,25510.238
2026-02-20 17:00:00+00:00,25938.04,25146.791,24837.727,25455.854
2026-02-20 18:00:00+00:00,25236.98,24451.9,24142.838,24760.965
2026-02-20 19:00:00+00:00,23781.55,23958.693,23649.629,24267.758
2026-02-20 20:00:00+00:00,22293.31,22132.277,21823.213,22441.342
2026-02-20 21:00:00+00:00,21087.26,21817.848,21508.783,22126.912
2026-02-20 22:00:00+00:00,20112.05,19446.098,19137.033,19755.162
2026-02-20 23:00:00+00:00,19116.5,19024.81,18715.746,19333.875
2026-02-21 00:00:00+00:00,18396.28,17077.95,16768.885,17387.014
2026-02-21 01:00:00+00:00,17875.19,17396.496,17087.432,17705.56
2026-02-21 02:00:00+00:00,17578.66,17110.85,16801.785,17419.914
2026-02-21 03:00:00+00:00,17509.88,17017.541,16708.477,17326.605
2026-02-21 04:00:00+00:00,17928.87,17585.055,17275.99,17894.12
2026-02-21 05:00:00+00:00,18152.98,18215.014,17905.95,18524.078
2026-02-21 06:00:00+00:00,19020.95,18423.467,18114.402,18732.531
2026-02-21 07:00:00+00:00,20513.5,19843.197,19534.135,20152.262
2026-02-21 08:00:00+00:00,20789.85,20377.297,20068.232,20686.361
2026-02-21 09:00:00+00:00,21202.3,21240.592,20931.53,21549.656
2026-02-21 10:00:00+00:00,21648.48,21938.799,21629.734,22247.863
2026-02-21 11:00:00+00:00,21208.26,22030.225,21721.162,22339.29
2026-02-21 12:00:00+00:00,21116.42,20589.799,20280.734,20898.863
2026-02-21 13:00:00+00:00,20900.57,19554.123,19245.059,19863.186
2026-02-21 14:00:00+00:00,20793.45,19518.592,19209.527,19827.656
2026-02-21 15:00:00+00:00,21377.9,19826.795,19517.73,20135.86
2026-02-21 16:00:00+00:00,21962.88,20616.473,20307.408,20925.535
2026-02-21 17:00:00+00:00,22313.63,21896.51,21587.445,22205.574
2026-02-21 18:00:00+00:00,21927.97,20520.654,20211.59,20829.719
2026-02-21 19:00:00+00:00,20761.89,19433.637,19124.572,19742.701
2026-02-21 20:00:00+00:00,19998.48,18243.254,17934.19,18552.318
2026-02-21 21:00:00+00:00,18998.45,17856.625,17547.56,18165.69
2026-02-21 22:00:00+00:00,17302.86,16431.37,16122.306,16740.434
2026-02-21 23:00:00+00:00,16056.39,15611.357,15302.294,15920.422
2026-02-22 00:00:00+00:00,15384.78,14985.786,14676.722,15294.851
2026-02-22 01:00:00+00:00,15025.82,14761.133,14452.068,15070.196
2026-02-22 02:00:00+00:00,15173.79,14797.659,14488.596,15106.724
2026-02-22 03:00:00+00:00,15428.95,15425.241,15116.178,15734.306
2026-02-22 04:00:00+00:00,15714.32,15685.644,15376.579,15994.707
2026-02-22 05:00:00+00:00,15265.46,15690.145,15381.081,15999.209
2026-02-22 06:00:00+00:00,15863.91,16039.125,15730.061,16348.189
2026-02-22 07:00:00+00:00,16973.25,16476.012,16166.948,16785.076
2026-02-22 08:00:00+00:00,18019.08,17975.854,17666.79,18284.918
2026-02-22 09:00:00+00:00,18606.61,19012.848,18703.783,19321.912
2026-02-22 10:00:00+00:00,19593.11,19250.693,18941.629,19559.758
2026-02-22 11:00:00+00:00,19654.69,18969.938,18660.873,19279.002
2026-02-22 12:00:00+00:00,19656.65,19018.129,18709.064,19327.193
2026-02-22 13:00:00+00:00,19135.8,18981.258,18672.193,19290.322
2026-02-22 14:00:00+00:00,19507.51,18822.258,18513.193,19131.322
2026-02-22 15:00:00+00:00,19899.91,18886.215,18577.15,19195.28
2026-02-22 16:00:00+00:00,20679.63,19066.205,18757.14,19375.268
2026-02-22 17:00:00+00:00,20683.59,19150.201,18841.137,19459.264
2026-02-22 18:00:00+00:00,20520.34,18539.727,18230.662,18848.791
2026-02-22 19:00:00+00:00,19844.08,17677.12,17368.055,17986.184
2026-02-22 20:00:00+00:00,19782.57,18047.281,17738.217,18356.346
2026-02-22 21:00:00+00:00,18546.79,17174.176,16865.111,17483.24
2026-02-22 22:00:00+00:00,17441.51,16564.68,16255.616,16873.744
2026-02-22 23:00:00+00:00,16504.08,15421.147,15112.084,15730.212
2026-02-23 00:00:00+00:00,16154.85,14492.97,14183.906,14802.034
2026-02-23 01:00:00+00:00,16472.08,14634.721,14325.657,14943.785
2026-02-23 02:00:00+00:00,17060.38,14986.099,14677.034,15295.163
2026-02-23 03:00:00+00:00,17653.65,16549.232,16240.168,16858.297
2026-02-23 04:00:00+00:00,19125.78,16967.4,16658.336,17276.465
2026-02-23 05:00:00+00:00,21659.05,19849.244,19540.18,20158.309
2026-02-23 06:00:00+00:00,23833.33,21853.861,21544.797,22162.926
2026-02-23 07:00:00+00:00,24709.01,22460.492,22151.428,22769.555
2026-02-23 08:00:00+00:00,24575.99,23140.74,22831.676,23449.805
2026-02-23 09:00:00+00:00,24310.26,23245.676,22936.611,23554.74
2026-02-23 10:00:00+00:00,24257.24,23828.973,23519.908,24138.037
2026-02-23 11:00:00+00:00,24326.48,23554.264,23245.2,23863.328
2026-02-23 12:00:00+00:00,24102.94,22604.787,22295.723,22913.852
2026-02-23 13:00:00+00:00,23542.47,22288.998,21979.934,22598.062
2026-02-23 14:00:00+00:00,23690.95,22363.652,22054.588,22672.717
2026-02-23 15:00:00+00:00,23699.71,22318.44,22009.375,22627.502
2026-02-23 16:00:00+00:00,24778.05,22693.826,22384.762,23002.89
2026-02-23 17:00:00+00:00,24966.81,23509.932,23200.867,23818.996
2026-02-23 18:00:00+00:00,24497.15,22811.938,22502.873,23121.002
2026-02-23 19:00:00+00:00,23498.08,21734.592,21425.527,22043.656
2026-02-23 20:00:00+00:00,22054.05,21246.373,20937.309,21555.438
2026-02-23 21:00:00+00:00,20712.02,19351.756,19042.691,19660.82
2026-02-23 22:00:00+00:00,19532.3,18425.873,18116.809,18734.938
2026-02-23 23:00:00+00:00,18810.5,17409.99,17100.926,17719.055
2026-02-24 00:00:00+00:00,18152.28,16785.854,16476.79,17094.918
2026-02-24 01:00:00+00:00,17817.88,16608.639,16299.574,16917.703
2026-02-24 02:00:00+00:00,18033.8,17028.28,16719.215,17337.344
2026-02-24 03:00:00+00:00,18377.05,17942.203,17633.139,18251.268
2026-02-24 04:00:00+00:00,19192.03,18963.465,18654.4,19272.53
2026-02-24 05:00:00+00:00,22575.34,21554.139,21245.074,21863.203
2026-02-24 06:00:00+00:00,24661.77,23207.146,22898.082,23516.21
2026-02-24 07:00:00+00:00,25152.06,24124.74,23815.676,24433.803
2026-02-24 08:00:00+00:00,24943.99,25548.521,25239.457,25857.586
2026-02-24 09:00:00+00:00,25178.2,25599.807,25290.742,25908.87
2026-02-24 10:00:00+00:00,24472.39,25538.55,25229.486,25847.615
2026-02-24 11:00:00+00:00,24664.47,25373.918,25064.854,25682.98
2026-02-24 12:00:00+00:00,24468.72,25730.164,25421.1,26039.229
2026-02-24 13:00:00+00:00,24078.78,24816.012,24506.947,25125.076
2026-02-24 14:00:00+00:00,23911.12,24380.902,24071.84,24689.967
2026-02-24 15:00:00+00:00,24095.49,24113.49,23804.426,24422.555
2026-02-24 16:00:00+00:00,24826.26,25335.48,25026.418,25644.545
2026-02-24 17:00:00+00:00,25165.34,24857.754,24548.69,25166.818
2026-02-24 18:00:00+00:00,24878.71,24600.81,24291.746,24909.875
2026-02-24 19:00:00+00:00,23919.56,23581.338,23272.273,23890.402
2026-02-24 20:00:00+00:00,22510.65,22500.188,22191.123,22809.252
2026-02-24 21:00:00+00:00,20793.64,21256.703,20947.639,21565.768
2026-02-24 22:00:00+00:00,19583.98,19612.979,19303.914,19922.043
2026-02-24 23:00:00+00:00,18366.01,19118.686,18809.621,19427.75
2026-02-25 00:00:00+00:00,17625.24,17897.008,17587.943,18206.072
2026-02-25 01:00:00+00:00,17411.92,17558.22,17249.156,17867.285
2026-02-25 02:00:00+00:00,17546.1,18296.27,17987.205,18605.334
2026-02-25 03:00:00+00:00,18122.66,18601.34,18292.275,18910.404
2026-02-25 04:00:00+00:00,19415.51,19939.664,19630.6,20248.729
2026-02-25 05:00:00+00:00,22174.71,22217.775,21908.71,22526.84
2026-02-25 06:00:00+00:00,24136.74,23286.023,22976.959,23595.088
2026-02-25 07:00:00+00:00,24596.12,24103.385,23794.322,24412.45
2026-02-25 08:00:00+00:00,24818.34,24781.49,24472.426,25090.555
2026-02-25 09:00:00+00:00,24360.57,24972.836,24663.773,25281.9
2026-02-25 10:00:00+00:00,23930.94,24386.523,24077.459,24695.588
2026-02-25 11:00:00+00:00,23562.6,24270.398,23961.336,24579.463
2026-02-25 12:00:00+00:00,22836.25,23002.553,22693.488,23311.615
2026-02-25 13:00:00+00:00,22277.98,22527.85,22218.785,22836.914
2026-02-25 14:00:00+00:00,22135.19,21990.777,21681.713,22299.842
2026-02-25 15:00:00+00:00,22530.17,22331.957,22022.893,22641.021
2026-02-25 16:00:00+00:00,23226.88,22645.63,22336.566,22954.695
2026-02-25 17:00:00+00:00,23848.18,23277.168,22968.104,23586.23
2026-02-25 18:00:00+00:00,24157.41,24754.684,24445.62,25063.748
2026-02-25 19:00:00+00:00,23497.64,23678.521,23369.457,23987.586
2026-02-25 20:00:00+00:00,22471.54,22209.1,21900.035,22518.164
2026-02-25 21:00:00+00:00,20682.52,20585.762,20276.697,20894.826
2026-02-25 22:00:00+00:00,19522.1,20303.57,19994.506,20612.635
2026-02-25 23:00:00+00:00,18471.13,17941.11,17632.045,18250.174
2026-02-26 00:00:00+00:00,17411.99,18212.223,17903.158,18521.287
2026-02-26 01:00:00+00:00,16943.82,17387.148,17078.084,17696.213
2026-02-26 02:00:00+00:00,16988.03,17658.314,17349.25,17967.379
2026-02-26 03:00:00+00:00,17795.71,18331.852,18022.787,18640.916
2026-02-26 04:00:00+00:00,19117.43,19561.814,19252.75,19870.879
2026-02-26 05:00:00+00:00,21413.78,22378.371,22069.307,22687.436
2026-02-26 06:00:00+00:00,23381.8,24104.086,23795.021,24413.15
2026-02-26 07:00:00+00:00,24710.84,25150.697,24841.633,25459.762
2026-02-26 08:00:00+00:00,25019.36,24933.217,24624.154,25242.281
2026-02-26 09:00:00+00:00,24572.19,24753.508,24444.443,25062.572
2026-02-26 10:00:00+00:00,24246.89,24737.205,24428.14,25046.27
2026-02-26 11:00:00+00:00,23862.1,23718.527,23409.463,24027.592
2026-02-26 12:00:00+00:00,22791.04,22540.646,22231.582,22849.71
2026-02-26 13:00:00+00:00,22137.19,21717.143,21408.078,22026.207
2026-02-26 14:00:00+00:00,21841.97,21178.79,20869.725,21487.854
2026-02-26 15:00:00+00:00,22190.49,21010.93,20701.865,21319.994
2026-02-26 16:00:00+00:00,23252.04,21840.25,21531.186,22149.314
2026-02-26 17:00:00+00:00,23899.33,21964.682,21655.617,22273.746
2026-02-26 18:00:00+00:00,23560.69,23394.596,23085.531,23703.658
2026-02-26 19:00:00+00:00,22574.64,22581.838,22272.773,22890.9
2026-02-26 20:00:00+00:00,21327.8,20879.033,20569.969,21188.098
2026-02-26 21:00:00+00:00,20390.06,19099.564,18790.5,19408.629
2026-02-26 22:00:00+00:00,18954.75,17686.244,17377.18,17995.309
2026-02-26 23:00:00+00:00,18027.01,17008.414,16699.35,17317.479
2026-02-27 00:00:00+00:00,16992.39,17880.938,17557.371,18204.506
2026-02-27 01:00:00+00:00,16443.12,17498.715,17175.146,17822.283
2026-02-27 02:00:00+00:00,16795.95,17824.805,17501.238,18148.373
2026-02-27 03:00:00+00:00,17508.17,18205.959,17882.39,18529.525
2026-02-27 04:00:00+00:00,18629.01,19409.91,19086.344,19733.479
2026-02-27 05:00:00+00:00,21077.29,21805.723,21482.154,22129.29
2026-02-27 06:00:00+00:00,23111.71,23797.107,23473.541,24120.676
2026-02-27 07:00:00+00:00,24475.9,24686.125,24362.559,25009.693
2026-02-27 08:00:00+00:00,24218.88,23574.547,23250.98,23898.115
2026-02-27 09:00:00+00:00,24002.99,23866.223,23542.654,24189.79
2026-02-27 10:00:00+00:00,23554.92,23462.082,23138.514,23785.648
2026-02-27 11:00:00+00:00,22989.55,22531.502,22207.936,22855.07
2026-02-27 12:00:00+00:00,22509.44,21035.752,20712.186,21359.32
2026-02-27 13:00:00+00:00,21896.52,20879.8,20556.234,21203.37
2026-02-27 14:00:00+00:00,21202.35,20264.04,19940.47,20587.607
2026-02-27 15:00:00+00:00,21894.23,20923.664,20600.096,21247.23
2026-02-27 16:00:00+00:00,23239.01,20675.871,20352.303,20999.438
2026-02-27 17:00:00+00:00,23867.53,21685.822,21362.256,22009.39
2026-02-27 18:00:00+00:00,23491.79,20616.584,20293.018,20940.152
2026-02-27 19:00:00+00:00,22881.66,21466.672,21143.105,21790.24
2026-02-27 20:00:00+00:00,21392.27,20192.393,19868.826,20515.96
2026-02-27 21:00:00+00:00,19826.28,19702.242,19378.676,20025.81
2026-02-27 22:00:00+00:00,18612.99,18420.092,18096.525,18743.66
2026-02-27 23:00:00+00:00,16864.8,16386.928,16063.361,16710.496
2026-02-28 00:00:00+00:00,16464.36,15606.6,15283.032,15930.167
2026-02-28 01:00:00+00:00,15738.42,15519.315,15195.748,15842.883
2026-02-28 02:00:00+00:00,15231.88,15148.532,14824.965,15472.1
2026-02-28 03:00:00+00:00,15649.04,15160.6045,14837.036,15484.172
2026-02-28 04:00:00+00:00,15521.57,15180.784,14857.217,15504.352
2026-02-28 05:00:00+00:00,15647.73,15100.647,14777.08,15424.216
2026-02-28 06:00:00+00:00,16999.33,15749.007,15425.439,16072.574
2026-02-28 07:00:00+00:00,18905.8,17375.604,17052.037,17699.172
2026-02-28 08:00:00+00:00,19822.03,18593.229,18269.66,18916.795
2026-02-28 09:00:00+00:00,20222.8,18945.22,18621.654,19268.79
2026-02-28 10:00:00+00:00,20448.93,19253.037,18929.47,19576.605
2026-02-28 11:00:00+00:00,20523.41,18868.84,18545.271,19192.406
2026-02-28 12:00:00+00:00,20059.28,18066.824,17743.256,18390.39
2026-02-28 13:00:00+00:00,19597.59,17672.104,17348.537,17995.672
2026-02-28 14:00:00+00:00,19970.78,17649.66,17326.094,17973.229
2026-02-28 15:00:00+00:00,19831.12,17427.404,17103.836,17750.97
2026-02-28 16:00:00+00:00,20669.75,18135.043,17811.477,18458.611
2026-02-28 17:00:00+00:00,21494.32,19356.988,19033.422,19680.557
2026-02-28 18:00:00+00:00,20747.46,19332.414,19008.846,19655.98
2026-02-28 19:00:00+00:00,19737.26,19382.562,19058.994,19706.129
2026-02-28 20:00:00+00:00,19216.28,18141.285,17817.719,18464.854
2026-02-28 21:00:00+00:00,18638.68,17528.68,17205.113,17852.248
2026-02-28 22:00:00+00:00,17598.03,16153.696,15830.129,16477.264
2026-02-28 23:00:00+00:00,16114.2,15556.047,15232.4795,15879.614
2026-03-01 00:00:00+00:00,15354.15,15187.215,14863.647,15510.782
2026-03-01 01:00:00+00:00,14924.58,14909.522,14585.955,15233.091
2026-03-01 02:00:00+00:00,14703.07,14862.294,14538.727,15185.862
2026-03-01 03:00:00+00:00,15011.22,15238.98,14915.413,15562.548
2026-03-01 04:00:00+00:00,15193.69,15675.267,15351.699,15998.834
2026-03-01 05:00:00+00:00,15260.45,16101.614,15778.047,16425.182
2026-03-01 06:00:00+00:00,15572.71,16014.107,15690.54,16337.675
2026-03-01 07:00:00+00:00,16601.32,17935.576,17612.008,18259.143
2026-03-01 08:00:00+00:00,17870.18,18825.613,18502.045,19149.18
2026-03-01 09:00:00+00:00,18528.35,19194.113,18870.547,19517.682
2026-03-01 10:00:00+00:00,18441.53,19011.33,18687.764,19334.898
2026-03-01 11:00:00+00:00,18144.89,17950.734,17627.168,18274.303
2026-03-01 12:00:00+00:00,18318.71,16850.316,16526.748,17173.883
2026-03-01 13:00:00+00:00,17726.98,16386.633,16063.065,16710.2
2026-03-01 14:00:00+00:00,17928.14,16442.414,16118.848,16765.982
2026-03-01 15:00:00+00:00,18144.21,16717.18,16393.613,17040.748
2026-03-01 16:00:00+00:00,18921.73,17874.064,17550.498,18197.633
2026-03-01 17:00:00+00:00,19627.14,19478.793,19155.225,19802.36
2026-03-01 18:00:00+00:00,20006.89,19765.637,19442.068,20089.203
2026-03-01 19:00:00+00:00,19582.26,19621.098,19297.531,19944.666
2026-03-01 20:00:00+00:00,19198.39,18632.469,18308.9,18956.035
2026-03-01 21:00:00+00:00,18205.79,18665.715,18342.146,18989.281
2026-03-01 22:00:00+00:00,17367.57,16964.125,16640.559,17287.693
2026-03-01 23:00:00+00:00,16777.0,16015.805,15692.237,16339.372
2026-03-02 00:00:00+00:00,15021.6,15297.136,14973.568,15620.704
2026-03-02 01:00:00+00:00,16088.75,15760.542,15436.975,16084.109
2026-03-02 02:00:00+00:00,16215.7,16227.081,15903.514,16550.648
2026-03-02 03:00:00+00:00,16803.08,16662.912,16339.345,16986.48
2026-03-02 04:00:00+00:00,18026.79,18751.148,18427.582,19074.717
2026-03-02 05:00:00+00:00,21488.83,21922.07,21598.502,22245.637
2026-03-02 06:00:00+00:00,23251.73,23814.945,23491.379,24138.514
2026-03-02 07:00:00+00:00,24005.35,24550.08,24226.514,24873.648
2026-03-02 08:00:00+00:00,24106.66,23392.514,23068.945,23716.08
2026-03-02 09:00:00+00:00,23528.68,23103.197,22779.63,23426.766
2026-03-02 10:00:00+00:00,22548.72,22937.121,22613.555,23260.69
2026-03-02 11:00:00+00:00,22463.34,21422.377,21098.809,21745.943
2026-03-02 12:00:00+00:00,22248.35,20504.93,20181.363,20828.498
2026-03-02 13:00:00+00:00,21819.76,20272.082,19948.514,20595.648
2026-03-02 14:00:00+00:00,21461.4,20188.156,19864.588,20511.723
2026-03-02 15:00:00+00:00,21716.9,21187.9,20864.334,21511.469
2026-03-02 16:00:00+00:00,23120.68,21405.143,21081.574,21728.709
2026-03-02 17:00:00+00:00,24066.85,22675.912,22352.346,22999.48
2026-03-02 18:00:00+00:00,23732.04,22669.682,22346.115,22993.25
2026-03-02 19:00:00+00:00,22468.63,22849.99,22526.422,23173.557
2026-03-02 20:00:00+00:00,21441.97,21797.01,21473.443,22120.578
2026-03-02 21:00:00+00:00,20183.94,20572.523,20248.957,20896.092
2026-03-02 22:00:00+00:00,18754.72,19683.318,19359.752,20006.887
2026-03-02 23:00:00+00:00,16728.74,18647.105,18323.54,18970.674
2026-03-03 00:00:00+00:00,16284.62,17675.223,17351.654,17998.79
2026-03-03 01:00:00+00:00,16106.31,17697.58,17374.012,18021.146
2026-03-03 02:00:00+00:00,16227.6,17843.453,17519.887,18167.021
2026-03-03 03:00:00+00:00,17088.2,18091.752,17768.184,18415.318
2026-03-03 04:00:00+00:00,18701.45,19525.56,19201.994,19849.129
2026-03-03 05:00:00+00:00,21377.98,22767.18,22443.613,23090.748
2026-03-03 06:00:00+00:00,23072.35,24093.668,23770.1,24417.234
2026-03-03 07:00:00+00:00,23747.99,24788.457,24464.89,25112.025
2026-03-03 08:00:00+00:00,23198.36,24499.973,24176.406,24823.541
2026-03-03 09:00:00+00:00,22653.08,23684.889,23361.32,24008.457
2026-03-03 10:00:00+00:00,22962.06,23231.426,22907.857,23554.992
2026-03-03 11:00:00+00:00,22758.22,22068.71,21745.145,22392.28
2026-03-03 12:00:00+00:00,22359.71,20584.834,20261.268,20908.402
2026-03-03 13:00:00+00:00,21581.43,20694.143,20370.576,21017.71
2026-03-03 14:00:00+00:00,21604.17,20355.188,20031.621,20678.756
2026-03-03 15:00:00+00:00,22024.12,20588.615,20265.049,20912.184
2026-03-03 16:00:00+00:00,22764.49,20937.873,20614.307,21261.441
2026-03-03 17:00:00+00:00,23452.94,22542.957,22219.389,22866.523
2026-03-03 18:00:00+00:00,23267.87,22743.14,22419.574,23066.709
2026-03-03 19:00:00+00:00,22238.02,23118.984,22795.416,23442.55
2026-03-03 20:00:00+00:00,20862.98,21806.059,21482.492,22129.627
2026-03-03 21:00:00+00:00,19909.06,20391.506,20067.938,20715.072
2026-03-03 22:00:00+00:00,18318.63,19154.225,18830.656,19477.791
2026-03-03 23:00:00+00:00,18218.82,18541.963,18218.395,18865.53
2026-03-04 00:00:00+00:00,17549.2,17252.787,16929.22,17576.355
2026-03-04 01:00:00+00:00,17180.23,17158.527,16834.959,17482.094
2026-03-04 02:00:00+00:00,17125.64,17714.979,17391.41,18038.545
2026-03-04 03:00:00+00:00,17937.83,18068.393,17744.824,18391.959
2026-03-04 04:00:00+00:00,18741.33,19200.889,18877.32,19524.455
2026-03-04 05:00:00+00:00,21789.19,22669.938,22346.37,22993.504
2026-03-04 06:00:00+00:00,23534.83,23931.56,23607.992,24255.127
2026-03-04 07:00:00+00:00,23927.57,24490.545,24166.979,24814.113
2026-03-04 08:00:00+00:00,23567.9,24259.125,23935.559,24582.693
2026-03-04 09:00:00+00:00,22721.42,23942.504,23618.936,24266.07
2026-03-04 10:00:00+00:00,22732.44,22439.857,22116.29,22763.424
2026-03-04 11:00:00+00:00,22696.3,21829.05,21505.482,22152.617
2026-03-04 12:00:00+00:00,22452.37,20910.441,20586.873,21234.008
2026-03-04 13:00:00+00:00,21722.95,21082.299,20758.732,21405.867
2026-03-04 14:00:00+00:00,21595.49,20780.125,20456.557,21103.691
2026-03-04 15:00:00+00:00,21728.67,20826.516,20502.947,21150.082
2026-03-04 16:00:00+00:00,22964.16,20876.562,20552.996,21200.13
2026-03-04 17:00:00+00:00,23365.79,23012.998,22689.432,23336.566
2026-03-04 18:00:00+00:00,23463.39,22000.398,21676.83,22323.965
2026-03-04 19:00:00+00:00,22541.09,22017.354,21693.787,22340.922
2026-03-04 20:00:00+00:00,21263.51,20983.748,20660.18,21307.314
2026-03-04 21:00:00+00:00,20067.14,19662.016,19338.45,19985.584
2026-03-04 22:00:00+00:00,18571.91,18939.494,18615.926,19263.06
2026-03-04 23:00:00+00:00,17154.13,18429.69,18106.123,18753.258
2026-03-05 00:00:00+00:00,16300.0,17283.848,16960.28,17607.414
2026-03-05 01:00:00+00:00,16063.19,16315.888,15992.32,16639.455
2026-03-05 02:00:00+00:00,16207.43,17290.695,16967.129,17614.264
2026-03-05 03:00:00+00:00,17333.2,18301.207,17977.64,18624.775
2026-03-05 04:00:00+00:00,18669.12,19939.062,19615.494,20262.629
2026-03-05 05:00:00+00:00,21306.34,22408.3,22084.734,22731.87
2026-03-05 06:00:00+00:00,22803.19,24041.37,23717.8,24364.936
2026-03-05 07:00:00+00:00,23775.62,23978.283,23654.715,24301.85
2026-03-05 08:00:00+00:00,23441.21,23679.54,23355.973,24003.107
2026-03-05 09:00:00+00:00,22768.67,22841.918,22518.35,23165.484
2026-03-05 10:00:00+00:00,22440.5,22191.549,21867.982,22515.117
2026-03-05 11:00:00+00:00,22075.73,21828.469,21504.902,22152.037
2026-03-05 12:00:00+00:00,22309.64,20536.014,20212.445,20859.58
2026-03-05 13:00:00+00:00,21372.42,20636.898,20313.33,20960.465
2026-03-05 14:00:00+00:00,21223.18,20639.627,20316.059,20963.193
2026-03-05 15:00:00+00:00,21486.09,21202.52,20878.953,21526.088
2026-03-05 16:00:00+00:00,22284.52,22085.092,21761.525,22408.66
2026-03-05 17:00:00+00:00,22842.97,22440.658,22117.092,22764.227
2026-03-05 18:00:00+00:00,22946.89,23335.465,23011.898,23659.033
2026-03-05 19:00:00+00:00,22186.52,22372.006,22048.44,22695.574
2026-03-05 20:00:00+00:00,20939.57,22192.723,21869.154,22516.29
2026-03-05 21:00:00+00:00,19506.95,20666.447,20342.88,20990.016
2026-03-05 22:00:00+00:00,18164.71,19751.076,19427.51,20074.645
2026-03-05 23:00:00+00:00,17509.81,18454.236,18130.67,18777.805
2026-03-06 00:00:00+00:00,16758.43,17425.145,17102.553,17747.736
2026-03-06 01:00:00+00:00,16462.28,17427.729,17105.137,17750.32
2026-03-06 02:00:00+00:00,17049.01,17324.79,17002.195,17647.38
2026-03-06 03:00:00+00:00,17720.16,17335.797,17013.203,17658.389
2026-03-06 04:00:00+00:00,19433.13,19680.377,19357.785,20002.969
2026-03-06 05:00:00+00:00,22635.6,21963.635,21641.041,22286.227
2026-03-06 06:00:00+00:00,23853.01,22916.809,22594.217,23239.4
2026-03-06 07:00:00+00:00,24564.44,22678.502,22355.91,23001.094
2026-03-06 08:00:00+00:00,23875.96,23329.201,23006.61,23651.793
2026-03-06 09:00:00+00:00,23409.15,21676.984,21354.393,21999.576
2026-03-06 10:00:00+00:00,23885.79,21988.275,21665.684,22310.867
2026-03-06 11:00:00+00:00,23797.85,22086.611,21764.02,22409.203
2026-03-06 12:00:00+00:00,22965.27,22025.662,21703.07,22348.254
2026-03-06 13:00:00+00:00,21722.22,21423.375,21100.783,21745.967
2026-03-06 14:00:00+00:00,21061.5,21424.924,21102.33,21747.516
2026-03-06 15:00:00+00:00,21311.99,21814.459,21491.867,22137.05
2026-03-06 16:00:00+00:00,21617.39,22529.195,22206.604,22851.787
2026-03-06 17:00:00+00:00,22367.96,23153.361,22830.77,23475.953
2026-03-06 18:00:00+00:00,22099.69,22697.807,22375.215,23020.398
2026-03-06 19:00:00+00:00,20806.01,22071.15,21748.559,22393.744
2026-03-06 20:00:00+00:00,19647.78,21040.143,20717.549,21362.734
2026-03-06 21:00:00+00:00,18347.14,20213.096,19890.504,20535.688
2026-03-06 22:00:00+00:00,17596.95,19431.113,19108.521,19753.707
2026-03-06 23:00:00+00:00,16589.81,17644.71,17322.117,17967.303
2026-03-07 00:00:00+00:00,15703.47,16990.42,16667.828,17313.012
2026-03-07 01:00:00+00:00,14957.25,16678.637,16356.044,17001.229
2026-03-07 02:00:00+00:00,15057.54,16623.965,16301.372,16946.557
2026-03-07 03:00:00+00:00,15236.58,17221.676,16899.084,17544.268
2026-03-07 04:00:00+00:00,15616.38,17465.498,17142.906,17788.09
2026-03-07 05:00:00+00:00,16594.59,17338.926,17016.332,17661.518
2026-03-07 06:00:00+00:00,17680.95,18085.066,17762.475,18407.658
2026-03-07 07:00:00+00:00,18667.28,19326.555,19003.963,19649.146
2026-03-07 08:00:00+00:00,19306.64,19904.645,19582.053,20227.236
2026-03-07 09:00:00+00:00,19576.62,19649.516,19326.924,19972.107
2026-03-07 10:00:00+00:00,19482.77,19212.566,18889.975,19535.158
2026-03-07 11:00:00+00:00,19448.51,19725.652,19403.06,20048.244
2026-03-07 12:00:00+00:00,19241.36,18956.285,18633.691,19278.877
2026-03-07 13:00:00+00:00,18242.68,18013.072,17690.479,18335.664
2026-03-07 14:00:00+00:00,17924.35,18227.027,17904.434,18549.62
2026-03-07 15:00:00+00:00,18074.73,18427.822,18105.23,18750.414
2026-03-07 16:00:00+00:00,19060.12,19180.998,18858.406,19503.592
2026-03-07 17:00:00+00:00,19600.77,19737.465,19414.873,20060.057
2026-03-07 18:00:00+00:00,19031.72,20123.785,19801.191,20446.377
2026-03-07 19:00:00+00:00,18155.42,18757.422,18434.828,19080.014
2026-03-07 20:00:00+00:00,17349.78,18907.229,18584.635,19229.82
2026-03-07 21:00:00+00:00,16834.58,17999.525,17676.932,18322.117
2026-03-07 22:00:00+00:00,15816.47,17548.0,17225.408,17870.592
2026-03-07 23:00:00+00:00,14878.11,15677.491,15354.898,16000.083
2026-03-08 00:00:00+00:00,12460.29,15253.181,14930.589,15575.773
2026-03-08 01:00:00+00:00,14132.92,15344.148,15021.556,15666.741
2026-03-08 02:00:00+00:00,14112.42,15385.301,15062.709,15707.894
2026-03-08 03:00:00+00:00,14262.87,15730.521,15407.93,16053.114
2026-03-08 04:00:00+00:00,14464.82,16179.873,15857.281,16502.465
2026-03-08 05:00:00+00:00,14897.47,16035.478,15712.886,16358.07
2026-03-08 06:00:00+00:00,15635.62,17044.52,16721.928,17367.111
2026-03-08 07:00:00+00:00,16205.15,17758.625,17436.033,18081.217
2026-03-08 08:00:00+00:00,16947.95,18903.049,18580.455,19225.64
2026-03-08 09:00:00+00:00,18119.0,19154.201,18831.61,19476.793
2026-03-08 10:00:00+00:00,18555.33,19249.799,18927.205,19572.39
2026-03-08 11:00:00+00:00,18090.49,19334.686,19012.092,19657.277
2026-03-08 12:00:00+00:00,17498.08,17767.092,17444.5,18089.684
2026-03-08 13:00:00+00:00,16748.18,17577.266,17254.674,17899.857
2026-03-08 14:00:00+00:00,16334.7,18228.455,17905.861,18551.047
2026-03-08 15:00:00+00:00,16518.58,18525.217,18202.625,18847.809
2026-03-08 16:00:00+00:00,17988.1,19691.12,19368.525,20013.71
2026-03-08 17:00:00+00:00,19112.02,20137.48,19814.889,20460.072
2026-03-08 18:00:00+00:00,19183.3,20652.477,20329.883,20975.068
2026-03-08 19:00:00+00:00,18597.37,19402.666,19080.074,19725.258
2026-03-08 20:00:00+00:00,17923.55,19391.854,19069.262,19714.445
2026-03-08 21:00:00+00:00,17381.03,18673.111,18350.52,18995.705
2026-03-08 22:00:00+00:00,16261.59,17027.787,16705.193,17350.379
2026-03-08 23:00:00+00:00,15630.06,16962.844,16640.252,17285.438
2026-03-09 00:00:00+00:00,15132.78,16484.73,16162.138,16807.322
2026-03-09 01:00:00+00:00,14969.47,16518.729,16196.137,16841.32
2026-03-09 02:00:00+00:00,15018.4,16580.312,16257.721,16902.906
2026-03-09 03:00:00+00:00,15682.96,17278.668,16956.076,17601.26
2026-03-09 04:00:00+00:00,17015.82,18921.205,18598.611,19243.797
2026-03-09 05:00:00+00:00,20489.24,22081.617,21759.025,22404.209
2026-03-09 06:00:00+00:00,22158.98,23682.791,23360.2,24005.385
2026-03-09 07:00:00+00:00,22825.91,24312.799,23990.205,24635.39
2026-03-09 08:00:00+00:00,22475.72,23726.965,23404.373,24049.557
2026-03-09 09:00:00+00:00,21955.78,23514.574,23191.982,23837.166
2026-03-09 10:00:00+00:00,21803.12,23250.512,22927.92,23573.104
2026-03-09 11:00:00+00:00,22048.98,22396.906,22074.314,22719.498
2026-03-09 12:00:00+00:00,21425.47,21486.36,21163.766,21808.951
2026-03-09 13:00:00+00:00,21352.85,21338.607,21016.016,21661.2
2026-03-09 14:00:00+00:00,21464.34,21082.264,20759.672,21404.855
2026-03-09 15:00:00+00:00,22292.58,21817.564,21494.973,22140.156
2026-03-09 16:00:00+00:00,23025.41,22597.695,22275.104,22920.287
2026-03-09 17:00:00+00:00,23632.06,23923.867,23601.275,24246.46
2026-03-09 18:00:00+00:00,23397.19,23830.254,23507.66,24152.846
2026-03-09 19:00:00+00:00,21820.37,22877.684,22555.092,23200.277
2026-03-09 20:00:00+00:00,20512.37,20756.863,20434.27,21079.455
2026-03-09 21:00:00+00:00,19484.88,19544.656,19222.062,19867.248
2026-03-09 22:00:00+00:00,18677.59,17319.035,16996.443,17641.627
2026-03-09 23:00:00+00:00,17427.15,16813.36,16490.768,17135.951
2026-03-10 00:00:00+00:00,16847.31,16330.798,16008.206,16653.39
2026-03-10 01:00:00+00:00,16754.2,16271.864,15949.272,16594.457
2026-03-10 02:00:00+00:00,17115.54,16594.729,16272.136,16917.32
2026-03-10 03:00:00+00:00,17435.62,17264.05,16941.459,17586.643
2026-03-10 04:00:00+00:00,18798.76,19248.527,18925.936,19571.12
2026-03-10 05:00:00+00:00,21292.7,21932.629,21610.037,22255.223
2026-03-10 06:00:00+00:00,22812.42,22922.738,22600.146,23245.332
2026-03-10 07:00:00+00:00,22880.68,23847.133,23524.541,24169.725
2026-03-10 08:00:00+00:00,22490.72,23155.994,22833.402,23478.586
2026-03-10 09:00:00+00:00,21841.63,23145.102,22822.51,23467.693
2026-03-10 10:00:00+00:00,21790.37,22659.256,22336.664,22981.85
2026-03-10 11:00:00+00:00,21875.54,21778.393,21455.8,22100.984
2026-03-10 12:00:00+00:00,21721.85,21655.637,21333.045,21978.229
2026-03-10 13:00:00+00:00,21427.63,21669.531,21346.94,21992.123
2026-03-10 14:00:00+00:00,21032.49,21553.127,21230.535,21875.719
2026-03-10 15:00:00+00:00,20796.32,21548.305,21225.713,21870.896
2026-03-10 16:00:00+00:00,21893.76,22244.857,21922.266,22567.45
2026-03-10 17:00:00+00:00,22878.45,22741.799,22419.207,23064.39
2026-03-10 18:00:00+00:00,22962.01,22473.518,22150.926,22796.111
2026-03-10 19:00:00+00:00,22001.13,20789.506,20466.914,21112.098
2026-03-10 20:00:00+00:00,20515.57,20568.484,20245.893,20891.076
2026-03-10 21:00:00+00:00,18666.12,18977.85,18655.258,19300.441
2026-03-10 22:00:00+00:00,17762.97,17661.57,17338.977,17984.162
2026-03-10 23:00:00+00:00,17088.0,17044.23,16721.637,17366.822
2026-03-11 00:00:00+00:00,16900.43,15702.498,15379.906,16025.09
2026-03-11 01:00:00+00:00,16642.39,16642.16,16319.567,16964.752
2026-03-11 02:00:00+00:00,17436.53,16880.867,16558.275,17203.46
2026-03-11 03:00:00+00:00,18222.91,17657.508,17334.916,17980.1
2026-03-11 04:00:00+00:00,19068.39,18834.42,18511.828,19157.014
2026-03-11 05:00:00+00:00,21175.39,21197.818,20875.227,21520.41
2026-03-11 06:00:00+00:00,22671.99,22991.732,22669.14,23314.324
2026-03-11 07:00:00+00:00,23572.56,24398.113,24075.521,24720.705
2026-03-11 08:00:00+00:00,23924.75,23276.691,22954.1,23599.283
2026-03-11 09:00:00+00:00,24268.16,23462.865,23140.273,23785.459
2026-03-11 10:00:00+00:00,24358.35,23107.361,22784.77,23429.953
2026-03-11 11:00:00+00:00,24108.47,23350.332,23027.74,23672.924
2026-03-11 12:00:00+00:00,23464.88,23119.559,22796.967,23442.152
2026-03-11 13:00:00+00:00,22514.1,22872.854,22550.26,23195.445
2026-03-11 14:00:00+00:00,22886.36,22600.885,22278.291,22923.477
2026-03-11 15:00:00+00:00,23377.02,23338.127,23015.535,23660.719
2026-03-11 16:00:00+00:00,24205.45,23574.83,23252.238,23897.422
2026-03-11 17:00:00+00:00,24236.1,23903.11,23580.518,24225.701
2026-03-11 18:00:00+00:00,23763.14,24659.178,24336.586,24981.77
2026-03-11 19:00:00+00:00,22957.38,22964.238,22641.646,23286.83
2026-03-11 20:00:00+00:00,21580.62,21628.785,21306.191,21951.377
2026-03-11 21:00:00+00:00,20059.03,20285.83,19963.238,20608.422
2026-03-11 22:00:00+00:00,18727.2,19507.375,19184.783,19829.967
2026-03-11 23:00:00+00:00,17875.94,18160.275,17837.684,18482.867
2026-03-12 00:00:00+00:00,17317.25,17210.84,16888.248,17533.432
2026-03-12 01:00:00+00:00,17237.17,17413.021,17090.43,17735.613
2026-03-12 02:00:00+00:00,17733.48,17751.1,17428.508,18073.691
2026-03-12 03:00:00+00:00,17811.67,18817.629,18495.035,19140.22
2026-03-12 04:00:00+00:00,18853.46,20456.367,20133.775,20778.96
2026-03-12 05:00:00+00:00,21749.58,22533.125,22210.533,22855.717
2026-03-12 06:00:00+00:00,23611.42,24170.527,23847.936,24493.12
2026-03-12 07:00:00+00:00,24636.14,24970.52,24647.928,25293.111
2026-03-12 08:00:00+00:00,24214.04,24553.637,24231.045,24876.23
2026-03-12 09:00:00+00:00,23952.69,24081.848,23759.256,24404.44
2026-03-12 10:00:00+00:00,24207.52,23823.863,23501.271,24146.455
2026-03-12 11:00:00+00:00,23941.24,23573.48,23250.889,23896.072
2026-03-12 12:00:00+00:00,23459.03,23076.967,22754.375,23399.559
2026-03-12 13:00:00+00:00,22794.03,22768.023,22445.432,23090.615
2026-03-12 14:00:00+00:00,22842.73,22981.123,22658.531,23303.717
2026-03-12 15:00:00+00:00,22421.02,22909.701,22587.11,23232.293
2026-03-12 16:00:00+00:00,22442.67,22914.654,22592.062,23237.246
2026-03-12 17:00:00+00:00,22883.75,22942.549,22619.957,23265.143
2026-03-12 18:00:00+00:00,23505.24,23586.676,23264.084,23909.268
2026-03-12 19:00:00+00:00,22402.18,23137.795,22815.203,23460.387
2026-03-12 20:00:00+00:00,21112.34,21208.848,20886.256,21531.44
2026-03-12 21:00:00+00:00,20222.92,20560.746,20238.152,20883.338
2026-03-12 22:00:00+00:00,18999.95,19094.611,18772.02,19417.203
2026-03-12 23:00:00+00:00,18106.82,17578.943,17256.352,17901.535
