date,load_50hz_actual,load_50hz_fitted,load_50hz_lower,load_50hz_upper
2026-01-24 00:00:00+00:00,12252.98,11928.046690582923,11496.781138843378,12359.312242322469
2026-01-24 01:00:00+00:00,12021.47,11554.826515182724,11123.560963443177,11986.092066922269
2026-01-24 02:00:00+00:00,11920.65,11683.789688119341,11252.524136379796,12115.055239858888
2026-01-24 03:00:00+00:00,11859.35,11748.3035440909,11317.037992351356,12179.569095830446
2026-01-24 04:00:00+00:00,11882.75,12074.91781013916,11643.652258399616,12506.183361878708
2026-01-24 05:00:00+00:00,11954.9,12589.66786928771,12158.402317548163,13020.933421027255
2026-01-24 06:00:00+00:00,12541.63,12255.92863773631,11824.663085996763,12687.194189475855
2026-01-24 07:00:00+00:00,13344.78,12785.990663810737,12354.72511207119,13217.256215550282
2026-01-24 08:00:00+00:00,14077.6,14607.098884974028,14175.833333234481,15038.364436713573
2026-01-24 09:00:00+00:00,14448.32,14828.040130882517,14396.77457914297,15259.305682622062
2026-01-24 10:00:00+00:00,14896.8,14704.031309916953,14272.765758177406,15135.296861656498
2026-01-24 11:00:00+00:00,14721.7,14573.931803577445,14142.666251837898,15005.19735531699
2026-01-24 12:00:00+00:00,14210.18,13788.734447862847,13357.4688961233,14219.999999602393
2026-01-24 13:00:00+00:00,13837.58,13563.994746138436,13132.72919439889,13995.260297877981
2026-01-24 14:00:00+00:00,13693.45,13426.789700254832,12995.524148515286,13858.055251994378
2026-01-24 15:00:00+00:00,13948.63,13664.551157266666,13233.285605527119,14095.81670900621
2026-01-24 16:00:00+00:00,14412.18,14289.94043843925,13858.674886699704,14721.205990178794
2026-01-24 17:00:00+00:00,14546.48,13645.220728984475,13213.955177244929,14076.48628072402
2026-01-24 18:00:00+00:00,14105.55,13535.046998261587,13103.781446522042,13966.312550001134
2026-01-24 19:00:00+00:00,13500.6,13118.185686788105,12686.92013504856,13549.45123852765
2026-01-24 20:00:00+00:00,12862.05,12920.298766592205,12489.03321485266,13351.564318331752
2026-01-24 21:00:00+00:00,12508.5,12539.277112920116,12108.01156118057,12970.542664659662
2026-01-24 22:00:00+00:00,11919.97,12108.118639552293,11676.853087812748,12539.38419129184
2026-01-24 23:00:00+00:00,11425.2,11665.874979225771,11234.609427486226,12097.140530965318
2026-01-25 00:00:00+00:00,11103.72,11008.969251646644,10577.703699907099,11440.23480338619
2026-01-25 01:00:00+00:00,11018.55,10694.57690416844,10263.311352428895,11125.842455907985
2026-01-25 02:00:00+00:00,11073.35,10660.28303931756,10229.017487578016,11091.548591057108
2026-01-25 03:00:00+00:00,11099.13,10642.592242720926,10211.326690981381,11073.857794460471
2026-01-25 04:00:00+00:00,10929.0,10805.915383322506,10374.649831582961,11237.180935062053
2026-01-25 05:00:00+00:00,10864.8,10966.111979454205,10534.84642771466,11397.37753119375
2026-01-25 06:00:00+00:00,11336.03,11358.419457860935,10927.15390612139,11789.68500960048
2026-01-25 07:00:00+00:00,12146.28,12243.457993955719,11812.192442216174,12674.723545695266
2026-01-25 08:00:00+00:00,12946.23,12666.218728780215,12234.953177040668,13097.48428051976
2026-01-25 09:00:00+00:00,13558.58,12892.54896206028,12461.283410320733,13323.814513799825
2026-01-25 10:00:00+00:00,14224.95,13077.018111609914,12645.752559870367,13508.283663349459
2026-01-25 11:00:00+00:00,13988.65,12686.591242239414,12255.325690499869,13117.856793978961
2026-01-25 12:00:00+00:00,13649.0,12598.218544349465,12166.95299260992,13029.484096089012
2026-01-25 13:00:00+00:00,13439.88,12493.778369702362,12062.512817962817,12925.04392144191
2026-01-25 14:00:00+00:00,13465.8,12074.000659775316,11642.73510803577,12505.266211514861
2026-01-25 15:00:00+00:00,13705.38,11984.59159333607,11553.326041596523,12415.857145075615
2026-01-25 16:00:00+00:00,14347.28,12158.46982264874,11727.204270909193,12589.735374388285
2026-01-25 17:00:00+00:00,14398.73,12135.270390815633,11704.004839076086,12566.535942555178
2026-01-25 18:00:00+00:00,14089.2,11777.074088683437,11345.80853694389,12208.339640422982
2026-01-25 19:00:00+00:00,13561.7,11462.486249666796,11031.22069792725,11893.75180140634
2026-01-25 20:00:00+00:00,13086.25,11605.18205922244,11173.916507482894,12036.447610961986
2026-01-25 21:00:00+00:00,12874.45,11932.864723958846,11501.5991722193,12364.130275698391
2026-01-25 22:00:00+00:00,12455.98,11672.10262553729,11240.837073797746,12103.368177276838
2026-01-25 23:00:00+00:00,12062.75,11063.306050124014,10632.04049838447,11494.571601863561
2026-01-26 00:00:00+00:00,11661.08,10790.872277126473,10359.606725386928,11222.137828866018
2026-01-26 01:00:00+00:00,11579.8,10921.873608486416,10490.60805674687,11353.139160225963
2026-01-26 02:00:00+00:00,11854.08,11028.248030147222,10596.982478407677,11459.513581886767
2026-01-26 03:00:00+00:00,12094.48,10789.890150088702,10358.624598349155,11221.155701828247
2026-01-26 04:00:00+00:00,12640.58,11966.106245863939,11534.840694124394,12397.371797603484
2026-01-26 05:00:00+00:00,14042.75,13611.530482790213,13180.264931050668,14042.796034529758
2026-01-26 06:00:00+00:00,15003.98,14550.717430636807,14119.451878897262,14981.982982376354
2026-01-26 07:00:00+00:00,15617.7,14788.78941839902,14357.523866659472,15220.054970138564
2026-01-26 08:00:00+00:00,16108.53,15000.834762909411,14569.569211169866,15432.100314648958
2026-01-26 09:00:00+00:00,16444.5,15074.343781485488,14643.078229745941,15505.609333225033
2026-01-26 10:00:00+00:00,16599.9,15042.581194301594,14611.315642562047,15473.846746041141
2026-01-26 11:00:00+00:00,16619.18,15019.146230356733,14587.880678617188,15450.411782096278
2026-01-26 12:00:00+00:00,16417.55,15001.837679124246,14570.572127384701,15433.103230863791
2026-01-26 13:00:00+00:00,16020.55,15042.234175583282,14610.968623843735,15473.499727322827
2026-01-26 14:00:00+00:00,15620.73,15237.53240082495,14806.266849085405,15668.797952564495
2026-01-26 15:00:00+00:00,15648.0,15238.607599487192,14807.342047747645,15669.873151226737
2026-01-26 16:00:00+00:00,15980.28,15450.670987555559,15019.405435816014,15881.936539295106
2026-01-26 17:00:00+00:00,15996.25,15484.355891643409,15053.090339903863,15915.621443382955
2026-01-26 18:00:00+00:00,15738.33,15259.840496194616,14828.574944455071,15691.106047934161
2026-01-26 19:00:00+00:00,14957.47,14762.241876165961,14330.976324426414,15193.507427905506
2026-01-26 20:00:00+00:00,14091.13,13835.872386510995,13404.60683477145,14267.13793825054
2026-01-26 21:00:00+00:00,13528.2,13000.500119596014,12569.234567856469,13431.765671335561
2026-01-26 22:00:00+00:00,12807.63,12643.573316943457,12212.307765203912,13074.838868683004
2026-01-26 23:00:00+00:00,12276.63,12338.5883159798,11907.322764240253,12769.853867719345
2026-01-27 00:00:00+00:00,11888.05,11806.806903276942,11375.541351537395,12238.072455016487
2026-01-27 01:00:00+00:00,11607.95,11399.168425688447,10967.902873948902,11830.433977427994
2026-01-27 02:00:00+00:00,12044.2,11619.988913099325,11188.72336135978,12051.25446483887
2026-01-27 03:00:00+00:00,12291.25,12120.72262687222,11689.457075132674,12551.988178611766
2026-01-27 04:00:00+00:00,12791.65,12855.069273267956,12423.803721528411,13286.334825007503
2026-01-27 05:00:00+00:00,14236.15,14232.481979266202,13801.216427526657,14663.747531005749
2026-01-27 06:00:00+00:00,15165.1,14768.613484067102,14337.347932327557,15199.879035806649
2026-01-27 07:00:00+00:00,15522.38,15239.703045214468,14808.437493474923,15670.968596954015
2026-01-27 08:00:00+00:00,15945.28,14958.994806446686,14527.729254707141,15390.260358186231
2026-01-27 09:00:00+00:00,16221.2,14769.440111591899,14338.174559852352,15200.705663331444
2026-01-27 10:00:00+00:00,16187.82,14746.548423909791,14315.282872170246,15177.813975649336
2026-01-27 11:00:00+00:00,16057.1,14786.60174182809,14355.336190088545,15217.867293567637
2026-01-27 12:00:00+00:00,15730.7,14732.526887209351,14301.261335469806,15163.792438948898
2026-01-27 13:00:00+00:00,15527.8,14615.020397433746,14183.754845694199,15046.28594917329
2026-01-27 14:00:00+00:00,15369.53,14456.450663935702,14025.185112196155,14887.716215675247
2026-01-27 15:00:00+00:00,15430.58,14117.390654788689,13686.125103049142,14548.656206528234
2026-01-27 16:00:00+00:00,15985.1,14305.669481339726,13874.403929600181,14736.935033079273
2026-01-27 17:00:00+00:00,15993.9,14331.369663483101,13900.104111743556,14762.635215222648
2026-01-27 18:00:00+00:00,15634.83,13859.460550200423,13428.194998460876,14290.726101939968
2026-01-27 19:00:00+00:00,14853.28,13541.957945805058,13110.692394065512,13973.223497544604
2026-01-27 20:00:00+00:00,13863.38,13592.688249066003,13161.422697326458,14023.95380080555
2026-01-27 21:00:00+00:00,13222.83,13035.108542287277,12603.842990547731,13466.374094026822
2026-01-27 22:00:00+00:00,12590.38,12433.587253770498,12002.321702030951,12864.852805510043
2026-01-27 23:00:00+00:00,11992.3,11853.877214731243,11422.611662991696,12285.142766470788
2026-01-28 00:00:00+00:00,11613.83,11103.907124423034,10672.64157268349,11535.172676162581
2026-01-28 01:00:00+00:00,11440.73,11105.700788132128,10674.435236392583,11536.966339871675
2026-01-28 02:00:00+00:00,11599.05,11142.738359270152,10711.472807530607,11574.003911009699
2026-01-28 03:00:00+00:00,11988.8,11942.17549505942,11510.909943319875,12373.441046798967
2026-01-28 04:00:00+00:00,12734.75,12697.175416594006,12265.90986485446,13128.44096833355
2026-01-28 05:00:00+00:00,14067.78,13731.022840304673,13299.757288565128,14162.288392044218
2026-01-28 06:00:00+00:00,15111.95,13449.74528644564,13018.479734706096,13881.010838185188
2026-01-28 07:00:00+00:00,15553.38,13658.201409153882,13226.935857414337,14089.466960893427
2026-01-28 08:00:00+00:00,15812.75,13859.021537772582,13427.755986033037,14290.287089512127
2026-01-28 09:00:00+00:00,15996.27,13917.357846140823,13486.092294401278,14348.623397880368
2026-01-28 10:00:00+00:00,16059.65,14159.369974804433,13728.104423064888,14590.635526543978
2026-01-28 11:00:00+00:00,15822.7,14190.576852771615,13759.31130103207,14621.84240451116
2026-01-28 12:00:00+00:00,15637.53,14122.536440719845,13691.2708889803,14553.80199245939
2026-01-28 13:00:00+00:00,15605.28,13150.480607445419,12719.215055705872,13581.746159184964
2026-01-28 14:00:00+00:00,15608.73,13126.1995562747,12694.934004535155,13557.465108014247
2026-01-28 15:00:00+00:00,15585.58,12997.976971087312,12566.711419347766,13429.242522826857
2026-01-28 16:00:00+00:00,15991.48,13011.479813709002,12580.214261969455,13442.745365448547
2026-01-28 17:00:00+00:00,15956.65,13174.748398368436,12743.482846628891,13606.013950107983
2026-01-28 18:00:00+00:00,15649.63,12936.358137959656,12505.092586220111,13367.623689699203
2026-01-28 19:00:00+00:00,14996.08,12316.716330837693,11885.450779098148,12747.98188257724
2026-01-28 20:00:00+00:00,14088.18,11898.414509956145,11467.148958216598,12329.68006169569
2026-01-28 21:00:00+00:00,13445.73,10986.699931763613,10555.434380024068,11417.965483503158
2026-01-28 22:00:00+00:00,12613.45,11451.936225380769,11020.670673641223,11883.201777120314
2026-01-28 23:00:00+00:00,12195.4,11520.108670062957,11088.843118323412,11951.374221802504
2026-01-29 00:00:00+00:00,11934.43,10998.448026962178,10567.182475222633,11429.713578701725
2026-01-29 01:00:00+00:00,11831.12,11052.96669303399,10621.701141294445,11484.232244773535
2026-01-29 02:00:00+00:00,11821.48,11073.53038077621,10642.264829036665,11504.795932515757
2026-01-29 03:00:00+00:00,12111.8,11852.945980293081,11421.680428553536,12284.211532032628
2026-01-29 04:00:00+00:00,12720.3,11560.249927012072,11128.984375272526,11991.515478751619
2026-01-29 05:00:00+00:00,14100.48,12414.75100053819,11983.485448798645,12846.016552277737
2026-01-29 06:00:00+00:00,15253.13,12824.937994614846,12393.6724428753,13256.20354635439
2026-01-29 07:00:00+00:00,15703.18,13795.006975967,13363.741424227455,14226.272527706547
2026-01-29 08:00:00+00:00,15907.8,13672.061355812091,13240.795804072546,14103.326907551638
2026-01-29 09:00:00+00:00,16132.8,13604.85736324276,13173.591811503215,14036.122914982307
2026-01-29 10:00:00+00:00,16419.55,13765.588548460926,13334.322996721381,14196.854100200471
2026-01-29 11:00:00+00:00,16361.32,13685.533342651182,13254.267790911637,14116.79889439073
2026-01-29 12:00:00+00:00,16218.82,13594.082633019761,13162.817081280215,14025.348184759307
2026-01-29 13:00:00+00:00,16036.5,13617.924546758817,13186.658995019272,14049.190098498362
2026-01-29 14:00:00+00:00,15889.53,13572.32287829209,13141.057326552544,14003.588430031636
2026-01-29 15:00:00+00:00,15773.82,13652.115210451955,13220.84965871241,14083.3807621915
2026-01-29 16:00:00+00:00,16223.05,13451.933577485099,13020.668025745552,13883.199129224644
2026-01-29 17:00:00+00:00,16202.55,13542.455100144165,13111.189548404618,13973.72065188371
2026-01-29 18:00:00+00:00,16066.65,14899.398436435491,14468.132884695944,15330.663988175036
2026-01-29 19:00:00+00:00,15291.9,13876.787067330595,13445.521515591048,14308.05261907014
2026-01-29 20:00:00+00:00,14655.97,13539.77764938479,13108.512097645244,13971.043201124336
2026-01-29 21:00:00+00:00,14020.58,13174.052834452159,12742.787282712614,13605.318386191706
2026-01-29 22:00:00+00:00,13320.2,12531.763309820699,12100.497758081154,12963.028861560244
2026-01-29 23:00:00+00:00,12720.53,12352.063190831095,11920.79763909155,12783.328742570642
2026-01-30 00:00:00+00:00,12410.28,11632.90973606686,11201.644184327313,12064.175287806405
2026-01-30 01:00:00+00:00,12401.53,11682.63441295926,11251.368861219715,12113.899964698807
2026-01-30 02:00:00+00:00,12490.93,11695.650687725258,11264.38513598571,12126.916239464803
2026-01-30 03:00:00+00:00,12662.2,11837.438273346086,11406.172721606541,12268.703825085631
2026-01-30 04:00:00+00:00,13269.43,12703.977654882156,12272.71210314261,13135.243206621702
2026-01-30 05:00:00+00:00,14390.35,13542.297848328097,13111.03229658855,13973.563400067642
2026-01-30 06:00:00+00:00,15482.08,14583.626673371207,14152.361121631662,15014.892225110754
2026-01-30 07:00:00+00:00,16044.68,15352.12860014164,14920.863048402094,15783.394151881184
2026-01-30 08:00:00+00:00,16254.65,15538.06704223716,15106.801490497615,15969.332593976706
2026-01-30 09:00:00+00:00,16579.38,15584.421877453071,15153.156325713526,16015.687429192618
2026-01-30 10:00:00+00:00,16712.3,15419.424991273941,14988.159439534396,15850.690543013487
2026-01-30 11:00:00+00:00,16588.45,14925.839391893714,14494.573840154168,15357.10494363326
2026-01-30 12:00:00+00:00,16187.5,14697.05242458411,14265.786872844565,15128.317976323655
2026-01-30 13:00:00+00:00,15814.15,14720.732057067025,14289.466505327478,15151.99760880657
2026-01-30 14:00:00+00:00,15642.98,14784.533165217545,14353.267613478,15215.798716957092
2026-01-30 15:00:00+00:00,15606.15,14721.288696083697,14290.023144344152,15152.554247823242
2026-01-30 16:00:00+00:00,16031.2,14833.646019346288,14402.380467606741,15264.911571085833
2026-01-30 17:00:00+00:00,15994.45,14934.019293654135,14502.753741914588,15365.28484539368
2026-01-30 18:00:00+00:00,15524.1,14859.94051850725,14428.674966767703,15291.206070246795
2026-01-30 19:00:00+00:00,14802.65,14104.456213972688,13673.190662233143,14535.721765712235
2026-01-30 20:00:00+00:00,13943.33,13526.923791228988,13095.658239489443,13958.189342968535
2026-01-30 21:00:00+00:00,13194.85,13448.155457928113,13016.889906188568,13879.421009667658
2026-01-30 22:00:00+00:00,12557.5,12770.546574964392,12339.281023224847,13201.812126703939
2026-01-30 23:00:00+00:00,12050.3,12395.646892362778,11964.381340623231,12826.912444102323
2026-01-31 00:00:00+00:00,11823.0,11674.658269314958,11238.311752334313,12111.004786295602
2026-01-31 01:00:00+00:00,11587.03,11437.842012757546,11001.495495776902,11874.18852973819
2026-01-31 02:00:00+00:00,11555.88,11380.250062793471,10943.903545812827,11816.596579774116
2026-01-31 03:00:00+00:00,11552.4,11494.179145709626,11057.832628728982,11930.52566269027
2026-01-31 04:00:00+00:00,11669.8,11736.622076303072,11300.275559322428,12172.968593283716
2026-01-31 05:00:00+00:00,11820.0,12148.795834582457,11712.449317601813,12585.142351563101
2026-01-31 06:00:00+00:00,12426.25,12482.287839235189,12045.941322254545,12918.634356215833
2026-01-31 07:00:00+00:00,13163.43,12849.17383730912,12412.827320328475,13285.520354289762
2026-01-31 08:00:00+00:00,13975.9,13400.43748842605,12964.090971445408,13836.784005406695
2026-01-31 09:00:00+00:00,14337.8,14843.59649967829,14407.249982697645,15279.943016658932
2026-01-31 10:00:00+00:00,14551.4,15212.583893150031,14776.237376169387,15648.930410130675
2026-01-31 11:00:00+00:00,14322.65,15141.465050357569,14705.118533376924,15577.811567338213
2026-01-31 12:00:00+00:00,14084.95,14686.25620103113,14249.909684050486,15122.602718011774
2026-01-31 13:00:00+00:00,13837.03,14243.683157677176,13807.336640696532,14680.02967465782
2026-01-31 14:00:00+00:00,13798.15,13911.889273401108,13475.542756420464,14348.235790381752
2026-01-31 15:00:00+00:00,13961.6,14179.925227846821,13743.578710866177,14616.271744827465
2026-01-31 16:00:00+00:00,14372.3,13970.017428340218,13533.670911359573,14406.363945320862
2026-01-31 17:00:00+00:00,14490.85,14199.103910531903,13762.75739355126,14635.450427512547
2026-01-31 18:00:00+00:00,14252.15,13247.78735533121,12811.440838350567,13684.133872311853
2026-01-31 19:00:00+00:00,13617.98,12848.769570732467,12412.423053751823,13285.116087713111
2026-01-31 20:00:00+00:00,13062.65,12174.424902025645,11738.078385045,12610.771419006289
2026-01-31 21:00:00+00:00,12734.9,12294.286575283977,11857.940058303333,12730.633092264621
2026-01-31 22:00:00+00:00,12314.38,11752.80289207671,11316.456375096066,12189.149409057354
2026-01-31 23:00:00+00:00,11824.03,11561.392270949666,11125.045753969021,11997.73878793031
2026-02-01 00:00:00+00:00,11521.32,11445.277777535728,11008.931260555084,11881.624294516372
2026-02-01 01:00:00+00:00,11325.3,11476.380749699276,11040.034232718632,11912.727266679918
2026-02-01 02:00:00+00:00,11233.25,11602.899223141683,11166.552706161041,12039.245740122327
2026-02-01 03:00:00+00:00,11156.25,11633.47923418748,11197.132717206836,12069.825751168124
2026-02-01 04:00:00+00:00,11140.0,11643.54846463809,11207.201947657446,12079.894981618734
2026-02-01 05:00:00+00:00,11134.2,12123.77655842431,11687.430041443666,12560.123075404952
2026-02-01 06:00:00+00:00,11511.2,12510.08164408957,12073.735127108926,12946.428161070215
2026-02-01 07:00:00+00:00,12395.63,12356.638315699855,11920.29179871921,12792.984832680499
2026-02-01 08:00:00+00:00,13205.8,13389.055022980783,12952.70850600014,13825.401539961427
2026-02-01 09:00:00+00:00,13980.18,15005.562232992223,14569.215716011578,15441.908749972867
2026-02-01 10:00:00+00:00,14577.7,15245.185055606806,14808.838538626163,15681.53157258745
2026-02-01 11:00:00+00:00,14329.93,15165.945414092907,14729.598897112262,15602.29193107355
2026-02-01 12:00:00+00:00,13860.35,14814.962151781167,14378.615634800522,15251.30866876181
2026-02-01 13:00:00+00:00,13607.83,14678.09190825966,14241.745391279015,15114.438425240303
2026-02-01 14:00:00+00:00,13511.53,14655.270876683451,14218.924359702807,15091.617393664093
2026-02-01 15:00:00+00:00,13667.48,14520.176584522958,14083.830067542314,14956.5231015036
2026-02-01 16:00:00+00:00,14350.93,14434.059624351652,13997.713107371008,14870.406141332296
2026-02-01 17:00:00+00:00,14584.8,14615.361164882786,14179.014647902142,15051.70768186343
2026-02-01 18:00:00+00:00,14233.7,14171.874784725836,13735.528267745192,14608.22130170648
2026-02-01 19:00:00+00:00,13724.98,13369.096218025345,12932.7497010447,13805.442735005989
2026-02-01 20:00:00+00:00,13298.85,12219.770132593198,11783.423615612553,12656.116649573842
2026-02-01 21:00:00+00:00,13055.6,12023.318285361205,11586.971768380561,12459.66480234185
2026-02-01 22:00:00+00:00,12627.85,12277.962795789366,11841.616278808722,12714.309312770009
2026-02-01 23:00:00+00:00,12157.15,11800.21874642005,11363.872229439407,12236.565263400695
2026-02-02 00:00:00+00:00,11891.15,11440.804514286274,11004.457997305632,11877.151031266918
2026-02-02 01:00:00+00:00,11963.87,11549.990676392395,11113.644159411751,11986.33719337304
2026-02-02 02:00:00+00:00,12092.05,11678.607089927682,11242.260572947038,12114.953606908326
2026-02-02 03:00:00+00:00,12233.23,12054.093304131165,11617.746787150521,12490.439821111808
2026-02-02 04:00:00+00:00,12781.13,12140.541966826126,11704.195449845483,12576.88848380677
2026-02-02 05:00:00+00:00,14121.15,13821.743624819353,13385.39710783871,14258.090141799996
2026-02-02 06:00:00+00:00,15321.58,15066.572470596855,14630.225953616211,15502.918987577497
2026-02-02 07:00:00+00:00,16034.63,15993.486057914026,15557.139540933382,16429.83257489467
2026-02-02 08:00:00+00:00,16491.7,16214.661478108928,15778.314961128284,16651.007995089574
2026-02-02 09:00:00+00:00,16709.38,16309.826605305869,15873.480088325225,16746.173122286513
2026-02-02 10:00:00+00:00,16730.83,16321.930535695461,15885.584018714817,16758.2770526761
2026-02-02 11:00:00+00:00,16728.48,16213.58987304648,15777.243356065836,16649.93639002712
2026-02-02 12:00:00+00:00,16501.4,15681.087832866275,15244.74131588563,16117.434349846919
2026-02-02 13:00:00+00:00,16301.82,15813.291105329981,15376.944588349337,16249.637622310625
2026-02-02 14:00:00+00:00,16130.13,15665.283114958773,15228.936597978129,16101.629631939417
2026-02-02 15:00:00+00:00,16121.35,15522.300051875034,15085.95353489439,15958.646568855678
2026-02-02 16:00:00+00:00,16588.9,15624.547090602988,15188.200573622344,16060.893607583632
2026-02-02 17:00:00+00:00,16562.6,15852.864611238962,15416.518094258317,16289.211128219606
2026-02-02 18:00:00+00:00,16237.65,15852.669813780249,15416.323296799605,16289.016330760893
2026-02-02 19:00:00+00:00,15454.3,15027.960195989453,14591.61367900881,15464.306712970098
2026-02-02 20:00:00+00:00,14592.38,13562.451362471238,13126.104845490594,13998.797879451882
2026-02-02 21:00:00+00:00,14006.0,12746.51916839901,12310.172651418367,13182.865685379655
2026-02-02 22:00:00+00:00,13382.9,11742.481050670709,11306.134533690065,12178.827567651353
2026-02-02 23:00:00+00:00,12860.6,11754.78470445942,11318.438187478776,12191.131221440064
2026-02-03 00:00:00+00:00,12496.95,11503.813193407634,11067.46667642699,11940.159710388278
2026-02-03 01:00:00+00:00,12367.55,11677.888356899528,11241.541839918884,12114.234873880172
2026-02-03 02:00:00+00:00,12417.32,11728.697673343446,11292.351156362802,12165.04419032409
2026-02-03 03:00:00+00:00,12660.43,12223.787754803028,11787.441237822384,12660.134271783672
2026-02-03 04:00:00+00:00,13407.03,12189.416617869956,11753.070100889314,12625.7631348506
2026-02-03 05:00:00+00:00,14780.3,12921.007948737668,12484.661431757026,13357.354465718312
2026-02-03 06:00:00+00:00,15689.28,15161.975471148398,14725.628954167754,15598.321988129042
2026-02-03 07:00:00+00:00,16517.53,15861.161090492085,15424.814573511441,16297.50760747273
2026-02-03 08:00:00+00:00,16822.95,16085.032485460206,15648.685968479562,16521.379002440848
2026-02-03 09:00:00+00:00,17072.2,16364.612767101926,15928.266250121284,16800.959284082568
2026-02-03 10:00:00+00:00,17133.3,16267.978024658465,15831.631507677821,16704.324541639107
2026-02-03 11:00:00+00:00,17043.28,16179.363607021289,15743.017090040645,16615.710124001933
2026-02-03 12:00:00+00:00,16747.03,15787.003756613289,15350.657239632645,16223.350273593933
2026-02-03 13:00:00+00:00,16548.55,15870.024480353719,15433.677963373075,16306.370997334363
2026-02-03 14:00:00+00:00,16160.95,15817.943763388692,15381.597246408048,16254.290280369336
2026-02-03 15:00:00+00:00,16149.82,15901.879296066976,15465.532779086332,16338.22581304762
2026-02-03 16:00:00+00:00,16567.03,16078.296635418157,15641.950118437513,16514.643152398803
2026-02-03 17:00:00+00:00,16706.03,16363.297428696953,15926.95091171631,16799.6439456776
2026-02-03 18:00:00+00:00,16464.65,16123.490994078446,15687.144477097801,16559.83751105909
2026-02-03 19:00:00+00:00,15745.78,15572.154695869513,15135.808178888868,16008.501212850155
2026-02-03 20:00:00+00:00,14764.9,14138.961518884851,13702.615001904207,14575.308035865493
2026-02-03 21:00:00+00:00,14014.2,13509.758071600749,13073.411554620105,13946.104588581391
2026-02-03 22:00:00+00:00,13343.55,12967.191731052499,12530.845214071855,13403.538248033143
2026-02-03 23:00:00+00:00,12822.25,12815.597296702346,12379.250779721702,13251.94381368299
2026-02-04 00:00:00+00:00,12648.93,12937.806499885515,12501.459982904871,13374.15301686616
2026-02-04 01:00:00+00:00,12731.97,12666.743724701746,12230.397207721102,13103.09024168239
2026-02-04 02:00:00+00:00,12700.88,12873.588089380091,12437.241572399447,13309.934606360734
2026-02-04 03:00:00+00:00,12997.85,13156.04162564079,12719.695108660146,13592.388142621434
2026-02-04 04:00:00+00:00,13672.35,13843.25569340001,13406.909176419365,14279.602210380654
2026-02-04 05:00:00+00:00,14745.25,15072.409556756471,14636.063039775827,15508.756073737115
2026-02-04 06:00:00+00:00,15671.2,15927.953259584092,15491.606742603448,16364.299776564736
2026-02-04 07:00:00+00:00,16286.88,16249.815319107318,15813.468802126674,16686.161836087966
2026-02-04 08:00:00+00:00,16685.75,16447.053644551175,16010.707127570531,16883.40016153182
2026-02-04 09:00:00+00:00,16812.6,16424.955565825265,15988.60904884462,16861.302082805905
2026-02-04 10:00:00+00:00,16980.75,16396.3188696032,15959.972352622557,16832.66538658384
2026-02-04 11:00:00+00:00,16845.3,16251.757714926483,15815.411197945841,16688.104231907128
2026-02-04 12:00:00+00:00,16633.65,15924.26708898539,15487.920572004747,16360.613605966035
2026-02-04 13:00:00+00:00,16400.8,15975.201236930672,15538.854719950028,16411.547753911316
2026-02-04 14:00:00+00:00,16111.15,15909.509875995176,15473.163359014532,16345.85639297582
2026-02-04 15:00:00+00:00,15996.53,15882.89957582378,15446.553058843136,16319.246092804424
2026-02-04 16:00:00+00:00,16521.9,16029.769599103147,15593.423082122505,16466.11611608379
2026-02-04 17:00:00+00:00,16502.3,16266.980244436469,15830.633727455826,16703.326761417113
2026-02-04 18:00:00+00:00,16172.83,16081.989277177836,15645.642760197192,16518.335794158476
2026-02-04 19:00:00+00:00,15498.93,15293.497131041195,14857.15061406055,15729.843648021837
2026-02-04 20:00:00+00:00,14638.05,13839.62528775715,13403.278770776506,14275.971804737794
2026-02-04 21:00:00+00:00,13988.8,13103.035575619857,12666.689058639213,13539.382092600501
2026-02-04 22:00:00+00:00,13334.57,13101.277101562131,12664.930584581487,13537.623618542775
2026-02-04 23:00:00+00:00,12765.9,12654.123818950859,12217.777301970214,13090.470335931503
2026-02-05 00:00:00+00:00,12705.7,12531.45374485901,12095.107227878367,12967.800261839655
2026-02-05 01:00:00+00:00,12737.58,12201.840572870044,11765.4940558894,12638.187089850686
2026-02-05 02:00:00+00:00,12881.63,12617.065512759043,12180.7189957784,13053.412029739688
2026-02-05 03:00:00+00:00,13053.63,12951.572779428656,12515.226262448012,13387.9192964093
2026-02-05 04:00:00+00:00,13580.13,13426.024857734374,12989.67834075373,13862.371374715018
2026-02-05 05:00:00+00:00,14690.53,14145.824628528102,13709.478111547458,14582.171145508746
2026-02-05 06:00:00+00:00,15720.6,15690.897432155149,15254.550915174506,16127.243949135795
2026-02-05 07:00:00+00:00,16199.58,16205.306121100863,15768.95960412022,16641.652638081505
2026-02-05 08:00:00+00:00,16621.83,16358.38059482029,15922.034077839646,16794.727111800934
2026-02-05 09:00:00+00:00,16836.63,16375.944102032921,15939.59758505228,16812.290619013565
2026-02-05 10:00:00+00:00,16908.18,16381.621253605268,15945.274736624626,16817.96777058591
2026-02-05 11:00:00+00:00,16902.0,16267.292449669752,15830.945932689108,16703.638966650396
2026-02-05 12:00:00+00:00,16473.43,16017.10611588344,15580.759598902796,16453.452632864086
2026-02-05 13:00:00+00:00,16132.93,16022.107848736374,15585.76133175573,16458.454365717018
2026-02-05 14:00:00+00:00,15907.05,15971.403402225744,15535.056885245102,16407.749919206388
2026-02-05 15:00:00+00:00,15789.7,15879.844193187275,15443.49767620663,16316.190710167917
2026-02-05 16:00:00+00:00,16123.35,16039.730029008864,15603.38351202822,16476.07654598951
2026-02-05 17:00:00+00:00,16238.08,16276.63603465145,15840.289517670806,16712.982551632093
2026-02-05 18:00:00+00:00,15868.6,16153.58938660365,15717.242869623005,16589.935903584294
2026-02-05 19:00:00+00:00,15037.33,14961.12157430816,14524.775057327515,15397.468091288803
2026-02-05 20:00:00+00:00,14169.78,14793.538654559785,14357.19213757914,15229.885171540429
2026-02-05 21:00:00+00:00,13561.83,14226.209199607187,13789.862682626543,14662.55571658783
2026-02-05 22:00:00+00:00,13003.58,13520.840965002732,13084.494448022087,13957.187481983376
2026-02-05 23:00:00+00:00,12368.93,12964.63651169623,12528.289994715586,13400.983028676874
2026-02-06 00:00:00+00:00,12016.22,12689.16008497566,12252.813567995016,13125.506601956304
2026-02-06 01:00:00+00:00,11870.75,12419.601096152763,11983.254579172119,12855.947613133405
2026-02-06 02:00:00+00:00,11945.5,12699.374688848173,12263.028171867529,13135.721205828817
2026-02-06 03:00:00+00:00,12152.5,13091.692406125208,12655.345889144564,13528.038923105853
2026-02-06 04:00:00+00:00,12821.05,13637.928509172652,13201.581992192008,14074.275026153296
2026-02-06 05:00:00+00:00,13963.22,14628.230642431481,14191.884125450839,15064.577159412125
2026-02-06 06:00:00+00:00,14895.55,15221.591376211329,14785.244859230685,15657.937893191973
2026-02-06 07:00:00+00:00,15410.25,15510.422758251098,15074.076241270453,15946.769275231742
2026-02-06 08:00:00+00:00,15733.0,15816.892016978334,15380.54549999769,16253.238533958978
2026-02-06 09:00:00+00:00,15956.23,15860.68592886821,15424.339411887566,16297.032445848854
2026-02-06 10:00:00+00:00,16044.73,15909.205306707576,15472.858789726932,16345.55182368822
2026-02-06 11:00:00+00:00,16040.85,15224.865789541742,14788.519272561098,15661.212306522386
2026-02-06 12:00:00+00:00,15647.68,14734.31217979507,14297.965662814428,15170.658696775714
2026-02-06 13:00:00+00:00,15363.75,14569.240474409009,14132.893957428365,15005.586991389651
2026-02-06 14:00:00+00:00,15275.73,14463.469094863185,14027.122577882541,14899.815611843827
2026-02-06 15:00:00+00:00,15174.33,14411.72061918451,13975.374102203867,14848.067136165155
2026-02-06 16:00:00+00:00,15513.2,15048.023712634427,14611.677195653783,15484.370229615071
2026-02-06 17:00:00+00:00,15578.85,15418.252535262469,14981.906018281825,15854.599052243113
2026-02-06 18:00:00+00:00,15229.4,15422.938882185177,14986.592365204533,15859.28539916582
2026-02-06 19:00:00+00:00,14304.75,14766.964590487296,14330.618073506652,15203.31110746794
2026-02-06 20:00:00+00:00,13455.75,14114.344380171386,13677.997863190742,14550.69089715203
2026-02-06 21:00:00+00:00,12754.73,13575.391412057545,13139.044895076902,14011.737929038189
2026-02-06 22:00:00+00:00,12180.58,13028.269159434152,12591.922642453508,13464.615676414795
2026-02-06 23:00:00+00:00,11667.3,12415.682933894019,11979.336416913375,12852.029450874663
2026-02-07 00:00:00+00:00,11264.05,11352.68707917622,10917.873178052085,11787.500980300352
2026-02-07 01:00:00+00:00,10955.65,11001.147406097549,10566.333504973414,11435.961307221682
2026-02-07 02:00:00+00:00,11013.3,10924.051518001837,10489.237616877703,11358.86541912597
2026-02-07 03:00:00+00:00,11054.38,10982.662861722387,10547.848960598254,11417.476762846522
2026-02-07 04:00:00+00:00,11088.85,11199.819461161858,10765.005560037724,11634.633362285991
2026-02-07 05:00:00+00:00,11161.6,11409.135007719766,10974.321106595631,11843.9489088439
2026-02-07 06:00:00+00:00,11684.05,12051.836215272928,11617.022314148795,12486.650116397062
2026-02-07 07:00:00+00:00,12411.7,12680.238363116428,12245.424461992294,13115.052264240561
2026-02-07 08:00:00+00:00,13170.9,13114.405995344576,12679.592094220441,13549.21989646871
2026-02-07 09:00:00+00:00,13789.07,13388.246029139998,12953.432128015866,13823.059930264133
2026-02-07 10:00:00+00:00,14131.03,13648.866244101268,13214.052342977135,14083.680145225402
2026-02-07 11:00:00+00:00,13927.03,13455.758425355112,13020.94452423098,13890.572326479247
2026-02-07 12:00:00+00:00,13482.13,13374.79164365975,12939.977742535615,13809.605544783884
2026-02-07 13:00:00+00:00,13127.83,13452.60121128859,13017.787310164456,13887.415112412724
2026-02-07 14:00:00+00:00,13178.43,13303.565708699243,12868.75180757511,13738.379609823378
2026-02-07 15:00:00+00:00,13148.47,13288.000928244877,12853.187027120743,13722.81482936901
2026-02-07 16:00:00+00:00,13632.68,13568.175736711499,13133.361835587364,14002.989637835632
2026-02-07 17:00:00+00:00,13849.23,13534.958968503335,13100.145067379202,13969.77286962747
2026-02-07 18:00:00+00:00,13575.18,13240.54972480827,12805.735823684136,13675.363625932405
2026-02-07 19:00:00+00:00,12900.1,12453.721343154051,12018.907442029917,12888.535244278184
2026-02-07 20:00:00+00:00,12265.88,12310.284148635319,11875.470247511186,12745.098049759454
2026-02-07 21:00:00+00:00,12027.9,11821.547923761773,11386.734022637638,12256.361824885906
2026-02-07 22:00:00+00:00,11515.53,11253.33288847186,10818.518987347725,11688.146789595994
2026-02-07 23:00:00+00:00,10931.58,10977.530528666226,10542.716627542091,11412.344429790359
2026-02-08 00:00:00+00:00,10380.68,10495.491475855757,10060.677574731624,10930.305376979892
2026-02-08 01:00:00+00:00,10256.05,10378.95586852396,9944.141967399828,10813.769769648095
2026-02-08 02:00:00+00:00,10372.9,10250.721749416503,9815.90784829237,10685.535650540638
2026-02-08 03:00:00+00:00,10433.88,10357.519662973078,9922.705761848945,10792.333564097213
2026-02-08 04:00:00+00:00,10397.35,10560.037780755274,10125.22387963114,10994.851681879409
2026-02-08 05:00:00+00:00,10391.23,10795.44411893838,10360.630217814245,11230.258020062513
2026-02-08 06:00:00+00:00,10803.03,11090.97715714273,10656.163256018597,11525.791058266865
2026-02-08 07:00:00+00:00,11590.38,12155.362862446655,11720.548961322522,12590.17676357079
2026-02-08 08:00:00+00:00,12313.68,12945.594325659056,12510.780424534922,13380.40822678319
2026-02-08 09:00:00+00:00,12963.28,13492.591545925272,13057.77764480114,13927.405447049407
2026-02-08 10:00:00+00:00,13607.58,13630.326675760585,13195.512774636452,14065.14057688472
2026-02-08 11:00:00+00:00,13434.53,13347.254062335653,12912.440161211518,13782.067963459785
2026-02-08 12:00:00+00:00,13035.88,13214.063117581087,12779.249216456952,13648.877018705221
2026-02-08 13:00:00+00:00,12630.28,13215.99813084988,12781.184229725746,13650.812031974016
2026-02-08 14:00:00+00:00,12590.38,13237.240264482807,12802.426363358674,13672.054165606942
2026-02-08 15:00:00+00:00,12801.35,13331.897325431863,12897.083424307728,13766.711226555995
2026-02-08 16:00:00+00:00,13471.78,13413.462903020896,12978.649001896762,13848.276804145029
2026-02-08 17:00:00+00:00,13834.4,13603.86008147389,13169.046180349756,14038.673982598024
2026-02-08 18:00:00+00:00,13582.73,13219.539393710249,12784.725492586114,13654.353294834382
2026-02-08 19:00:00+00:00,13018.0,12811.897748281928,12377.083847157795,13246.711649406063
2026-02-08 20:00:00+00:00,12516.68,12510.718500421286,12075.904599297151,12945.532401545419
2026-02-08 21:00:00+00:00,12378.6,11995.387507894859,11560.573606770724,12430.201409018991
2026-02-08 22:00:00+00:00,11901.35,11475.924073696498,11041.110172572364,11910.737974820631
2026-02-08 23:00:00+00:00,11457.55,10966.641856600472,10531.827955476338,11401.455757724605
2026-02-09 00:00:00+00:00,11260.5,10549.665660325461,10114.851759201327,10984.479561449594
2026-02-09 01:00:00+00:00,11167.63,10410.01585959156,9975.201958467427,10844.829760715695
2026-02-09 02:00:00+00:00,11211.05,10686.119540102682,10251.305638978547,11120.933441226814
2026-02-09 03:00:00+00:00,11515.75,11113.373102946845,10678.55920182271,11548.18700407098
2026-02-09 04:00:00+00:00,12263.38,11977.03945831859,11542.225557194455,12411.853359442723
2026-02-09 05:00:00+00:00,13624.22,12768.358024903211,12333.544123779076,13203.171926027344
2026-02-09 06:00:00+00:00,14572.3,13547.528335443336,13112.714434319203,13982.34223656747
2026-02-09 07:00:00+00:00,15140.1,14374.317474315738,13939.503573191603,14809.13137543987
2026-02-09 08:00:00+00:00,15385.2,14632.219352732955,14197.405451608822,15067.03325385709
2026-02-09 09:00:00+00:00,15604.77,14715.028821528798,14280.214920404664,15149.842722652931
2026-02-09 10:00:00+00:00,15763.75,14608.301126250662,14173.48722512653,15043.115027374797
2026-02-09 11:00:00+00:00,15656.93,14579.874026140094,14145.06012501596,15014.687927264229
2026-02-09 12:00:00+00:00,15268.8,14070.886699405586,13636.072798281451,14505.700600529719
2026-02-09 13:00:00+00:00,15082.88,13920.45863921038,13485.644738086245,14355.272540334512
2026-02-09 14:00:00+00:00,14887.93,13845.773884675147,13410.959983551014,14280.587785799282
2026-02-09 15:00:00+00:00,14667.55,13748.755321391902,13313.941420267769,14183.569222516036
2026-02-09 16:00:00+00:00,15156.22,14344.668453671327,13909.854552547193,14779.482354795462
2026-02-09 17:00:00+00:00,15359.28,14681.37143038635,14246.557529262218,15116.185331510485
2026-02-09 18:00:00+00:00,15082.25,13972.21510608224,13537.401204958105,14407.029007206373
2026-02-09 19:00:00+00:00,14446.9,13363.492710949946,12928.678809825813,13798.30661207408
2026-02-09 20:00:00+00:00,13680.08,12658.96517285777,12224.151271733635,13093.779073981905
2026-02-09 21:00:00+00:00,13053.47,12373.180224099337,11938.366322975202,12807.994125223471
2026-02-09 22:00:00+00:00,12441.55,11608.848776995092,11174.034875870957,12043.662678119224
2026-02-09 23:00:00+00:00,11649.5,10909.335577547668,10474.521676423534,11344.149478671801
2026-02-10 00:00:00+00:00,11217.05,10660.01532778721,10225.201426663076,11094.829228911343
2026-02-10 01:00:00+00:00,11191.05,10382.921963303783,9948.108062179648,10817.735864427916
2026-02-10 02:00:00+00:00,11275.6,10523.61757662316,10088.803675499028,10958.431477747296
2026-02-10 03:00:00+00:00,11514.15,10854.18402053728,10419.370119413144,11288.997921661412
2026-02-10 04:00:00+00:00,12155.72,11783.89231672972,11349.078415605585,12218.706217853853
2026-02-10 05:00:00+00:00,13433.5,12519.364487228511,12084.550586104377,12954.178388352644
2026-02-10 06:00:00+00:00,14455.23,13217.77410821761,12782.960207093476,13652.588009341744
2026-02-10 07:00:00+00:00,14965.68,13946.875694228027,13512.061793103892,14381.68959535216
2026-02-10 08:00:00+00:00,15092.33,14013.463224841082,13578.649323716947,14448.277125965215
2026-02-10 09:00:00+00:00,15376.9,14087.426560774598,13652.612659650466,14522.240461898733
2026-02-10 10:00:00+00:00,15561.53,13876.02687109002,13441.212969965885,14310.840772214153
2026-02-10 11:00:00+00:00,15183.28,13633.102886843502,13198.288985719368,14067.916787967635
2026-02-10 12:00:00+00:00,14664.75,13031.171643745829,12596.357742621694,13465.985544869962
2026-02-10 13:00:00+00:00,14409.95,12778.52625586695,12343.712354742816,13213.340156991084
2026-02-10 14:00:00+00:00,14463.2,12935.256292038335,12500.442390914202,13370.07019316247
2026-02-10 15:00:00+00:00,14215.2,13112.591436680334,12677.7775355562,13547.405337804466
2026-02-10 16:00:00+00:00,14855.73,13461.55106588988,13026.737164765746,13896.364967014015
2026-02-10 17:00:00+00:00,15128.47,13844.67069644396,13409.856795319827,14279.484597568095
2026-02-10 18:00:00+00:00,14918.73,13561.187736971959,13126.373835847826,13996.001638096093
2026-02-10 19:00:00+00:00,14301.45,13011.300525990471,12576.486624866337,13446.114427114604
2026-02-10 20:00:00+00:00,13299.75,12311.655670308432,11876.841769184297,12746.469571432564
2026-02-10 21:00:00+00:00,12609.13,11961.075932655041,11526.262031530907,12395.889833779176
2026-02-10 22:00:00+00:00,11933.08,10973.149779525547,10538.335878401414,11407.963680649682
2026-02-10 23:00:00+00:00,11375.83,10257.550665673156,9822.736764549021,10692.364566797289
2026-02-11 00:00:00+00:00,10998.33,10101.985283001039,9667.171381876904,10536.799184125171
2026-02-11 01:00:00+00:00,10740.0,10028.296744267223,9593.48284314309,10463.110645391358
2026-02-11 02:00:00+00:00,10956.7,10109.812035712612,9674.998134588479,10544.625936836746
2026-02-11 03:00:00+00:00,11221.78,10632.279385362239,10197.465484238104,11067.093286486372
2026-02-11 04:00:00+00:00,11878.75,11651.42282907718,11216.608927953046,12086.236730201314
2026-02-11 05:00:00+00:00,13123.88,12305.048087725898,11870.234186601763,12739.861988850033
2026-02-11 06:00:00+00:00,14244.65,12908.608279157386,12473.794378033253,13343.422180281521
2026-02-11 07:00:00+00:00,14475.18,13483.897929897863,13049.08402877373,13918.711831021998
2026-02-11 08:00:00+00:00,14635.05,13899.864024038834,13465.0501229147,14334.677925162967
2026-02-11 09:00:00+00:00,15021.85,13646.29115588241,13211.477254758276,14081.105057006545
2026-02-11 10:00:00+00:00,15243.2,14167.315252157261,13732.501351033126,14602.129153281396
2026-02-11 11:00:00+00:00,15033.95,13710.955227547407,13276.141326423272,14145.769128671542
2026-02-11 12:00:00+00:00,14850.45,13220.091980037341,12785.278078913207,13654.905881161474
2026-02-11 13:00:00+00:00,14690.05,13092.02734587118,12657.213444747045,13526.841246995313
2026-02-11 14:00:00+00:00,14552.83,13129.486305356815,12694.67240423268,13564.300206480948
2026-02-11 15:00:00+00:00,14577.58,13703.554684243089,13268.740783118954,14138.368585367221
2026-02-11 16:00:00+00:00,15098.0,14285.291485370073,13850.477584245938,14720.105386494208
2026-02-11 17:00:00+00:00,15319.73,14830.664210672361,14395.850309548228,15265.478111796496
2026-02-11 18:00:00+00:00,15006.7,14036.223495917693,13601.40959479356,14471.037397041828
2026-02-11 19:00:00+00:00,14265.83,13441.229493156672,13006.41559203254,13876.043394280805
2026-02-11 20:00:00+00:00,13458.07,12977.189400368967,12542.375499244832,13412.003301493101
2026-02-11 21:00:00+00:00,12793.18,12318.745306781657,11883.931405657524,12753.559207905791
2026-02-11 22:00:00+00:00,12023.95,11660.737530730019,11225.923629605884,12095.551431854154
2026-02-11 23:00:00+00:00,11361.2,11090.650431009608,10655.836529885473,11525.46433213374
2026-02-12 00:00:00+00:00,10944.25,10676.236980758811,10241.423079634678,11111.050881882946
2026-02-12 01:00:00+00:00,10500.03,10536.715358549234,10101.901457425101,10971.529259673369
2026-02-12 02:00:00+00:00,10199.77,10594.162321982314,10159.34842085818,11028.976223106447
2026-02-12 03:00:00+00:00,11416.47,11218.082432588692,10783.268531464557,11652.896333712824
2026-02-12 04:00:00+00:00,11988.75,11980.078908558604,11545.265007434471,12414.892809682739
2026-02-12 05:00:00+00:00,13269.72,13160.094488033932,12725.2805869098,13594.908389158067
2026-02-12 06:00:00+00:00,14342.95,14061.11520713152,13626.301306007386,14495.929108255654
2026-02-12 07:00:00+00:00,14725.2,15014.012215953155,14579.19831482902,15448.82611707729
2026-02-12 08:00:00+00:00,14836.85,15188.713788873756,14753.899887749621,15623.527689997889
2026-02-12 09:00:00+00:00,15053.28,15164.209591234865,14729.395690110732,15599.023492359
2026-02-12 10:00:00+00:00,15221.0,15227.985352179703,14793.171451055568,15662.799253303836
2026-02-12 11:00:00+00:00,15163.93,15057.425702804841,14622.611801680707,15492.239603928974
2026-02-12 12:00:00+00:00,14955.27,14895.811857467008,14460.997956342873,15330.62575859114
2026-02-12 13:00:00+00:00,14854.25,14434.791317588799,13999.977416464666,14869.605218712933
2026-02-12 14:00:00+00:00,14730.15,14427.145153520738,13992.331252396603,14861.95905464487
2026-02-12 15:00:00+00:00,14587.4,14637.251575741184,14202.43767461705,15072.065476865318
2026-02-12 16:00:00+00:00,14906.13,14799.799299517214,14364.985398393079,15234.613200641346
2026-02-12 17:00:00+00:00,15019.78,15098.712239678953,14663.898338554818,15533.526140803086
2026-02-12 18:00:00+00:00,14661.0,15295.185402301182,14860.371501177047,15729.999303425317
2026-02-12 19:00:00+00:00,13934.78,14280.089380584166,13845.275479460033,14714.9032817083
2026-02-12 20:00:00+00:00,13144.18,13678.339645562159,13243.525744438024,14113.153546686292
2026-02-12 21:00:00+00:00,12461.72,12793.30335454804,12358.489453423905,13228.117255672172
2026-02-12 22:00:00+00:00,11836.13,12087.959597506506,11653.145696382371,12522.773498630639
2026-02-12 23:00:00+00:00,11381.32,11480.835372545,11046.021471420867,11915.649273669134
2026-02-13 00:00:00+00:00,11045.53,11245.152776008536,10810.338874884403,11679.96667713267
2026-02-13 01:00:00+00:00,10954.35,11231.903805549528,10797.089904425393,11666.71770667366
2026-02-13 02:00:00+00:00,10998.47,11346.269132691945,10911.455231567812,11781.08303381608
2026-02-13 03:00:00+00:00,11294.75,11542.03813598779,11107.224234863656,11976.852037111923
2026-02-13 04:00:00+00:00,11923.22,12346.132798922068,11911.318897797933,12780.946700046201
2026-02-13 05:00:00+00:00,13162.08,13393.673849496803,12958.85994837267,13828.487750620938
2026-02-13 06:00:00+00:00,14247.18,14315.103478390518,13880.289577266383,14749.917379514653
2026-02-13 07:00:00+00:00,14748.95,14779.516684600072,14344.702783475937,15214.330585724205
2026-02-13 08:00:00+00:00,15202.83,14972.356515237505,14537.54261411337,15407.170416361638
2026-02-13 09:00:00+00:00,15549.48,14969.422599080252,14534.608697956117,15404.236500204384
2026-02-13 10:00:00+00:00,15684.3,14929.454336030061,14494.640434905928,15364.268237154196
2026-02-13 11:00:00+00:00,15578.3,14963.513683170044,14528.699782045911,15398.327584294178
2026-02-13 12:00:00+00:00,15119.15,14861.048155812616,14426.234254688483,15295.86205693675
2026-02-13 13:00:00+00:00,14855.25,14962.17760445922,14527.363703335086,15396.991505583354
2026-02-13 14:00:00+00:00,14616.57,14782.699400040894,14347.88549891676,15217.513301165029
2026-02-13 15:00:00+00:00,14611.13,15018.33723117567,14583.523330051536,15453.151132299805
2026-02-13 16:00:00+00:00,15056.9,13993.658531749797,13558.844630625663,14428.472432873932
2026-02-13 17:00:00+00:00,15158.88,14036.032390513566,13601.218489389432,14470.8462916377
2026-02-13 18:00:00+00:00,14701.35,14945.023071311942,14510.209170187809,15379.836972436076
2026-02-13 19:00:00+00:00,13968.15,13804.775064579308,13369.961163455173,14239.58896570344
2026-02-13 20:00:00+00:00,13139.47,13312.652175229832,12877.838274105698,13747.466076353965
2026-02-13 21:00:00+00:00,12571.53,12716.936511219272,12282.122610095137,13151.750412343405
2026-02-13 22:00:00+00:00,11907.63,12289.165813075602,11854.35191195147,12723.979714199737
2026-02-13 23:00:00+00:00,11476.88,11727.243043421033,11292.4291422969,12162.056944545167
2026-02-14 00:00:00+00:00,11101.65,11374.427803369352,10936.398374282706,11812.457232455998
2026-02-14 01:00:00+00:00,10823.0,11259.154304823438,10821.124875736792,11697.183733910084
2026-02-14 02:00:00+00:00,10814.5,10933.746992620134,10495.717563533488,11371.77642170678
2026-02-14 03:00:00+00:00,10798.78,11144.34207547282,10706.312646386174,11582.371504559465
2026-02-14 04:00:00+00:00,10771.15,11210.292731730326,10772.263302643682,11648.322160816972
2026-02-14 05:00:00+00:00,10821.43,11363.886682532599,10925.857253445953,11801.916111619244
2026-02-14 06:00:00+00:00,11417.65,11873.674473410869,11435.645044324223,12311.703902497515
2026-02-14 07:00:00+00:00,12296.5,12403.028645953265,11964.99921686662,12841.058075039911
2026-02-14 08:00:00+00:00,13175.9,12834.43786321951,12396.408434132863,13272.467292306155
2026-02-14 09:00:00+00:00,13728.1,13374.096497348284,12936.067068261638,13812.12592643493
2026-02-14 10:00:00+00:00,14039.9,13270.418844656793,12832.389415570146,13708.448273743437
2026-02-14 11:00:00+00:00,13696.78,13329.64363152671,12891.614202440063,13767.673060613355
2026-02-14 12:00:00+00:00,13254.6,13099.817157244064,12661.787728157418,13537.84658633071
2026-02-14 13:00:00+00:00,12842.77,13000.282735984203,12562.253306897557,13438.312165070849
2026-02-14 14:00:00+00:00,12792.33,12909.562182648311,12471.532753561665,13347.591611734957
2026-02-14 15:00:00+00:00,12941.32,13105.671301203341,12667.641872116696,13543.700730289987
2026-02-14 16:00:00+00:00,13458.63,13104.950338593884,12666.920909507238,13542.97976768053
2026-02-14 17:00:00+00:00,13746.6,13214.200271423195,12776.170842336549,13652.22970050984
2026-02-14 18:00:00+00:00,13310.4,13054.246703818737,12616.217274732091,13492.276132905383
2026-02-14 19:00:00+00:00,12641.2,12535.732003144816,12097.70257405817,12973.761432231462
2026-02-14 20:00:00+00:00,12107.47,12054.35609400803,11616.326664921384,12492.385523094676
2026-02-14 21:00:00+00:00,11859.7,11680.788150489572,11242.758721402926,12118.817579576218
2026-02-14 22:00:00+00:00,11427.75,11187.449943440979,10749.420514354333,11625.479372527625
2026-02-14 23:00:00+00:00,10966.3,10728.399462008496,10290.37003292185,11166.428891095142
2026-02-15 00:00:00+00:00,10657.18,10330.608136163115,9892.578707076469,10768.63756524976
2026-02-15 01:00:00+00:00,10606.95,10205.743373208546,9767.7139441219,10643.772802295192
2026-02-15 02:00:00+00:00,10556.15,10156.890561487166,9718.86113240052,10594.919990573811
2026-02-15 03:00:00+00:00,10531.05,10157.388157337391,9719.358728250745,10595.417586424037
2026-02-15 04:00:00+00:00,10472.53,10146.15301750922,9708.123588422572,10584.182446595863
2026-02-15 05:00:00+00:00,10406.7,10087.34383967851,9649.314410591864,10525.373268765155
2026-02-15 06:00:00+00:00,10838.72,10066.694992849125,9628.665563762479,10504.72442193577
2026-02-15 07:00:00+00:00,11813.53,10845.273350204476,10407.24392111783,11283.302779291122
2026-02-15 08:00:00+00:00,12416.07,11582.506141780168,11144.476712693522,12020.535570866814
2026-02-15 09:00:00+00:00,12960.28,12520.57411315133,12082.544684064684,12958.603542237975
2026-02-15 10:00:00+00:00,13316.85,12847.206508570616,12409.17707948397,13285.235937657262
2026-02-15 11:00:00+00:00,13003.85,12325.544665586292,11887.515236499647,12763.574094672938
2026-02-15 12:00:00+00:00,12631.65,11571.678028609702,11133.648599523056,12009.707457696348
2026-02-15 13:00:00+00:00,12037.53,11485.086255892958,11047.056826806313,11923.115684979604
2026-02-15 14:00:00+00:00,12066.93,11536.324384965017,11098.294955878371,11974.353814051663
2026-02-15 15:00:00+00:00,12164.5,11761.948333324888,11323.918904238242,12199.977762411534
2026-02-15 16:00:00+00:00,13011.33,12617.26125186187,12179.231822775224,13055.290680948516
2026-02-15 17:00:00+00:00,13820.35,13490.869836900896,13052.84040781425,13928.899265987542
2026-02-15 18:00:00+00:00,13587.58,12785.611586960344,12347.582157873698,13223.64101604699
2026-02-15 19:00:00+00:00,13185.45,12596.585295797991,12158.555866711346,13034.614724884637
2026-02-15 20:00:00+00:00,12969.0,12295.731188840755,11857.701759754109,12733.7606179274
2026-02-15 21:00:00+00:00,12864.2,11709.93227715177,11271.902848065125,12147.961706238417
2026-02-15 22:00:00+00:00,12358.18,11317.998563415882,10879.969134329236,11756.027992502528
2026-02-15 23:00:00+00:00,11893.85,10856.758455043053,10418.729025956407,11294.787884129699
2026-02-16 00:00:00+00:00,11794.15,10885.563610402583,10447.534181315938,11323.59303948923
2026-02-16 01:00:00+00:00,11698.43,11012.49791369687,10574.468484610225,11450.527342783516
2026-02-16 02:00:00+00:00,11947.35,11384.585033259267,10946.555604172621,11822.614462345913
2026-02-16 03:00:00+00:00,12196.13,11623.748616133471,11185.719187046825,12061.778045220117
2026-02-16 04:00:00+00:00,12926.55,12258.777956910842,11820.748527824197,12696.807385997487
2026-02-16 05:00:00+00:00,14163.95,13974.184356687627,13536.15492760098,14412.213785774271
2026-02-16 06:00:00+00:00,15225.38,14712.248316749003,14274.218887662357,15150.277745835649
2026-02-16 07:00:00+00:00,15799.8,15651.699602895686,15213.670173809041,16089.729031982333
2026-02-16 08:00:00+00:00,16124.33,15900.034701209031,15462.005272122386,16338.064130295677
2026-02-16 09:00:00+00:00,16370.0,16364.444083117147,15926.414654030501,16802.473512203793
2026-02-16 10:00:00+00:00,16474.05,16434.39306336659,15996.363634279947,16872.42249245324
2026-02-16 11:00:00+00:00,16287.05,16229.230265402404,15791.200836315758,16667.25969448905
2026-02-16 12:00:00+00:00,15961.05,15962.931080587015,15524.90165150037,16400.960509673663
2026-02-16 13:00:00+00:00,15749.32,15852.303065007793,15414.273635921147,16290.33249409444
2026-02-16 14:00:00+00:00,15510.05,15646.970681159773,15208.941252073128,16085.00011024642
2026-02-16 15:00:00+00:00,15309.03,15541.060401274923,15103.030972188277,15979.089830361569
2026-02-16 16:00:00+00:00,15701.85,15802.646982837743,15364.617553751097,16240.676411924389
2026-02-16 17:00:00+00:00,16053.38,15983.886714400625,15545.85728531398,16421.916143487273
2026-02-16 18:00:00+00:00,15743.47,15662.00328617629,15223.973857089644,16100.032715262936
2026-02-16 19:00:00+00:00,14916.0,15137.686879945873,14699.657450859228,15575.71630903252
2026-02-16 20:00:00+00:00,14002.6,14338.965963437182,13900.936534350536,14776.995392523828
2026-02-16 21:00:00+00:00,13385.05,13856.61857653928,13418.589147452634,14294.648005625926
2026-02-16 22:00:00+00:00,12708.58,13050.225203388452,12612.195774301807,13488.254632475098
2026-02-16 23:00:00+00:00,12188.95,12536.449458419935,12098.420029333289,12974.47888750658
2026-02-17 00:00:00+00:00,11770.68,11965.30899579027,11527.279566703624,12403.338424876916
2026-02-17 01:00:00+00:00,11726.33,12151.74826136839,11713.718832281744,12589.777690455036
2026-02-17 02:00:00+00:00,11809.48,12207.42208291817,11769.392653831525,12645.451512004816
2026-02-17 03:00:00+00:00,12130.83,12350.505083616865,11912.475654530219,12788.53451270351
2026-02-17 04:00:00+00:00,12641.23,12818.490851626275,12380.461422539629,13256.52028071292
2026-02-17 05:00:00+00:00,14029.73,14625.131075220164,14187.101646133518,15063.16050430681
2026-02-17 06:00:00+00:00,14886.88,14997.158199856784,14559.128770770138,15435.18762894343
2026-02-17 07:00:00+00:00,15602.65,15459.340585763011,15021.311156676365,15897.370014849657
2026-02-17 08:00:00+00:00,15805.0,15844.80496810774,15406.775539021091,16282.834397194383
2026-02-17 09:00:00+00:00,15834.2,16064.94013778357,15626.910708696923,16502.969566870215
2026-02-17 10:00:00+00:00,15774.7,15866.226637015425,15428.197207928779,16304.25606610207
2026-02-17 11:00:00+00:00,15592.43,15666.405290434917,15228.375861348271,16104.434719521563
2026-02-17 12:00:00+00:00,15485.0,15312.799456393666,14874.770027307019,15750.82888548031
2026-02-17 13:00:00+00:00,15256.18,14735.227489551886,14297.19806046524,15173.256918638532
2026-02-17 14:00:00+00:00,15015.45,14629.354078774695,14191.32464968805,15067.383507861341
2026-02-17 15:00:00+00:00,15000.18,14550.115034834887,14112.085605748242,14988.144463921533
2026-02-17 16:00:00+00:00,15406.18,14473.775045445847,14035.745616359201,14911.804474532493
2026-02-17 17:00:00+00:00,15715.35,15059.16293133482,14621.133502248176,15497.192360421468
2026-02-17 18:00:00+00:00,15506.4,14941.204007211723,14503.174578125077,15379.23343629837
2026-02-17 19:00:00+00:00,14755.5,13587.32244588408,13149.293016797434,14025.351874970725
2026-02-17 20:00:00+00:00,14028.63,12844.271633561546,12406.2422044749,13282.301062648192
2026-02-17 21:00:00+00:00,13414.48,12690.472685027165,12252.44325594052,13128.502114113811
2026-02-17 22:00:00+00:00,12676.78,12062.236916593432,11624.207487506786,12500.266345680078
2026-02-17 23:00:00+00:00,12147.18,11363.281105489741,10925.251676403095,11801.310534576387
2026-02-18 00:00:00+00:00,11750.05,10960.151924141106,10522.12249505446,11398.181353227752
2026-02-18 01:00:00+00:00,11630.0,10888.713834751754,10450.684405665108,11326.7432638384
2026-02-18 02:00:00+00:00,11647.63,10944.442630252412,10506.413201165766,11382.472059339058
2026-02-18 03:00:00+00:00,12066.65,11315.391998181043,10877.362569094395,11753.421427267689
2026-02-18 04:00:00+00:00,12560.55,11960.01387475271,11521.984445666065,12398.043303839357
2026-02-18 05:00:00+00:00,13803.2,12904.280561300708,12466.251132214062,13342.309990387354
2026-02-18 06:00:00+00:00,14750.85,14351.273218168728,13913.243789082084,14789.302647255374
2026-02-18 07:00:00+00:00,15520.63,14515.259283755651,14077.229854669004,14953.288712842295
2026-02-18 08:00:00+00:00,15420.83,14808.161897981738,14370.132468895092,15246.191327068384
2026-02-18 09:00:00+00:00,16010.93,15099.926910005608,14661.897480918962,15537.956339092254
2026-02-18 10:00:00+00:00,16217.6,15114.567147670474,14676.537718583828,15552.59657675712
2026-02-18 11:00:00+00:00,16029.85,15150.87958704237,14712.850157955723,15588.909016129015
2026-02-18 12:00:00+00:00,15421.0,14790.600252483056,14352.57082339641,15228.629681569702
2026-02-18 13:00:00+00:00,15139.73,14672.380998863902,14234.351569777256,15110.410427950548
2026-02-18 14:00:00+00:00,14874.73,14387.90705391442,13949.877624827774,14825.936483001065
2026-02-18 15:00:00+00:00,15039.83,14375.960026235902,13937.930597149258,14813.98945532255
2026-02-18 16:00:00+00:00,15652.58,14798.925685267028,14360.896256180382,15236.955114353674
2026-02-18 17:00:00+00:00,16083.95,15437.267333683434,14999.237904596788,15875.296762770078
2026-02-18 18:00:00+00:00,15919.5,13462.157677495095,13024.128248408448,13900.187106581741
2026-02-18 19:00:00+00:00,15113.13,12542.279826031698,12104.250396945052,12980.309255118344
2026-02-18 20:00:00+00:00,14404.93,12205.023032172907,11766.993603086261,12643.052461259553
2026-02-18 21:00:00+00:00,13811.15,12281.21911951887,11843.189690432224,12719.248548605516
2026-02-18 22:00:00+00:00,13037.15,11945.972367118864,11507.942938032218,12384.00179620551
2026-02-18 23:00:00+00:00,12496.68,11899.432435656678,11461.403006570032,12337.461864743324
2026-02-19 00:00:00+00:00,12299.05,11405.433096308561,10967.403667221915,11843.462525395207
2026-02-19 01:00:00+00:00,12159.58,11446.621492049477,11008.59206296283,11884.650921136123
2026-02-19 02:00:00+00:00,12270.13,11568.010247079515,11129.98081799287,12006.039676166161
2026-02-19 03:00:00+00:00,12627.25,11838.438842229725,11400.40941314308,12276.468271316371
2026-02-19 04:00:00+00:00,13121.35,12287.823456899643,11849.794027812997,12725.852885986289
2026-02-19 05:00:00+00:00,14220.28,12884.495679636717,12446.466250550071,13322.525108723363
2026-02-19 06:00:00+00:00,15054.22,14082.951915468133,13644.922486381487,14520.981344554779
2026-02-19 07:00:00+00:00,15492.1,15045.931017053745,14607.901587967099,15483.96044614039
2026-02-19 08:00:00+00:00,15716.68,15522.540447401334,15084.51101831469,15960.569876487982
2026-02-19 09:00:00+00:00,15940.63,15532.561793443683,15094.532364357037,15970.59122253033
2026-02-19 10:00:00+00:00,16019.33,15436.906596818153,14998.877167731507,15874.936025904799
2026-02-19 11:00:00+00:00,15869.3,15403.085959995393,14965.056530908747,15841.115389082039
2026-02-19 12:00:00+00:00,15750.38,15101.707486158848,14663.678057072202,15539.736915245494
2026-02-19 13:00:00+00:00,15487.18,14015.382273527353,13577.352844440707,14453.411702614
2026-02-19 14:00:00+00:00,15144.55,13330.471776373533,12892.442347286888,13768.50120546018
2026-02-19 15:00:00+00:00,15060.95,13399.103865489124,12961.074436402478,13837.133294575771
2026-02-19 16:00:00+00:00,15481.0,13905.071640413436,13467.04221132679,14343.101069500082
2026-02-19 17:00:00+00:00,15808.73,15058.86654385585,14620.837114769203,15496.895972942493
2026-02-19 18:00:00+00:00,15462.22,14166.548779570347,13728.5193504837,14604.578208656993
2026-02-19 19:00:00+00:00,14975.73,14427.36184492434,13989.332415837696,14865.391274010988
2026-02-19 20:00:00+00:00,14177.68,13815.366530239065,13377.33710115242,14253.395959325711
2026-02-19 21:00:00+00:00,13767.13,13049.635005745326,12611.60557665868,13487.664434831971
2026-02-19 22:00:00+00:00,13230.48,12891.642278713043,12453.612849626397,13329.67170779969
2026-02-19 23:00:00+00:00,12614.3,12393.296204920221,11955.266775833576,12831.325634006867
2026-02-20 00:00:00+00:00,12357.33,12312.56532182502,11874.535892738375,12750.594750911667
2026-02-20 01:00:00+00:00,12315.48,12260.488017098656,11822.45858801201,12698.517446185302
2026-02-20 02:00:00+00:00,12395.55,12167.856303631837,11729.826874545191,12605.885732718483
2026-02-20 03:00:00+00:00,12679.8,12554.436923626592,12116.407494539944,12992.466352713236
2026-02-20 04:00:00+00:00,13436.0,12570.804762532674,12132.775333446029,13008.83419161932
2026-02-20 05:00:00+00:00,14708.15,13786.06293195218,13348.033502865534,14224.092361038827
2026-02-20 06:00:00+00:00,15710.65,14686.393228025576,14248.36379893893,15124.422657112222
2026-02-20 07:00:00+00:00,16194.63,15472.024751401521,15033.995322314873,15910.054180488165
2026-02-20 08:00:00+00:00,16161.15,15458.609002740905,15020.57957365426,15896.638431827552
2026-02-20 09:00:00+00:00,16270.1,16078.241632104071,15640.212203017425,16516.271061190717
2026-02-20 10:00:00+00:00,16076.22,16095.96920082599,15657.939771739344,16533.998629912636
2026-02-20 11:00:00+00:00,15775.25,15830.676745957167,15392.647316870522,16268.706175043812
2026-02-20 12:00:00+00:00,15683.77,15418.650067568306,14980.620638481661,15856.679496654953
2026-02-20 13:00:00+00:00,15171.03,15114.022114918052,14675.992685831407,15552.051544004698
2026-02-20 14:00:00+00:00,15026.2,15099.947420258046,14661.9179911714,15537.976849344692
2026-02-20 15:00:00+00:00,14976.68,15104.994384717536,14666.96495563089,15543.023813804182
2026-02-20 16:00:00+00:00,15481.48,15467.668855129776,15029.63942604313,15905.698284216422
2026-02-20 17:00:00+00:00,15714.62,15819.942311687155,15381.912882600509,16257.9717407738
2026-02-20 18:00:00+00:00,15337.68,15707.609527405899,15269.580098319253,16145.638956492545
2026-02-20 19:00:00+00:00,14409.18,14762.42432051667,14324.394891430024,15200.453749603315
2026-02-20 20:00:00+00:00,13399.22,13276.25249120638,12838.223062119734,13714.281920293026
2026-02-20 21:00:00+00:00,12797.18,12299.5472058023,11861.517776715655,12737.576634888947
2026-02-20 22:00:00+00:00,12213.35,12080.361124285102,11642.331695198456,12518.390553371748
2026-02-20 23:00:00+00:00,11702.93,12021.546200448165,11583.51677136152,12459.575629534811
2026-02-21 00:00:00+00:00,11355.78,11604.800403943089,11166.101905887088,12043.49890199909
2026-02-21 01:00:00+00:00,11301.05,11248.943192729892,10810.244694673891,11687.641690785893
2026-02-21 02:00:00+00:00,11363.85,11213.753920559184,10775.055422503183,11652.452418615185
2026-02-21 03:00:00+00:00,11213.13,11250.963889374947,10812.265391318946,11689.662387430948
2026-02-21 04:00:00+00:00,11270.78,11366.514326772223,10927.815828716222,11805.212824828224
2026-02-21 05:00:00+00:00,11348.38,11730.84680981544,11292.14831175944,12169.545307871442
2026-02-21 06:00:00+00:00,11842.83,12057.526738613433,11618.828240557432,12496.225236669434
2026-02-21 07:00:00+00:00,12562.3,12403.84430552629,11965.14580747029,12842.542803582292
2026-02-21 08:00:00+00:00,12913.22,12630.884147449337,12192.185649393336,13069.582645505337
2026-02-21 09:00:00+00:00,13596.3,13160.173175988506,12721.474677932505,13598.871674044507
2026-02-21 10:00:00+00:00,14120.58,13261.669498236359,12822.971000180358,13700.36799629236
2026-02-21 11:00:00+00:00,14181.3,14020.38295549035,13581.684457434349,14459.08145354635
2026-02-21 12:00:00+00:00,13705.75,13023.041072063763,12584.342574007762,13461.739570119764
2026-02-21 13:00:00+00:00,13301.58,12921.932085475406,12483.233587419405,13360.630583531407
2026-02-21 14:00:00+00:00,13108.68,12965.041380142282,12526.342882086281,13403.739878198283
2026-02-21 15:00:00+00:00,12998.75,13072.516209716521,12633.81771166052,13511.214707772522
2026-02-21 16:00:00+00:00,13447.65,13484.573097917286,13045.874599861285,13923.271595973287
2026-02-21 17:00:00+00:00,13534.93,13802.383320814046,13363.684822758047,14241.081818870049
2026-02-21 18:00:00+00:00,12895.9,13272.529783501166,12833.831285445165,13711.228281557167
2026-02-21 19:00:00+00:00,12210.43,12671.467099232774,12232.768601176773,13110.165597288775
2026-02-21 20:00:00+00:00,11584.48,12240.549232750192,11801.850734694191,12679.247730806193
2026-02-21 21:00:00+00:00,11012.23,11665.742563578331,11227.04406552233,12104.441061634332
2026-02-21 22:00:00+00:00,10520.0,10649.115970884483,10210.417472828482,11087.814468940483
2026-02-21 23:00:00+00:00,10076.08,10434.667360779837,9995.968862723836,10873.365858835838
2026-02-22 00:00:00+00:00,9704.58,10347.666134575575,9908.967636519574,10786.364632631576
2026-02-22 01:00:00+00:00,9458.7,10453.973130651266,10015.274632595265,10892.671628707267
2026-02-22 02:00:00+00:00,9478.39,10527.677328065374,10088.978830009373,10966.375826121375
2026-02-22 03:00:00+00:00,9612.34,10451.708129855757,10013.009631799756,10890.406627911758
2026-02-22 04:00:00+00:00,9594.06,10603.815137406862,10165.116639350861,11042.513635462863
2026-02-22 05:00:00+00:00,9752.23,10554.534250071834,10115.835752015833,10993.232748127835
2026-02-22 06:00:00+00:00,10143.22,10933.93360081803,10495.23510276203,11372.632098874032
2026-02-22 07:00:00+00:00,10846.35,11147.395911230982,10708.697413174981,11586.094409286983
2026-02-22 08:00:00+00:00,11481.85,11491.391645544441,11052.69314748844,11930.090143600442
2026-02-22 09:00:00+00:00,11968.58,12173.7084613424,11735.009963286398,12612.4069593984
2026-02-22 10:00:00+00:00,12700.75,12224.568120539137,11785.869622483136,12663.266618595138
2026-02-22 11:00:00+00:00,12576.1,11789.87262418921,11351.174126133208,12228.57112224521
2026-02-22 12:00:00+00:00,12095.53,11781.742396876283,11343.043898820282,12220.440894932284
2026-02-22 13:00:00+00:00,11673.3,11550.615846325545,11111.917348269544,11989.314344381546
2026-02-22 14:00:00+00:00,11728.15,11578.188245639687,11139.489747583686,12016.886743695688
2026-02-22 15:00:00+00:00,11927.75,11623.148454286704,11184.449956230703,12061.846952342705
2026-02-22 16:00:00+00:00,12672.63,11485.965198671422,11047.26670061542,11924.663696727423
2026-02-22 17:00:00+00:00,13040.1,11558.39323447632,11119.694736420319,11997.09173253232
2026-02-22 18:00:00+00:00,12734.72,11433.172564382578,10994.474066326577,11871.871062438579
2026-02-22 19:00:00+00:00,12148.35,10802.857059606311,10364.15856155031,11241.555557662312
2026-02-22 20:00:00+00:00,11637.9,10543.961207670614,10105.262709614613,10982.659705726615
2026-02-22 21:00:00+00:00,11375.2,10322.73898750012,9884.04048944412,10761.437485556122
2026-02-22 22:00:00+00:00,10798.32,10168.69070384937,9729.992205793369,10607.389201905371
2026-02-22 23:00:00+00:00,10160.63,9726.275988316673,9287.577490260674,10164.974486372674
2026-02-23 00:00:00+00:00,9826.11,9523.211732751428,9084.513234695427,9961.910230807429
2026-02-23 01:00:00+00:00,9932.34,9679.010032204907,9240.311534148907,10117.708530260908
2026-02-23 02:00:00+00:00,9917.68,9878.895342820231,9440.196844764228,10317.593840876232
2026-02-23 03:00:00+00:00,10513.95,10091.601066748439,9652.902568692438,10530.29956480444
2026-02-23 04:00:00+00:00,11209.05,10361.219459528982,9922.520961472981,10799.917957584983
2026-02-23 05:00:00+00:00,12663.65,11290.141816016074,10851.443317960073,11728.840314072075
2026-02-23 06:00:00+00:00,13578.75,11741.94433819446,11303.24584013846,12180.642836250461
2026-02-23 07:00:00+00:00,13905.48,12493.732343152637,12055.033845096636,12932.430841208638
2026-02-23 08:00:00+00:00,14113.73,13360.697001251026,12921.998503195025,13799.395499307027
2026-02-23 09:00:00+00:00,14507.93,14028.87165959706,13590.173161541059,14467.570157653061
2026-02-23 10:00:00+00:00,14943.03,14189.444423408642,13750.745925352641,14628.142921464645
2026-02-23 11:00:00+00:00,14586.75,14100.741990344788,13662.043492288787,14539.440488400789
2026-02-23 12:00:00+00:00,14147.25,13866.08145390253,13427.382955846528,14304.77995195853
2026-02-23 13:00:00+00:00,14153.43,13865.379694976378,13426.681196920377,14304.07819303238
2026-02-23 14:00:00+00:00,13740.2,14184.199093803574,13745.500595747573,14622.897591859575
2026-02-23 15:00:00+00:00,13463.85,14338.523850135774,13899.825352079773,14777.222348191775
2026-02-23 16:00:00+00:00,13977.05,14505.249535121904,14066.551037065903,14943.948033177907
2026-02-23 17:00:00+00:00,14327.28,14404.773364387765,13966.074866331764,14843.471862443766
2026-02-23 18:00:00+00:00,13912.45,13995.84669549852,13557.148197442517,14434.54519355452
2026-02-23 19:00:00+00:00,13138.0,12937.806124576951,12499.10762652095,13376.504622632952
2026-02-23 20:00:00+00:00,12430.4,12238.52157261771,11799.82307456171,12677.220070673711
2026-02-23 21:00:00+00:00,11782.3,11665.67671210577,11226.978214049768,12104.37521016177
2026-02-23 22:00:00+00:00,11149.55,10870.68883678976,10431.990338733758,11309.387334845762
2026-02-23 23:00:00+00:00,10472.55,10309.5532899654,9870.8547919094,10748.251788021402
2026-02-24 00:00:00+00:00,10210.95,10024.376844729602,9585.678346673601,10463.075342785603
2026-02-24 01:00:00+00:00,10176.02,9967.850453531159,9529.151955475158,10406.54895158716
2026-02-24 02:00:00+00:00,10316.2,10005.11759844829,9566.41910039229,10443.816096504292
2026-02-24 03:00:00+00:00,10725.25,10529.888553315495,10091.190055259494,10968.587051371496
2026-02-24 04:00:00+00:00,11469.82,11555.35826167913,11116.659763623129,11994.056759735131
2026-02-24 05:00:00+00:00,12658.28,12532.802915943535,12094.104417887535,12971.501413999536
2026-02-24 06:00:00+00:00,13506.18,13946.07591457526,13507.377416519259,14384.774412631261
2026-02-24 07:00:00+00:00,14010.45,14227.586760004338,13788.88826194834,14666.28525806034
2026-02-24 08:00:00+00:00,14252.63,14338.114150536607,13899.415652480606,14776.812648592608
2026-02-24 09:00:00+00:00,14489.3,14853.72233730405,14415.02383924805,15292.420835360052
2026-02-24 10:00:00+00:00,14926.6,14779.149519871906,14340.451021815905,15217.848017927907
2026-02-24 11:00:00+00:00,14693.1,14642.46877338625,14203.77027533025,15081.167271442251
2026-02-24 12:00:00+00:00,14124.98,14398.523248328562,13959.82475027256,14837.221746384563
2026-02-24 13:00:00+00:00,13908.8,13860.779432452775,13422.080934396774,14299.477930508776
2026-02-24 14:00:00+00:00,13839.77,13698.40958055416,13259.71108249816,14137.108078610161
2026-02-24 15:00:00+00:00,13544.4,13748.519240897382,13309.82074284138,14187.217738953383
2026-02-24 16:00:00+00:00,14060.75,14437.326444141141,13998.62794608514,14876.024942197142
2026-02-24 17:00:00+00:00,14521.43,14803.301185719742,14364.60268766374,15241.999683775743
2026-02-24 18:00:00+00:00,14390.82,14433.717560097652,13995.01906204165,14872.416058153653
2026-02-24 19:00:00+00:00,13692.07,13921.849688097705,13483.151190041704,14360.548186153706
2026-02-24 20:00:00+00:00,12881.6,13300.90955904964,12862.211060993639,13739.608057105641
2026-02-24 21:00:00+00:00,12141.9,12611.387143694998,12172.688645638997,13050.085641750999
2026-02-24 22:00:00+00:00,11499.68,11800.19243620436,11361.493938148358,12238.89093426036
2026-02-24 23:00:00+00:00,11012.98,10710.385336072923,10271.686838016922,11149.083834128924
2026-02-25 00:00:00+00:00,10698.0,10393.396538042374,9954.698039986373,10832.095036098375
2026-02-25 01:00:00+00:00,10664.47,10263.497382137963,9824.798884081962,10702.195880193964
2026-02-25 02:00:00+00:00,10748.58,10594.996244736298,10156.297746680297,11033.694742792299
2026-02-25 03:00:00+00:00,11149.6,11119.335954691805,10680.637456635804,11558.034452747806
2026-02-25 04:00:00+00:00,11911.65,11475.44679120308,11036.748293147079,11914.14528925908
2026-02-25 05:00:00+00:00,13099.22,12509.263418036591,12070.56491998059,12947.961916092592
2026-02-25 06:00:00+00:00,13797.63,12936.012553573328,12497.314055517327,13374.711051629329
2026-02-25 07:00:00+00:00,14265.25,13744.323812133569,13305.625314077568,14183.02231018957
2026-02-25 08:00:00+00:00,14548.45,14144.426835077715,13705.728337021714,14583.125333133716
2026-02-25 09:00:00+00:00,14748.22,14230.120958736832,13791.422460680831,14668.819456792833
2026-02-25 10:00:00+00:00,14627.55,14008.394334116681,13569.69583606068,14447.092832172682
2026-02-25 11:00:00+00:00,14192.13,13555.421855946464,13116.723357890463,13994.120354002465
2026-02-25 12:00:00+00:00,13650.8,13131.303754638693,12692.605256582692,13570.002252694694
2026-02-25 13:00:00+00:00,13514.33,12777.08207939728,12338.383581341279,13215.78057745328
2026-02-25 14:00:00+00:00,13277.65,12681.356678318518,12242.658180262517,13120.055176374519
2026-02-25 15:00:00+00:00,13258.68,12738.131387121815,12299.432889065814,13176.829885177816
2026-02-25 16:00:00+00:00,14061.63,13517.548175182432,13078.84967712643,13956.246673238433
2026-02-25 17:00:00+00:00,14660.6,14475.500828679975,14036.802330623974,14914.199326735976
2026-02-25 18:00:00+00:00,14577.6,13933.660741252008,13494.962243196007,14372.359239308009
2026-02-25 19:00:00+00:00,13978.93,13516.144697382932,13077.44619932693,13954.843195438933
2026-02-25 20:00:00+00:00,13129.45,12900.459825532278,12461.761327476277,13339.158323588279
2026-02-25 21:00:00+00:00,12493.18,12178.703804561523,11740.005306505522,12617.402302617524
2026-02-25 22:00:00+00:00,11759.1,11892.350108592804,11453.651610536803,12331.048606648805
2026-02-25 23:00:00+00:00,11153.55,11382.234639909873,10943.536141853872,11820.933137965874
2026-02-26 00:00:00+00:00,10824.6,11125.64605522838,10686.94755717238,11564.344553284382
2026-02-26 01:00:00+00:00,10803.58,10932.963082660328,10494.264584604327,11371.661580716329
2026-02-26 02:00:00+00:00,10953.98,11133.818500830967,10695.120002774966,11572.516998886967
2026-02-26 03:00:00+00:00,11315.05,11456.641041085753,11017.942543029752,11895.339539141754
2026-02-26 04:00:00+00:00,12109.73,11829.084906507853,11390.386408451852,12267.783404563856
2026-02-26 05:00:00+00:00,13302.88,12989.560052737761,12550.86155468176,13428.258550793762
2026-02-26 06:00:00+00:00,13890.58,14098.726406291042,13660.02790823504,14537.424904347043
2026-02-26 07:00:00+00:00,14082.88,14445.058109662314,14006.359611606313,14883.756607718315
2026-02-26 08:00:00+00:00,14305.7,14336.561320292314,13897.862822236313,14775.259818348315
2026-02-26 09:00:00+00:00,14503.0,14341.427869580788,13902.729371524785,14780.126367636789
2026-02-26 10:00:00+00:00,14314.05,13991.147884087502,13552.449386031501,14429.846382143503
2026-02-26 11:00:00+00:00,13953.65,13869.410110817238,13430.711612761237,14308.108608873239
2026-02-26 12:00:00+00:00,13328.68,13489.36755988843,13050.669061832428,13928.06605794443
2026-02-26 13:00:00+00:00,12973.38,13033.809265823873,12595.110767767872,13472.507763879874
2026-02-26 14:00:00+00:00,12814.8,12832.92496668058,12394.22646862458,13271.623464736582
2026-02-26 15:00:00+00:00,13145.2,13156.416337719638,12717.717839663637,13595.11483577564
2026-02-26 16:00:00+00:00,13620.45,13244.012178509096,12805.313680453095,13682.710676565097
2026-02-26 17:00:00+00:00,14173.68,13581.614058970536,13142.915560914535,14020.312557026537
2026-02-26 18:00:00+00:00,14116.4,13357.834289566275,12919.135791510274,13796.532787622276
2026-02-26 19:00:00+00:00,13410.7,12884.045280613313,12445.346782557312,13322.743778669314
2026-02-26 20:00:00+00:00,12595.4,12493.728488838517,12055.029990782516,12932.426986894518
2026-02-26 21:00:00+00:00,11862.55,11848.559898193376,11409.861400137375,12287.258396249377
2026-02-26 22:00:00+00:00,11211.68,11412.5197475849,10973.821249528899,11851.218245640901
2026-02-26 23:00:00+00:00,10721.5,10645.284393736361,10206.58589568036,11083.982891792362
2026-02-27 00:00:00+00:00,10511.4,10149.373211283622,9710.674713227621,10588.071709339623
2026-02-27 01:00:00+00:00,10578.2,10096.707743312412,9658.009245256411,10535.406241368413
2026-02-27 02:00:00+00:00,10550.53,10317.145913695182,9878.44741563918,10755.844411751183
2026-02-27 03:00:00+00:00,10929.05,10784.801777525478,10346.103279469477,11223.500275581478
2026-02-27 04:00:00+00:00,11546.53,11790.719714687848,11352.021216631847,12229.418212743849
2026-02-27 05:00:00+00:00,12875.3,12612.737474934096,12174.038976878095,13051.435972990097
2026-02-27 06:00:00+00:00,13738.3,13441.34274492468,13002.644246868678,13880.041242980682
2026-02-27 07:00:00+00:00,14229.23,13812.180413591765,13373.481915535764,14250.878911647764
2026-02-27 08:00:00+00:00,14407.78,13634.310514673827,13195.612016617826,14073.009012729828
2026-02-27 09:00:00+00:00,14525.75,13645.214511087383,13206.516013031382,14083.913009143384
2026-02-27 10:00:00+00:00,14416.75,13299.014238537045,12860.315740481044,13737.712736593046
2026-02-27 11:00:00+00:00,13646.15,12678.313027430724,12239.614529374723,13117.011525486725
2026-02-27 12:00:00+00:00,12958.68,12307.746194823429,11869.047696767428,12746.44469287943
2026-02-27 13:00:00+00:00,12398.53,12228.772714548933,11790.074216492932,12667.471212604934
2026-02-27 14:00:00+00:00,12448.25,12229.321141061033,11790.622643005032,12668.019639117034
2026-02-27 15:00:00+00:00,12609.2,12030.16339727834,11591.46489922234,12468.861895334341
2026-02-27 16:00:00+00:00,12779.05,11977.653424221911,11538.95492616591,12416.351922277912
2026-02-27 17:00:00+00:00,13351.43,12512.76501633325,12074.066518277248,12951.46351438925
2026-02-27 18:00:00+00:00,13066.9,12309.19091845971,11870.492420403709,12747.88941651571
2026-02-27 19:00:00+00:00,12224.5,11842.765088965007,11404.066590909006,12281.463587021008
2026-02-27 20:00:00+00:00,11500.23,11199.413266474077,10760.714768418076,11638.111764530078
2026-02-27 21:00:00+00:00,10743.63,10388.252758887927,9949.554260831927,10826.951256943928
2026-02-27 22:00:00+00:00,10146.79,9513.685378955428,9074.986880899427,9952.383877011429
2026-02-27 23:00:00+00:00,9602.2,8826.854463153259,8388.155965097258,9265.55296120926
