date,wind_offshore_tenn_actual,wind_offshore_tenn_fitted,wind_offshore_tenn_lower,wind_offshore_tenn_upper
2026-02-15 00:00:00+00:00,2749.53,3740.059364462192,2050.1180565576014,5432.167845309345
2026-02-15 01:00:00+00:00,3141.07,3981.206873547231,2293.1189732682587,5674.089135972228
2026-02-15 02:00:00+00:00,3426.0,4028.1978155370407,2342.8791436498773,5722.794337704079
2026-02-15 03:00:00+00:00,3503.44,3934.5643238266816,2252.0518288453395,5629.057094963322
2026-02-15 04:00:00+00:00,3517.4,3904.1719356973854,2217.4883178363325,5595.310802291235
2026-02-15 05:00:00+00:00,3662.51,3860.0506212659075,2176.0701309673705,5552.197234398958
2026-02-15 06:00:00+00:00,4120.8,4071.2854748419572,2386.5578252927135,5768.022823498979
2026-02-15 07:00:00+00:00,4625.87,4173.049368617222,2488.76484008259,5865.783956860831
2026-02-15 08:00:00+00:00,5297.35,4301.87214404014,2620.872202517507,5996.993101530035
2026-02-15 09:00:00+00:00,5713.07,4466.362610137773,2782.2652436458675,6164.468025200962
2026-02-15 10:00:00+00:00,6004.45,4667.7383265155895,2978.600552811156,6360.142863194587
2026-02-15 11:00:00+00:00,6171.0005,4585.923443427382,2901.486603405471,6278.118786340156
2026-02-15 12:00:00+00:00,6296.9805,4679.527012036338,3000.409129393934,6376.364872508631
2026-02-15 13:00:00+00:00,6353.7407,5028.444121499062,3343.9374580871827,6720.644667063031
2026-02-15 14:00:00+00:00,6398.36,4878.29361352692,3188.5472518565634,6569.382459303232
2026-02-15 15:00:00+00:00,6045.7,4788.291929901723,3093.7958293009933,6477.1893663583005
2026-02-15 16:00:00+00:00,5777.78,5052.055061450677,3360.004520425253,6741.7606286909095
2026-02-15 17:00:00+00:00,5333.66,5178.446922463612,3482.265442826604,6864.358742088196
2026-02-15 18:00:00+00:00,5480.3,5354.815886039194,3665.186902694848,7046.802903385854
2026-02-15 19:00:00+00:00,5570.41,5546.034832296934,3856.3519806101704,7239.349076721059
2026-02-15 20:00:00+00:00,6277.72,5575.199242582059,3885.4214131040435,7266.933786067729
2026-02-15 21:00:00+00:00,6368.26,5555.192889132153,3863.3916404643433,7244.490114804815
2026-02-15 22:00:00+00:00,6391.73,5665.503178034642,3976.775899491755,7356.493866641156
2026-02-15 23:00:00+00:00,6186.09,5544.769601351549,3854.7495543872346,7236.0584423159125
2026-02-16 00:00:00+00:00,6419.5303,5809.259063630287,4116.448954102277,7495.69963604049
2026-02-16 01:00:00+00:00,6352.08,5896.0727356165535,4209.820344616108,7587.948273636463
2026-02-16 02:00:00+00:00,6353.53,5737.861555125783,4045.7410215830378,7431.222838906169
2026-02-16 03:00:00+00:00,6480.54,5802.125028135492,4110.274428663525,7492.245808007891
2026-02-16 04:00:00+00:00,5772.14,5495.299696466074,3804.375426861182,7183.290606898814
2026-02-16 05:00:00+00:00,5954.4,5244.986347313943,3553.7479529399534,6936.06750770953
2026-02-16 06:00:00+00:00,5734.44,5414.72843584357,3723.7899129849116,7105.781642367036
2026-02-16 07:00:00+00:00,5161.33,5183.735040653428,3488.4781898916535,6871.333756208938
2026-02-16 08:00:00+00:00,4652.71,5019.466169872825,3325.181985485764,6709.806690325189
2026-02-16 09:00:00+00:00,4351.4,5036.475713683272,3344.543735996332,6726.3657670385055
2026-02-16 10:00:00+00:00,4063.21,4564.583324505071,2862.1647375593598,6252.401481133648
2026-02-16 11:00:00+00:00,2999.16,3707.333946934162,2007.6675332673133,5398.18730444788
2026-02-16 12:00:00+00:00,2310.12,3199.245992659379,1502.1143288120231,4897.914879596263
2026-02-16 13:00:00+00:00,1938.38,2992.1794737697555,1257.7721659036104,4691.633326373162
2026-02-16 14:00:00+00:00,1769.73,2545.4172682218577,821.9141899530559,4242.201413528102
2026-02-16 15:00:00+00:00,1670.68,1889.1122653501934,175.80291027645444,3593.4253515375217
2026-02-16 16:00:00+00:00,1675.05,1494.8450653661241,-203.1310331473137,3190.770742697145
2026-02-16 17:00:00+00:00,1741.37,1054.4660553896892,-643.0272243167037,2770.324592810424
2026-02-16 18:00:00+00:00,1616.57,1267.8122545132396,-430.9934119290142,2982.126564543922
2026-02-16 19:00:00+00:00,1614.3,2205.0367548187273,495.66162437628077,3924.3221150708714
2026-02-16 20:00:00+00:00,1452.66,3113.105347488158,1407.4511487142022,4822.6530910251895
2026-02-16 21:00:00+00:00,1337.36,2827.8362141384605,1114.2121800550835,4558.506333246953
2026-02-16 22:00:00+00:00,1176.02,1893.8217709611424,166.2124632109576,3584.6806054029166
2026-02-16 23:00:00+00:00,1251.62,1056.7622311681966,-656.1894480852775,2731.8878711954812
2026-02-17 00:00:00+00:00,1681.66,904.4346892541205,-800.9001438072037,2586.182233988461
2026-02-17 01:00:00+00:00,2129.48,1980.5548750260527,274.1113623384549,3668.5919422571064
2026-02-17 02:00:00+00:00,2244.3,2444.999098908461,755.2020972849832,4131.066943969227
2026-02-17 03:00:00+00:00,2612.08,2733.284469332841,1032.5915364501816,4414.437312179224
2026-02-17 04:00:00+00:00,2837.93,2400.3283277409914,702.808987691757,4084.5197537653166
2026-02-17 05:00:00+00:00,3011.21,2544.9860909067766,846.7458575107798,4240.226531349937
2026-02-17 06:00:00+00:00,2860.32,2085.8838665684816,385.9757993744822,3788.2523940756973
2026-02-17 07:00:00+00:00,2832.75,2738.509263779785,1034.6030424619921,4440.563995442195
2026-02-17 08:00:00+00:00,2324.6,2528.14599966817,825.0999000908064,4221.301637449079
2026-02-17 09:00:00+00:00,1683.12,2411.473555742068,713.9620716310324,4102.845052004703
2026-02-17 10:00:00+00:00,1101.2,1374.8762827480837,-319.00508427593286,3067.2429761117182
2026-02-17 11:00:00+00:00,921.3901,674.1200392186747,-1018.240310998417,2365.481072760879
2026-02-17 12:00:00+00:00,1417.8899,1061.5781211623735,-635.2391068561374,2747.465401597
2026-02-17 13:00:00+00:00,2347.76,1406.0405553710111,-292.7410035538819,3095.7220680874884
2026-02-17 14:00:00+00:00,2964.41,1794.1178013930771,113.35982000116564,3492.080151834678
2026-02-17 15:00:00+00:00,2413.77,1453.4803228022593,-214.12202417545132,3173.6699280284392
2026-02-17 16:00:00+00:00,1777.81,1042.4353112381089,-649.6856557378078,2742.062384337458
2026-02-17 17:00:00+00:00,2277.16,1051.4605669766622,-644.2483617356193,2741.321084009815
2026-02-17 18:00:00+00:00,3256.17,2850.694810160535,1162.9513139686817,4557.3055301034965
2026-02-17 19:00:00+00:00,4442.74,4445.135054245396,2755.737413676263,6140.898737738411
2026-02-17 20:00:00+00:00,5303.88,3762.6042626174426,2062.7531677303355,5464.196948464638
2026-02-17 21:00:00+00:00,5107.39,4158.589857788852,2463.8452476561174,5857.525645351045
2026-02-17 22:00:00+00:00,4472.43,3833.949682308872,2147.3214519177463,5528.262182493702
2026-02-17 23:00:00+00:00,3648.4,3701.3153247647015,2015.2763584984991,5395.614006665389
2026-02-18 00:00:00+00:00,2817.74,3357.7573162970743,1672.4072839756159,5051.479356854914
2026-02-18 01:00:00+00:00,1935.11,2916.944082263456,1220.966495090918,4610.35753966011
2026-02-18 02:00:00+00:00,1356.19,2358.5296474925667,661.4250013257192,4038.879874500688
2026-02-18 03:00:00+00:00,969.05,1982.3693032116878,282.65342503568627,3659.722144844013
2026-02-18 04:00:00+00:00,741.88007,1801.7034928620064,111.18921369415102,3493.9778272814337
2026-02-18 05:00:00+00:00,455.9401,1470.548385505638,-220.19929133040569,3162.327707301791
2026-02-18 06:00:00+00:00,155.30008,772.342915612264,-922.6105650931559,2467.03145541433
2026-02-18 07:00:00+00:00,50.310093,569.0967223398022,-1127.6972448723259,2255.206785573128
2026-02-18 08:00:00+00:00,24.5701,479.61961465665104,-1210.4419561371797,2167.8509549295304
2026-02-18 09:00:00+00:00,87.25003,278.86958179675776,-1413.836065101515,1963.5835642882157
2026-02-18 10:00:00+00:00,163.14993,550.6787537324378,-1140.0075262745777,2238.472604885936
2026-02-18 11:00:00+00:00,248.31009,942.6456082294142,-756.3897124088166,2624.778119921311
2026-02-18 12:00:00+00:00,394.29007,1588.3385878394429,-106.36409574742993,3274.7075705264006
2026-02-18 13:00:00+00:00,688.92,2054.758362176977,361.3257976099205,3739.993563013896
2026-02-18 14:00:00+00:00,942.04,2379.8638864275304,687.5580532029564,4066.469687792819
2026-02-18 15:00:00+00:00,1351.93,2611.4470573107237,919.6058353082803,4299.418182606351
2026-02-18 16:00:00+00:00,2120.68,3113.8704108389993,1422.0626610258619,4801.919366762149
2026-02-18 17:00:00+00:00,3504.6,3480.507316210874,1790.6168907719155,5170.729221003767
2026-02-18 18:00:00+00:00,4580.35,4247.410430162924,2556.4828962965603,5935.206945301338
2026-02-18 19:00:00+00:00,5422.19,4660.916970928878,2969.4040446546483,6352.101131896444
2026-02-18 20:00:00+00:00,5748.46,4909.85931797308,3221.582058113108,6601.646976140564
2026-02-18 21:00:00+00:00,5937.87,5163.473276941862,3479.676801912544,6857.013757087863
2026-02-18 22:00:00+00:00,6116.8,5084.408334943163,3394.964919267593,6773.8589224094185
2026-02-18 23:00:00+00:00,6037.57,5071.08754563589,3384.8836722249216,6761.814922358284
2026-02-19 00:00:00+00:00,6119.6704,5405.882333593085,3716.8392347683935,7094.854107730315
2026-02-19 01:00:00+00:00,6352.4707,5290.949666923081,3603.7532795963252,6980.7133758355
2026-02-19 02:00:00+00:00,6415.66,5402.940566586768,3708.93835683042,7088.124851540808
2026-02-19 03:00:00+00:00,6421.99,5314.312322765751,3626.9780075199797,7004.18425936407
2026-02-19 04:00:00+00:00,6471.55,5237.457799374717,3543.046657449388,6922.312687919356
2026-02-19 05:00:00+00:00,6536.59,5243.976264410925,3549.8426734237523,6932.387398287401
2026-02-19 06:00:00+00:00,6500.98,5490.906966473065,3796.886612318035,7176.401407636663
2026-02-19 07:00:00+00:00,6547.82,5460.634364581158,3765.4832208269013,7142.696282837955
2026-02-19 08:00:00+00:00,6577.98,5422.420257328453,3726.021708556399,7103.32704778688
2026-02-19 09:00:00+00:00,6549.43,5278.4912873015055,3587.3519201919726,6962.011783813139
2026-02-19 10:00:00+00:00,6479.16,5166.259468162554,3472.462537614567,6852.230316170135
2026-02-19 11:00:00+00:00,6106.0,5034.296507537135,3339.0663086903496,6720.659540810876
2026-02-19 12:00:00+00:00,6365.78,5026.041238485683,3333.606306796685,6707.7426977897285
2026-02-19 13:00:00+00:00,6384.17,5078.504052197795,3389.494565235888,6765.578893245497
2026-02-19 14:00:00+00:00,6301.51,4961.229124907668,3272.778509756955,6651.609791934766
2026-02-19 15:00:00+00:00,6298.45,4952.7883134653375,3258.8553195914014,6636.680814759541
2026-02-19 16:00:00+00:00,6383.34,5039.64885271934,3343.349366224317,6725.026304141085
2026-02-19 17:00:00+00:00,6470.8706,5119.943641600988,3425.366326363329,6807.462332083436
2026-02-19 18:00:00+00:00,6514.92,5242.310572717159,3550.0307515358877,6930.628021785674
2026-02-19 19:00:00+00:00,6437.78,5279.496596128377,3584.740224173558,6965.879881706916
2026-02-19 20:00:00+00:00,6403.43,5289.782820717832,3600.235987852061,6978.45944073527
2026-02-19 21:00:00+00:00,6445.39,5345.345993717399,3655.44601985558,7032.854482770604
2026-02-19 22:00:00+00:00,6456.82,5253.767294447838,3565.945472952605,6945.327623846597
2026-02-19 23:00:00+00:00,6592.54,4974.144934303595,3282.954022334826,6660.780859399278
2026-02-20 00:00:00+00:00,6598.5,4827.4227313628635,3139.030337653182,6517.530356851127
2026-02-20 01:00:00+00:00,6593.86,4996.11570983248,3312.5971218469285,6690.022610361545
2026-02-20 02:00:00+00:00,6598.39,4573.151806708266,2883.989286647767,6263.772655291408
2026-02-20 03:00:00+00:00,6427.3,4786.512050600939,3097.6088163737963,6479.058618154081
2026-02-20 04:00:00+00:00,6294.98,4780.527001034001,3091.814394408436,6470.9225050611885
2026-02-20 05:00:00+00:00,6001.21,4832.200173362695,3143.9712977240442,6521.264204179022
2026-02-20 06:00:00+00:00,5673.57,4668.880508990267,2975.2329462859316,6356.867432622163
2026-02-20 07:00:00+00:00,5261.7,4747.457874559465,3056.7824267715655,6436.9420582474995
2026-02-20 08:00:00+00:00,5523.84,4698.987115827785,3005.2251450886765,6387.118453484777
2026-02-20 09:00:00+00:00,5616.17,4554.904939080118,2862.5889831684694,6244.814666263859
2026-02-20 10:00:00+00:00,5487.45,4521.528115300914,2830.2130816890103,6214.162077063444
2026-02-20 11:00:00+00:00,5447.76,4504.110001426926,2808.66308508566,6194.9430054974155
2026-02-20 12:00:00+00:00,5351.26,4337.427427734136,2642.3209265922465,6036.447450100364
2026-02-20 13:00:00+00:00,5248.54,4120.275792482298,2423.7495645653253,5803.20500922174
2026-02-20 14:00:00+00:00,5533.11,3980.9502635051604,2291.7888349539057,5670.524783827419
2026-02-20 15:00:00+00:00,5825.31,3991.5568320492066,2299.8928361461176,5682.765294613859
2026-02-20 16:00:00+00:00,6086.47,4353.93859978636,2659.614156625555,6041.868734275551
2026-02-20 17:00:00+00:00,6137.83,4549.210421430587,2856.70288120141,6239.152122085703
2026-02-20 18:00:00+00:00,6140.79,4654.4963695501265,2968.728070028258,6347.636976429256
2026-02-20 19:00:00+00:00,6197.8906,4690.760410757972,2998.1822151846686,6378.8961860902355
2026-02-20 20:00:00+00:00,6377.7,4631.052637884925,2936.950875020655,6320.512970978607
2026-02-20 21:00:00+00:00,6287.26,4916.653007744132,3224.109669504916,6605.296591831126
2026-02-20 22:00:00+00:00,6042.67,4608.946274255481,2911.906090428933,6298.557669259047
2026-02-20 23:00:00+00:00,5672.22,4239.834415948255,2544.9571417144152,5927.00834260113
2026-02-21 00:00:00+00:00,5875.87,3738.601101867597,2044.6209164016277,5422.243600541378
2026-02-21 01:00:00+00:00,5881.65,3857.6273252745023,2166.379450179838,5548.656138703889
2026-02-21 02:00:00+00:00,6040.2,4073.2910936901953,2389.825665800217,5768.417309887671
2026-02-21 03:00:00+00:00,5956.62,3983.9211558802153,2300.9576392645845,5680.130537615287
2026-02-21 04:00:00+00:00,6259.3804,4005.7715002294744,2316.92069726893,5697.549614629092
2026-02-21 05:00:00+00:00,5970.94,3796.4816313152933,2104.4764772194103,5486.648640460794
2026-02-21 06:00:00+00:00,6120.88,3803.1910390736266,2107.914846132678,5491.731829154547
2026-02-21 07:00:00+00:00,6333.9,3850.127938874241,2160.4046436339595,5540.63660728863
2026-02-21 08:00:00+00:00,6457.73,3880.496746481745,2193.4113837164787,5575.22063255556
2026-02-21 09:00:00+00:00,6443.13,3821.9795488447235,2129.8986022252575,5512.363979954632
2026-02-21 10:00:00+00:00,6352.84,3694.7830303172095,2001.655645152175,5383.378790082725
2026-02-21 11:00:00+00:00,6296.78,3737.7067445769408,2047.248948855933,5430.501865127623
2026-02-21 12:00:00+00:00,6093.79,3218.5046134238287,1524.9949643470513,4902.073573947662
2026-02-21 13:00:00+00:00,5615.49,3294.330633342881,1602.1298616383374,4984.238674342378
2026-02-21 14:00:00+00:00,5088.59,3270.3069896183497,1579.9014923908637,4962.470297908042
2026-02-21 15:00:00+00:00,3907.25,3278.100368964968,1584.1212664322038,4966.18969770315
2026-02-21 16:00:00+00:00,2711.34,3044.7951717865503,1350.4090429912403,4731.371151029915
2026-02-21 17:00:00+00:00,2098.32,2699.5030620513476,1008.9544959616771,4388.220526431644
2026-02-21 18:00:00+00:00,1601.74,2487.932805658308,793.3084936094549,4171.732488762933
2026-02-21 19:00:00+00:00,1870.42,2491.532564143073,798.7544871256077,4178.693431350424
2026-02-21 20:00:00+00:00,2660.84,2532.248244581828,837.2741310120916,4217.810137316434
2026-02-21 21:00:00+00:00,2765.66,2252.1970020204044,556.0157371856938,3937.9125760086063
2026-02-21 22:00:00+00:00,2183.87,2855.645389984988,1166.5046752852968,4546.272453840864
2026-02-21 23:00:00+00:00,3305.37,3286.716648260985,1597.356388948315,4976.308852694445
2026-02-22 00:00:00+00:00,3520.15,3887.3081212249926,2191.381816715348,5586.884806928587
2026-02-22 01:00:00+00:00,4167.05,3737.941353403169,2048.799548880248,5424.143496326752
2026-02-22 02:00:00+00:00,5327.47,3955.7493579838174,2262.725684906992,5645.837409641395
2026-02-22 03:00:00+00:00,5930.6,3735.271765101541,2048.622971935841,5423.937515046211
2026-02-22 04:00:00+00:00,6279.91,3845.681754077348,2157.8065914286262,5537.216652125566
2026-02-22 05:00:00+00:00,6509.36,3836.933328894022,2149.240050726086,5525.560361623717
2026-02-22 06:00:00+00:00,6331.01,3621.57574593605,1936.4405255373626,5310.083358339292
2026-02-22 07:00:00+00:00,6099.2603,3506.1797417548887,1821.4736580148124,5200.746061795739
2026-02-22 08:00:00+00:00,5960.71,3333.712251463954,1645.4601275014797,5026.534060256779
2026-02-22 09:00:00+00:00,5294.43,3438.7564610356785,1745.2647888552874,5124.82546630231
2026-02-22 10:00:00+00:00,5048.56,3517.7553619654973,1827.4370888032622,5203.8932294164215
2026-02-22 11:00:00+00:00,5372.88,3778.1051376115547,2092.6917574227814,5470.978896567691
2026-02-22 12:00:00+00:00,6117.95,3932.898939195813,2246.6323756306174,5621.865574299164
2026-02-22 13:00:00+00:00,6412.01,3854.9631871663278,2167.8646320923804,5544.420692185371
2026-02-22 14:00:00+00:00,6359.51,3663.3542062382626,1973.8250446233562,5355.204445709769
2026-02-22 15:00:00+00:00,6256.79,3635.08959850328,1948.1334674437123,5323.703098823209
2026-02-22 16:00:00+00:00,5683.89,3582.2137787501442,1897.0006798516176,5269.761782131209
2026-02-22 17:00:00+00:00,4911.4,3521.542509803075,1837.7901613344097,5207.814977593565
2026-02-22 18:00:00+00:00,5020.01,3258.5281059090107,1574.333367664441,4943.643240306739
2026-02-22 19:00:00+00:00,5133.14,3683.467669155644,2000.7854702944098,5371.581823302995
2026-02-22 20:00:00+00:00,5277.93,3846.7158172140753,2152.294669506579,5533.303032446891
2026-02-22 21:00:00+00:00,5587.87,3645.3879730870367,1955.6928021180247,5344.435914633972
2026-02-22 22:00:00+00:00,5694.73,3773.578039228928,2084.403902264885,5464.404556969455
2026-02-22 23:00:00+00:00,5553.73,3797.164314335213,2108.551209864513,5487.73638585082
2026-02-23 00:00:00+00:00,5793.82,3922.6871727623156,2234.9555245521397,5620.033277953531
2026-02-23 01:00:00+00:00,5925.33,4253.55379583734,2563.018769221895,5946.404135509766
2026-02-23 02:00:00+00:00,5885.08,4334.578075713978,2649.528588327349,6017.79919719758
2026-02-23 03:00:00+00:00,5919.73,4284.102992933421,2599.910673619333,5975.400362033204
2026-02-23 04:00:00+00:00,6048.63,4241.103645044724,2559.1249416289324,5933.676326127396
2026-02-23 05:00:00+00:00,5979.68,4112.061363551957,2429.493784331698,5803.876960738275
2026-02-23 06:00:00+00:00,5808.97,4044.5371246619156,2357.8572548743464,5732.729233265165
2026-02-23 07:00:00+00:00,5852.95,3929.2734815455074,2245.9510276754477,5619.822531766105
2026-02-23 08:00:00+00:00,5859.46,4172.769565007284,2484.1584263404648,5870.425865206981
2026-02-23 09:00:00+00:00,5765.23,4169.486966722661,2477.03982841782,5861.50786520306
2026-02-23 10:00:00+00:00,5600.08,4143.216375520291,2454.6554420847046,5830.253784106675
2026-02-23 11:00:00+00:00,5641.83,4270.379144201392,2577.5667164262027,5966.11476614367
2026-02-23 12:00:00+00:00,5680.51,4106.354607746666,2423.0958873058385,5795.9164702036105
2026-02-23 13:00:00+00:00,5807.83,4103.847132338502,2412.029255655421,5792.956761875829
2026-02-23 14:00:00+00:00,5959.89,4138.6075189772055,2450.940676876238,5828.36080815523
2026-02-23 15:00:00+00:00,5953.95,4154.982781358525,2473.305555872982,5848.393717211044
2026-02-23 16:00:00+00:00,5921.72,3953.1941665308777,2264.932290524704,5634.11068634111
2026-02-23 17:00:00+00:00,5953.79,3858.924558517018,2175.45395171442,5555.38002820124
2026-02-23 18:00:00+00:00,5997.62,3950.358196833513,2259.1517387741555,5636.151974204508
2026-02-23 19:00:00+00:00,5942.13,3866.8960870009264,2181.747021679383,5561.329562114313
2026-02-23 20:00:00+00:00,5756.76,3670.3795848731834,1982.6003015786555,5356.013383904803
2026-02-23 21:00:00+00:00,5439.97,3377.331198043257,1689.1331992304458,5060.639402656479
2026-02-23 22:00:00+00:00,4844.78,3262.7945875399423,1576.6859876052447,4947.473020019535
2026-02-23 23:00:00+00:00,3618.75,3180.5933955872756,1498.5695932826711,4866.435997696766
2026-02-24 00:00:00+00:00,2464.35,2487.573520000941,794.4859285216828,4169.915464107491
2026-02-24 01:00:00+00:00,1641.65,2101.3548782166595,412.6220534813799,3789.93345619491
2026-02-24 02:00:00+00:00,948.24005,1876.8904592559531,185.09048075754208,3562.1918579871917
2026-02-24 03:00:00+00:00,513.03986,1373.596635132984,-319.1573262126635,3061.0288116373963
2026-02-24 04:00:00+00:00,220.95999,966.1361520107209,-725.3764407119866,2648.2088851991607
2026-02-24 05:00:00+00:00,25.419954,744.1073603444775,-956.4159353760529,2426.010139421086
2026-02-24 06:00:00+00:00,0.08011058,-91.40582476081227,-1786.70747426887,1594.5250017739174
2026-02-24 07:00:00+00:00,4.220003,-111.24225067029238,-1810.9983693384074,1574.4124388998953
2026-02-24 08:00:00+00:00,13.409945,-55.97922399592835,-1756.7055735458562,1627.1329938346996
2026-02-24 09:00:00+00:00,200.48001,-308.92818227614316,-2010.9956603263681,1377.2612251641033
2026-02-24 10:00:00+00:00,366.31998,440.1616803273123,-1260.5717126491663,2119.3194053117513
2026-02-24 11:00:00+00:00,708.1401,1078.494514047986,-618.3575609060881,2756.140171189356
2026-02-24 12:00:00+00:00,937.00006,1563.1799756940604,-131.64902094985518,3245.823125044426
2026-02-24 13:00:00+00:00,951.55,2008.8496466083798,314.12011992217276,3690.227184522946
2026-02-24 14:00:00+00:00,910.3,2049.2671572156787,356.3943870625112,3736.924650945536
2026-02-24 15:00:00+00:00,1081.31,2083.868854121649,390.56468906019927,3769.0964930248565
2026-02-24 16:00:00+00:00,1421.44,2438.614496410085,746.3222539283233,4122.599418190523
2026-02-24 17:00:00+00:00,1685.77,2701.7033677811464,1008.1226559052766,4385.179747516362
2026-02-24 18:00:00+00:00,1904.22,3011.1569814261134,1319.7511535571748,4695.9331270951025
2026-02-24 19:00:00+00:00,2437.6,3383.885420085821,1692.24429394021,5065.813483896634
2026-02-24 20:00:00+00:00,2864.79,3429.5043679480877,1740.355839918203,5117.09487243408
2026-02-24 21:00:00+00:00,2942.3,3568.6963829629003,1881.2769538018915,5251.76651265701
2026-02-24 22:00:00+00:00,2904.01,3389.561733064841,1699.836673689224,5077.137564320447
2026-02-24 23:00:00+00:00,2896.89,3465.136988061684,1773.3119726794298,5145.301966299942
2026-02-25 00:00:00+00:00,2924.21,3252.206016937648,1558.1288370273708,4940.2603148281
2026-02-25 01:00:00+00:00,3142.93,3248.203945067566,1557.4385088695499,4936.6340320901345
2026-02-25 02:00:00+00:00,3093.38,3335.3094250944955,1648.322792004585,5024.199434034459
2026-02-25 03:00:00+00:00,2752.51,3281.2196329628896,1594.6525077885917,4970.521043611745
2026-02-25 04:00:00+00:00,2606.48,3262.233309149402,1576.672958890315,4949.449520180939
2026-02-25 05:00:00+00:00,2878.64,2950.0856323515177,1260.2478322437241,4642.234713096786
2026-02-25 06:00:00+00:00,2989.7,2870.174475359331,1182.692680597447,4560.546369377493
2026-02-25 07:00:00+00:00,2974.16,3116.6913025872227,1433.354271858669,4800.59883740217
2026-02-25 08:00:00+00:00,3164.21,3301.644849493442,1617.4986030553828,4991.603704906749
2026-02-25 09:00:00+00:00,3302.15,3266.786946743527,1581.0835109245586,4954.453829311698
2026-02-25 10:00:00+00:00,3371.91,3194.5899961943683,1510.4640872492364,4883.343120304575
2026-02-25 11:00:00+00:00,3550.25,3374.0589413203434,1689.9784041356322,5059.297128214963
2026-02-25 12:00:00+00:00,3559.85,3212.721536853011,1524.7789544394773,4897.8365831546735
2026-02-25 13:00:00+00:00,3565.84,3228.1345251382386,1542.0545611897744,4910.770445407482
2026-02-25 14:00:00+00:00,3723.63,3328.5292056945123,1642.046641246874,5012.10956959316
2026-02-25 15:00:00+00:00,3891.1,3173.984027726496,1484.0011157572071,4855.293629404998
2026-02-25 16:00:00+00:00,3972.15,3151.407374231676,1464.5138152702837,4840.586561480204
2026-02-25 17:00:00+00:00,4352.76,3469.0263700692026,1785.662927437997,5158.305029135765
2026-02-25 18:00:00+00:00,5000.14,3739.366625453692,2053.884077269478,5423.913741681485
2026-02-25 19:00:00+00:00,5661.69,3849.9043949484335,2165.2628558997444,5536.90498575797
2026-02-25 20:00:00+00:00,5625.6,3780.6326480115613,2097.990247841997,5471.704985475353
2026-02-25 21:00:00+00:00,5099.07,3730.540967740092,2040.7665371572518,5414.011208287272
2026-02-25 22:00:00+00:00,5057.15,3478.826468874484,1796.1955703123367,5168.852339619454
2026-02-25 23:00:00+00:00,5393.27,3512.519914891812,1828.7312607161973,5196.9568577502505
2026-02-26 00:00:00+00:00,5393.27,3708.273587050513,2022.5880778256349,5400.722672704749
2026-02-26 01:00:00+00:00,5581.04,3739.1587029255743,2054.688440687289,5432.85170234553
2026-02-26 02:00:00+00:00,5271.08,3775.512227290702,2093.265279262597,5467.011512498195
2026-02-26 03:00:00+00:00,5387.5,3852.067027029674,2170.710352938141,5541.770082824151
2026-02-26 04:00:00+00:00,4217.66,3881.0572890739845,2198.329611543852,5569.524935809244
2026-02-26 05:00:00+00:00,4027.43,3956.719077616846,2266.6450558001566,5647.191424431745
2026-02-26 06:00:00+00:00,4460.99,3691.6522371303213,2005.3751001857854,5382.531268529379
2026-02-26 07:00:00+00:00,5149.37,3596.2823686531315,1914.2523267940112,5288.334904098261
2026-02-26 08:00:00+00:00,5683.11,3570.8001106770375,1887.4967059126848,5258.747558864234
2026-02-26 09:00:00+00:00,5593.74,3555.9601566315528,1873.4805009540578,5245.345723695302
2026-02-26 10:00:00+00:00,5255.34,3520.4384976627407,1836.5773946401673,5213.337929097695
2026-02-26 11:00:00+00:00,4978.28,3615.6408461239553,1934.2557351750538,5308.210810949418
2026-02-26 12:00:00+00:00,4677.09,3739.3798647826343,2057.8317149838235,5429.21342998719
2026-02-26 13:00:00+00:00,5137.64,3944.796150734749,2260.043493797594,5631.290933805936
2026-02-26 14:00:00+00:00,6012.35,4103.258860774538,2414.4864583153762,5800.210834011561
2026-02-26 15:00:00+00:00,5708.97,4064.828242907234,2378.7043940506123,5752.197335060795
2026-02-26 16:00:00+00:00,5286.22,4294.5667830950315,2606.4246169271623,5982.056421853093
2026-02-26 17:00:00+00:00,4831.02,4381.696369555522,2693.761579209113,6071.599620034474
2026-02-26 18:00:00+00:00,5092.79,4244.08444335113,2559.0283575053127,5934.340915365174
2026-02-26 19:00:00+00:00,5191.14,4475.153300374082,2783.724248776335,6166.8585868880145
2026-02-26 20:00:00+00:00,5107.16,4329.163439313568,2632.2154718504917,6029.807109803931
2026-02-26 21:00:00+00:00,4999.92,4548.72992578244,2853.210452707976,6242.16190021552
2026-02-26 22:00:00+00:00,5313.38,4392.513656387498,2704.994802590541,6081.281106437721
2026-02-26 23:00:00+00:00,5386.68,4578.432229155806,2888.6922110324667,6268.762624194262
2026-02-27 00:00:00+00:00,5650.63,4527.854521411077,2838.6761217169083,6210.54821697747
2026-02-27 01:00:00+00:00,5627.94,4394.9113660304365,2706.2557025647266,6080.382792534883
2026-02-27 02:00:00+00:00,5671.59,4282.947515903653,2599.809966600261,5972.196723137144
2026-02-27 03:00:00+00:00,5653.45,4313.160710539693,2630.1640521537397,6002.152983227335
2026-02-27 04:00:00+00:00,5421.71,4281.112716058249,2594.561485021401,5971.602370099352
2026-02-27 05:00:00+00:00,5096.54,4038.0431404620813,2357.7762523679958,5727.695595484929
2026-02-27 06:00:00+00:00,4615.63,3986.778672878024,2300.9336374285454,5675.164655424416
2026-02-27 07:00:00+00:00,5612.19,3989.2913843301476,2299.4967955667457,5682.103421367507
2026-02-27 08:00:00+00:00,5629.6,3803.3523942768115,2120.2278328751645,5496.0766340639175
2026-02-27 09:00:00+00:00,5294.21,3780.3564140915587,2099.4691967094245,5470.089874666877
2026-02-27 10:00:00+00:00,4637.81,3599.477198653652,1914.9360145139424,5289.143340582515
2026-02-27 11:00:00+00:00,4217.15,3457.327442480412,1774.4880376751335,5144.240395567424
2026-02-27 12:00:00+00:00,3735.64,3396.9556146572504,1712.752142602039,5082.549065252874
2026-02-27 13:00:00+00:00,4330.46,3396.8849752845954,1711.841363650638,5080.648012854061
2026-02-27 14:00:00+00:00,4655.86,3458.333137657317,1774.7591534597498,5141.297231383855
2026-02-27 15:00:00+00:00,4280.97,3201.5733138120886,1515.030657343344,4888.337099637547
2026-02-27 16:00:00+00:00,3637.84,3080.0135471125564,1391.8892541319153,4768.150493109306
2026-02-27 17:00:00+00:00,3439.16,2891.102167205337,1202.6009233607688,4580.391725107833
2026-02-27 18:00:00+00:00,3268.22,2992.0781490696318,1304.6231470891225,4679.164260958765
2026-02-27 19:00:00+00:00,3251.53,2636.00373086792,948.8218989414033,4323.0159467195035
2026-02-27 20:00:00+00:00,3246.17,2471.92354563291,784.5567108761488,4156.188587296849
2026-02-27 21:00:00+00:00,3305.43,2852.638155263207,1162.8700949594559,4534.473825023117
2026-02-27 22:00:00+00:00,3647.07,3081.1986058732973,1389.7369798317227,4766.201743054942
2026-02-27 23:00:00+00:00,3749.2,3166.1475566221225,1476.1860646350815,4849.986742547082
2026-02-28 00:00:00+00:00,3573.51,2604.0796530612956,911.8489579106674,4292.474372541696
2026-02-28 01:00:00+00:00,2897.99,2706.269498166546,1015.3859859349968,4395.7722403082535
2026-02-28 02:00:00+00:00,2613.82,2823.4981273940634,1132.0486026641197,4517.527703456539
2026-02-28 03:00:00+00:00,3166.92,3020.871768301345,1335.3343680609223,4708.678280531125
2026-02-28 04:00:00+00:00,3237.56,2981.251967184663,1286.0915572992724,4666.162220865831
2026-02-28 05:00:00+00:00,3212.14,2888.8291776555975,1196.5449402426455,4570.582110913329
2026-02-28 06:00:00+00:00,3711.21,3072.442693852217,1383.6167235161993,4757.26082031477
2026-02-28 07:00:00+00:00,4072.78,3041.2746088920076,1354.9318641704185,4724.043511767858
2026-02-28 08:00:00+00:00,4303.82,3003.1830596778905,1320.5484072426111,4688.728809735167
2026-02-28 09:00:00+00:00,4027.08,3098.9079803490063,1412.8507661129938,4787.083716352901
2026-02-28 10:00:00+00:00,4174.49,3120.5806266760965,1437.6192012176407,4805.287908208846
2026-02-28 11:00:00+00:00,4225.17,3187.0954240877722,1500.3947658281459,4871.695361270832
2026-02-28 12:00:00+00:00,4133.32,3191.332440168924,1507.9608361479077,4885.559074770044
2026-02-28 13:00:00+00:00,4216.26,3337.2372944047042,1651.7959232701587,5024.699380078853
2026-02-28 14:00:00+00:00,4410.78,3333.391366897885,1647.9157210655549,5020.1981976597435
2026-02-28 15:00:00+00:00,5283.39,3078.119366890432,1385.7204627357019,4773.943702744629
2026-02-28 16:00:00+00:00,5754.97,3694.2667801619195,1988.4670382798704,5395.0807632276
2026-02-28 17:00:00+00:00,5896.15,3527.058135655494,1836.1411589394866,5220.539689771169
2026-02-28 18:00:00+00:00,5877.06,4078.773511307781,2373.659825155239,5769.220027914011
2026-02-28 19:00:00+00:00,5881.09,3753.257014804609,2068.137808798228,5453.559962227995
2026-02-28 20:00:00+00:00,5916.69,4220.658274170761,2532.251238471178,5913.608031272783
2026-02-28 21:00:00+00:00,5800.08,4347.03233983561,2656.312298638606,6054.099503081161
2026-02-28 22:00:00+00:00,5686.39,4065.869696439969,2375.552649506214,5755.65025414845
2026-02-28 23:00:00+00:00,5668.8,3939.3216219264546,2252.5690390983964,5636.050392289634
2026-03-01 00:00:00+00:00,5053.82,4081.048195809899,2375.4791434600543,5784.305378902684
2026-03-01 01:00:00+00:00,4009.68,3862.731719933527,2165.802133625915,5569.3668436229445
2026-03-01 02:00:00+00:00,3203.8,3268.5157934013864,1567.553429962502,4968.78398856939
2026-03-01 03:00:00+00:00,3354.59,3161.8766852794533,1468.3757979363245,4870.106401486329
2026-03-01 04:00:00+00:00,4167.74,3250.1274926213787,1549.355377717833,4953.573385347502
2026-03-01 05:00:00+00:00,4030.92,2902.477347497353,1201.1393683000858,4607.486001366742
2026-03-01 06:00:00+00:00,3915.99,3027.634882292315,1328.4431161884497,4726.163601885197
2026-03-01 07:00:00+00:00,3823.46,3283.875339916507,1582.195215189301,4989.74051976165
2026-03-01 08:00:00+00:00,3331.15,3129.3896896475007,1429.2160382813922,4837.327361771408
2026-03-01 09:00:00+00:00,3787.33,3322.9562488881725,1628.075099919928,5032.020819027577
2026-03-01 10:00:00+00:00,3720.54,3556.7311618942404,1860.4985287753702,5258.543143987202
2026-03-01 11:00:00+00:00,3615.87,3582.7018394038764,1889.877131267474,5291.4619171877985
2026-03-01 12:00:00+00:00,3968.87,3526.5037591466635,1830.1535559794584,5235.119581931484
2026-03-01 13:00:00+00:00,4134.13,3613.167127410493,1919.4972305529632,5320.878662750124
2026-03-01 14:00:00+00:00,4860.62,3525.295368391936,1829.6282558253665,5234.760759623412
2026-03-01 15:00:00+00:00,5322.24,3509.874429847237,1818.1954529628047,5221.8189446277665
2026-03-01 16:00:00+00:00,4740.22,3668.712210407043,1979.800239174633,5378.159702697552
2026-03-01 17:00:00+00:00,4308.73,3862.339466693242,2171.7473481522206,5571.766553807263
2026-03-01 18:00:00+00:00,4704.38,3742.4981971324323,2048.0622228310203,5448.819827624999
2026-03-01 19:00:00+00:00,5202.02,3769.8439351579405,2071.3656044016443,5474.966053546366
2026-03-01 20:00:00+00:00,5663.35,4158.249985882681,2463.6172350567367,5869.247394615468
2026-03-01 21:00:00+00:00,6108.53,4581.619530804152,2886.851856865894,6288.267034641069
2026-03-01 22:00:00+00:00,6438.31,4566.319899489907,2869.7559440007008,6271.5726844780065
2026-03-01 23:00:00+00:00,6445.02,4438.939438768379,2743.723767041514,6143.154268375294
2026-03-02 00:00:00+00:00,6359.9,4614.8311995222075,2919.5002041041676,6317.553035849147
2026-03-02 01:00:00+00:00,6293.4106,4442.305202324747,2740.623616577865,6146.0053411873805
2026-03-02 02:00:00+00:00,6067.65,4121.454817051758,2422.2262346853668,5826.748769750656
2026-03-02 03:00:00+00:00,5988.27,4000.2647049650363,2305.1271132167562,5705.720148411818
2026-03-02 04:00:00+00:00,5446.84,3833.4028035690335,2136.333437199774,5537.172960753033
2026-03-02 05:00:00+00:00,5436.87,3740.787944446003,2036.1972982850905,5444.158721464747
2026-03-02 06:00:00+00:00,5152.94,3727.463430631365,2024.857225534339,5430.4741709917
2026-03-02 07:00:00+00:00,5284.04,3843.830712853402,2147.081733003355,5550.516187276409
2026-03-02 08:00:00+00:00,5294.07,3898.2804370767853,2199.5455957181825,5600.822709673683
2026-03-02 09:00:00+00:00,5165.98,3856.224868930087,2157.6813978763666,5563.051384079574
2026-03-02 10:00:00+00:00,4808.95,3789.6631633187417,2089.915408964953,5493.7198342480515
2026-03-02 11:00:00+00:00,4154.87,3726.984444970647,2026.8661709136327,5428.693695039085
2026-03-02 12:00:00+00:00,3964.79,3553.124020299093,1847.150332422942,5254.560732062337
2026-03-02 13:00:00+00:00,3784.91,3460.115823769712,1761.1058028662771,5166.122160990197
2026-03-02 14:00:00+00:00,3352.02,3334.1284872392807,1634.6842862432625,5037.251747086839
2026-03-02 15:00:00+00:00,3047.66,3261.742906727708,1553.8261284952473,4964.001077732064
2026-03-02 16:00:00+00:00,3049.62,3165.2390801092383,1458.4721675284727,4863.856611506178
2026-03-02 17:00:00+00:00,3164.12,3176.590096171316,1479.535882237814,4878.86241492382
2026-03-02 18:00:00+00:00,3473.29,3003.9214841741273,1303.695726519534,4704.767904386688
2026-03-02 19:00:00+00:00,3662.64,3109.8371483153105,1409.495354244757,4809.950988283577
2026-03-02 20:00:00+00:00,4111.86,3370.9036286106693,1666.2424035311965,5075.866095359647
2026-03-02 21:00:00+00:00,4660.4,3587.6943696995604,1887.7937404017093,5293.493445180634
2026-03-02 22:00:00+00:00,4902.4,3615.35781978542,1911.684252763885,5322.034870894206
2026-03-02 23:00:00+00:00,4664.01,3537.00882138411,1834.5588339921742,5241.618322336289
2026-03-03 00:00:00+00:00,4343.78,3379.9038322911438,1677.1189583360708,5080.735879226322
2026-03-03 01:00:00+00:00,3874.8,3242.199532944563,1539.448701632608,4938.49908810585
2026-03-03 02:00:00+00:00,3556.38,3089.051524553801,1383.8118050254498,4784.281978911838
2026-03-03 03:00:00+00:00,3029.39,2922.0351256566482,1214.7847438155165,4618.478564306022
2026-03-03 04:00:00+00:00,2464.44,2739.6336856234207,1030.8760235073455,4436.206617699016
2026-03-03 05:00:00+00:00,2046.13,2432.9009497355933,721.0970268630272,4125.78669872261
2026-03-03 06:00:00+00:00,1609.85,1927.2582692987767,216.53584839490804,3621.5315957350867
2026-03-03 07:00:00+00:00,1168.07,1634.264070461077,-82.6773912514468,3330.15559039447
2026-03-03 08:00:00+00:00,1417.7999,1352.9662077990797,-363.38474377792363,3045.1951768454205
2026-03-03 09:00:00+00:00,1743.95,1736.3457329457683,30.723888141938914,3427.9784235398183
2026-03-03 10:00:00+00:00,1728.77,2000.5314740356416,293.7820623456578,3698.56352845718
2026-03-03 11:00:00+00:00,1564.66,2005.8639318323296,297.0858654542253,3701.1941869123557
2026-03-03 12:00:00+00:00,1660.9,1889.9381875709328,181.62330671957943,3588.838643038553
2026-03-03 13:00:00+00:00,1922.57,2198.8369532843394,490.49233347573795,3897.485926145255
2026-03-03 14:00:00+00:00,1753.4,2326.7640012477123,615.8843513651213,4022.5832571067494
2026-03-03 15:00:00+00:00,1736.56,2226.9956319868534,521.8841399229227,3919.0884963162016
2026-03-03 16:00:00+00:00,1892.81,2085.308325573545,380.1312462972162,3778.6383051477796
2026-03-03 17:00:00+00:00,1996.82,2072.0271353760963,368.35954442820434,3766.8145764896117
2026-03-03 18:00:00+00:00,1783.89,1995.6560229322113,294.6488450244892,3698.519718448156
2026-03-03 19:00:00+00:00,1506.67,2063.6257332719515,356.79100676895087,3757.955763783367
2026-03-03 20:00:00+00:00,1055.17,1797.5195373137176,93.36330182719485,3495.23447938369
2026-03-03 21:00:00+00:00,720.18,1553.2752847022498,-150.38768387216032,3255.3719876954574
2026-03-03 22:00:00+00:00,395.99002,1217.2366436363852,-488.12964122385665,2919.138834518647
2026-03-03 23:00:00+00:00,281.3699,816.860112160932,-891.1948772557289,2523.123052344371
2026-03-04 00:00:00+00:00,202.17996,231.48110809605532,-1462.3413237864665,1944.4578619920492
2026-03-04 01:00:00+00:00,147.98001,205.84438033943525,-1494.8155327864724,1902.624486104638
2026-03-04 02:00:00+00:00,74.3699,189.35652837530597,-1512.1894156333951,1885.6599191025953
2026-03-04 03:00:00+00:00,61.099888,302.0688772497542,-1402.2391720128594,1997.5189767733007
2026-03-04 04:00:00+00:00,38.379917,292.6263110852742,-1411.0702910386121,1990.0625724079214
2026-03-04 05:00:00+00:00,38.520054,310.93758426390605,-1388.434232251112,2014.370331248309
2026-03-04 06:00:00+00:00,65.65994,211.17810757263305,-1489.5414681430343,1914.4358999309989
2026-03-04 07:00:00+00:00,91.52005,425.07899650463287,-1281.9382180723792,2123.578752795563
2026-03-04 08:00:00+00:00,135.02005,706.044465988607,-996.7372424558989,2405.1554039339994
2026-03-04 09:00:00+00:00,227.64993,830.0710317204705,-871.6026332739016,2535.431139099397
2026-03-04 10:00:00+00:00,360.67007,1257.4444625027525,-442.37581027583246,2966.708032413069
2026-03-04 11:00:00+00:00,666.0101,1494.8806639736308,-207.21963975364451,3200.27232442667
2026-03-04 12:00:00+00:00,1029.12,1799.9920967207468,100.03107062603567,3501.5927875387115
2026-03-04 13:00:00+00:00,1186.78,2029.9088442387763,329.07911435510914,3732.4811866673135
2026-03-04 14:00:00+00:00,1265.99,2036.9768094754047,337.65275805651936,3742.159213978399
2026-03-04 15:00:00+00:00,1230.43,2086.1290090183074,381.2742470642561,3791.521767648517
2026-03-04 16:00:00+00:00,1323.39,2148.322004276501,443.2566499657469,3846.545272626616
2026-03-04 17:00:00+00:00,1525.76,2336.6888970364307,628.7893292318624,4035.152467588283
2026-03-04 18:00:00+00:00,1950.26,2355.982124121352,642.7391206640743,4050.046315730144
2026-03-04 19:00:00+00:00,2222.96,2789.998344817541,1085.5787606637086,4490.133161101179
2026-03-04 20:00:00+00:00,2241.67,2854.620812218656,1145.9667438519482,4556.213031440047
2026-03-04 21:00:00+00:00,2299.56,2939.907732782906,1234.2111293358394,4635.253831364457
2026-03-04 22:00:00+00:00,2324.0,3016.727900906988,1310.5911316128772,4717.163406374348
2026-03-04 23:00:00+00:00,2042.78,2943.1240945671125,1232.3323866366488,4639.441206574601
2026-03-05 00:00:00+00:00,1845.06,2791.2174935554,1081.2346439368575,4489.897012951873
2026-03-05 01:00:00+00:00,1567.08,2585.6969518739916,878.4214127604375,4284.208196831242
2026-03-05 02:00:00+00:00,1419.0299,2350.8205878631775,640.8081137265103,4047.9524875540924
2026-03-05 03:00:00+00:00,1361.35,2302.9669081678458,590.006092950824,3996.9837865131576
2026-03-05 04:00:00+00:00,1056.97,2468.7782465679197,758.2924942133666,4164.195422467205
2026-03-05 05:00:00+00:00,1200.88,2666.9095481405793,956.565139788722,4361.5708661927565
2026-03-05 06:00:00+00:00,1467.1099,2693.2459522083705,984.2425106437165,4385.428212462577
2026-03-05 07:00:00+00:00,1356.82,2496.106060916738,791.723933787415,4194.933144952647
2026-03-05 08:00:00+00:00,1180.26,2359.0021699343656,649.5170658712086,4053.4950880123733
2026-03-05 09:00:00+00:00,928.81,2226.129986801209,515.6888238812257,3919.4123195283664
2026-03-05 10:00:00+00:00,854.3901,2172.234454635158,462.6719031443206,3864.504541969761
2026-03-05 11:00:00+00:00,921.21,2246.1786670091856,536.539606948031,3940.20873092554
2026-03-05 12:00:00+00:00,1042.64,2480.9363894387884,775.1195804823033,4180.423715846505
2026-03-05 13:00:00+00:00,1131.8,2515.313059893176,805.4940103645699,4210.225324279977
2026-03-05 14:00:00+00:00,1508.65,2426.848791496828,717.1147337023287,4123.466631403451
2026-03-05 15:00:00+00:00,1911.75,2514.7931525459203,806.7121639219251,4214.161854112907
2026-03-05 16:00:00+00:00,2885.31,2874.7633441269613,1170.0155971550655,4572.632769295991
2026-03-05 17:00:00+00:00,4055.09,3360.257692748281,1654.7393591095254,5058.3058584880055
2026-03-05 18:00:00+00:00,4608.37,3567.7790533648376,1861.4723366494463,5269.882195534841
2026-03-05 19:00:00+00:00,5035.82,3692.298743793567,1988.9601970913827,5395.980751390714
2026-03-05 20:00:00+00:00,4930.15,3611.7292113040126,1910.8053530137822,5312.040578294833
2026-03-05 21:00:00+00:00,4276.04,3396.3639253889514,1688.4332668473894,5097.470450736104
2026-03-05 22:00:00+00:00,3828.22,3203.432012158477,1495.3711538606194,4904.007574333977
2026-03-05 23:00:00+00:00,3163.45,3036.848387523496,1329.0583302117525,4736.9451756159715
2026-03-06 00:00:00+00:00,2366.54,2542.7719258844113,836.7631403095704,4242.2339686441865
2026-03-06 01:00:00+00:00,1596.99,2074.1272608590584,369.3796985299016,3769.9536400411125
2026-03-06 02:00:00+00:00,1219.46,1787.7707592093789,82.30135550308614,3483.557519331881
2026-03-06 03:00:00+00:00,1006.54,1686.051699502312,-20.880940083355654,3380.046257546058
2026-03-06 04:00:00+00:00,949.8901,1609.8081166171994,-100.20402806078164,3304.686568468306
2026-03-06 05:00:00+00:00,906.45,1365.539591801466,-348.2669203494711,3061.981359997674
2026-03-06 06:00:00+00:00,809.93,1211.764747033293,-505.79327466220275,2901.7233614607803
2026-03-06 07:00:00+00:00,828.2701,1421.7268779004169,-289.26187925864315,3112.097695344184
2026-03-06 08:00:00+00:00,678.92,1449.6982396323483,-257.5494753638841,3144.1785444816096
2026-03-06 09:00:00+00:00,514.45013,1358.0199346997638,-347.4769703598622,3056.892169665739
2026-03-06 10:00:00+00:00,448.28995,1257.4338582330784,-448.9533263062913,2952.675560674569
2026-03-06 11:00:00+00:00,350.74002,1215.7677989205824,-490.0455125694357,2914.762282572599
2026-03-06 12:00:00+00:00,397.89005,1033.1884257083605,-669.8505106783755,2735.987429086393
2026-03-06 13:00:00+00:00,353.75015,1029.5286631007712,-675.9979210490451,2730.8497087870164
2026-03-06 14:00:00+00:00,272.6099,890.1238940560165,-811.4211588038916,2589.2390516002183
2026-03-06 15:00:00+00:00,102.52005,719.0890379900131,-984.1051565836865,2418.774232628915
2026-03-06 16:00:00+00:00,104.85989,191.69728264270225,-1517.2388608221881,1888.548770383995
2026-03-06 17:00:00+00:00,111.26004,-319.41040334982654,-2025.695129503557,1374.3415069351508
2026-03-06 18:00:00+00:00,147.42996,-203.46357850859022,-1918.3948457913384,1478.2185343083772
2026-03-06 19:00:00+00:00,253.14993,123.35593416003121,-1600.9754802391926,1812.1846686711926
2026-03-06 20:00:00+00:00,295.25003,-17.27700246079212,-1734.3395503657584,1671.8117569004457
2026-03-06 21:00:00+00:00,280.32986,-24.419185815700075,-1736.9806868140404,1665.5930333712668
2026-03-06 22:00:00+00:00,195.28006,34.24165963484893,-1684.4894739559677,1723.8202304520894
2026-03-06 23:00:00+00:00,197.26004,-115.54704111046931,-1834.249877935582,1574.9316455846165
2026-03-07 00:00:00+00:00,146.76004,423.5097352875264,-1294.1198523440844,2109.2711782322167
2026-03-07 01:00:00+00:00,232.53006,963.8588096541905,-744.022971268118,2659.983306881386
2026-03-07 02:00:00+00:00,170.49002,681.3237877592692,-1028.2359085936118,2379.548705801379
2026-03-07 03:00:00+00:00,148.84988,958.0684705409219,-746.7919119507542,2655.040726874686
2026-03-07 04:00:00+00:00,257.91995,940.7279994565936,-761.1583382995623,2641.690794743566
2026-03-07 05:00:00+00:00,446.83,1241.5228820885295,-465.16543679627466,2941.29768615938
2026-03-07 06:00:00+00:00,445.95987,1454.787229301262,-246.58177690612501,3158.045806842302
2026-03-07 07:00:00+00:00,564.13007,1722.4629636844923,19.397015993715286,3424.474620944514
2026-03-07 08:00:00+00:00,526.8901,1798.159089700701,96.40534536440964,3502.1318833689847
2026-03-07 09:00:00+00:00,506.29984,1946.2399731070502,246.28550083995606,3650.478708093103
2026-03-07 10:00:00+00:00,547.16986,2099.9000426223465,400.95439445074544,3799.5822842803273
2026-03-07 11:00:00+00:00,652.46,1977.6312050922506,276.51040034679727,3683.8625493703385
2026-03-07 12:00:00+00:00,703.82,1666.1402142979468,-36.471102120351134,3372.685851442955
2026-03-07 13:00:00+00:00,737.18,1688.715046519677,-14.409765858137689,3393.3603750682623
2026-03-07 14:00:00+00:00,634.68,1825.2616725010907,121.90490806837443,3528.7905452508003
2026-03-07 15:00:00+00:00,414.14993,1592.980403613395,-111.76714052611214,3294.976618265547
2026-03-07 16:00:00+00:00,313.01004,1295.5323309160085,-415.9005618647275,2993.805664523421
2026-03-07 17:00:00+00:00,305.25003,1168.0504519727756,-538.7400645079601,2869.454032756182
2026-03-07 18:00:00+00:00,246.8699,999.8388998748719,-705.5009128481533,2698.6958143203465
2026-03-07 19:00:00+00:00,156.13992,763.181769743019,-948.8333377364752,2456.769044367533
2026-03-07 20:00:00+00:00,106.0701,785.1176259676115,-926.3002199752168,2474.7235553603273
2026-03-07 21:00:00+00:00,77.48001,528.7174357481044,-1180.8039512508362,2220.5037130437263
2026-03-07 22:00:00+00:00,159.95999,1004.3229493908527,-724.4273439594699,2694.1602417959084
2026-03-07 23:00:00+00:00,166.29007,1286.854181040488,-409.533013247546,2994.17030269173
2026-03-08 00:00:00+00:00,108.03006,1025.1394301815537,-678.9168409501581,2732.2078534316206
2026-03-08 01:00:00+00:00,117.49002,774.4187518009721,-929.4459986558359,2478.233000936419
2026-03-08 02:00:00+00:00,142.53006,739.6688438337494,-965.9723730160854,2450.272323910405
2026-03-08 03:00:00+00:00,125.94998,586.8055730754133,-1120.5863411386067,2293.2490976169206
2026-03-08 04:00:00+00:00,229.43997,829.8406640041724,-879.2369861925272,2539.187472670209
2026-03-08 05:00:00+00:00,359.07986,757.667571829229,-948.2003620485802,2466.841701395601
2026-03-08 06:00:00+00:00,360.61014,885.1542517018036,-819.3747803108377,2591.6177150852072
2026-03-08 07:00:00+00:00,443.48013,982.4454796781151,-721.7894997469602,2686.829958657261
2026-03-08 08:00:00+00:00,399.16006,1038.3506921909295,-664.3481994130511,2740.9707837872074
2026-03-08 09:00:00+00:00,294.21,1038.3362570522236,-672.3197762679374,2743.0208766579135
2026-03-08 10:00:00+00:00,288.3599,1070.079314510984,-631.6517589889995,2772.76935647291
2026-03-08 11:00:00+00:00,247.12991,1275.9434489906312,-426.98053963707207,2978.714403681728
2026-03-08 12:00:00+00:00,344.97012,668.142809356259,-1033.2612100634133,2371.991805074325
2026-03-08 13:00:00+00:00,521.63995,1072.3384800930435,-633.6711848035497,2773.6820203498887
2026-03-08 14:00:00+00:00,628.72003,1354.9725353968836,-351.09016705222393,3058.9605145947003
2026-03-08 15:00:00+00:00,532.32,1385.1646085564762,-316.79215666988875,3084.6498222078944
2026-03-08 16:00:00+00:00,636.22003,1466.276786264289,-237.56529182167242,3172.09510284146
2026-03-08 17:00:00+00:00,744.60004,1221.8573735787706,-487.36398127599705,2919.8712940204705
2026-03-08 18:00:00+00:00,727.59,1386.0421767760886,-316.98221892583297,3085.7643614482117
2026-03-08 19:00:00+00:00,770.5201,1455.0641323730238,-248.66090073267287,3154.8077979720974
2026-03-08 20:00:00+00:00,754.67,1401.3054258687907,-299.47744392057393,3103.230780398007
2026-03-08 21:00:00+00:00,754.4001,1303.4197976341227,-397.4810250441842,3003.854707460473
2026-03-08 22:00:00+00:00,674.58,1204.380396265971,-496.4882675266954,2907.561382589657
2026-03-08 23:00:00+00:00,569.00006,1108.1006904210763,-593.4645971341029,2808.858843440715
2026-03-09 00:00:00+00:00,378.75003,896.0222885188994,-803.5638706785289,2602.700457923379
2026-03-09 01:00:00+00:00,198.66995,450.30794283861906,-1251.5252295555283,2150.348943972511
2026-03-09 02:00:00+00:00,111.91995,257.84519543408396,-1442.1426340752896,1958.7575110733958
2026-03-09 03:00:00+00:00,83.839874,-119.98073010423741,-1824.7941599931437,1579.6611553655846
2026-03-09 04:00:00+00:00,77.42996,-677.9876747962189,-2391.7472102676184,1018.936754533456
2026-03-09 05:00:00+00:00,49.270054,-914.11394561834,-2623.6296140476798,784.605596850424
2026-03-09 06:00:00+00:00,16.740023,-848.673945338368,-2555.5884826875863,853.6608610058929
2026-03-09 07:00:00+00:00,36.599888,-709.0866723604581,-2417.4395592481806,987.0981615296978
2026-03-09 08:00:00+00:00,36.080112,-789.7358869388881,-2494.4153437885907,910.7962848845241
2026-03-09 09:00:00+00:00,41.060093,-878.0791197555391,-2585.9540101009525,825.5413377371808
2026-03-09 10:00:00+00:00,28.59012,-635.6271743765451,-2344.5779483031993,1071.4284085781517
2026-03-09 11:00:00+00:00,23.240023,-255.45505357234606,-1960.041446354755,1449.4852488561403
2026-03-09 12:00:00+00:00,16.199984,-353.3164923605568,-2053.549516776765,1351.542085676671
2026-03-09 13:00:00+00:00,36.520054,-58.90294779793476,-1765.228906687942,1641.48883691651
2026-03-09 14:00:00+00:00,96.88992,71.90130960528995,-1630.3186969459043,1773.888797070917
2026-03-09 15:00:00+00:00,151.18997,784.7324681489679,-917.1494261544931,2483.2143211620737
2026-03-09 16:00:00+00:00,140.01004,1021.2363901900624,-679.7691474380831,2718.624729467615
2026-03-09 17:00:00+00:00,183.20999,1214.259161269284,-488.8788618880749,2917.118134632571
2026-03-09 18:00:00+00:00,285.84988,1297.4243814939684,-404.29001991701625,2997.5486357860277
2026-03-09 19:00:00+00:00,280.71,1329.6910728367504,-365.34850935549184,3045.3935105903947
2026-03-09 20:00:00+00:00,290.00003,1454.560252401029,-250.44555135618248,3169.433360982661
2026-03-09 21:00:00+00:00,309.90994,1175.4287435408041,-530.7292030625858,2877.927840133089
2026-03-09 22:00:00+00:00,221.39993,867.3756146314645,-829.5563179116707,2585.1682793583363
2026-03-09 23:00:00+00:00,234.58011,632.4288608259037,-1070.8804751345515,2334.1639018593405
2026-03-10 00:00:00+00:00,254.8201,575.003871834549,-1126.9516569102102,2279.038481213607
2026-03-10 01:00:00+00:00,341.3599,845.7086086017978,-853.6494771043476,2551.187814121937
2026-03-10 02:00:00+00:00,291.83987,713.26577143483,-986.5039019793298,2414.8754002514206
2026-03-10 03:00:00+00:00,282.49002,877.8352972824127,-826.2694876536657,2578.1916148668834
2026-03-10 04:00:00+00:00,239.88992,650.4167098771038,-1051.1353973376813,2354.694844103351
2026-03-10 05:00:00+00:00,225.39993,656.1061207527223,-1048.2084810061283,2357.717208085174
2026-03-10 06:00:00+00:00,325.5601,664.0476855594679,-1040.329555478817,2367.6943764642
2026-03-10 07:00:00+00:00,387.9401,899.4507694922411,-805.6035158304912,2607.513863397015
2026-03-10 08:00:00+00:00,427.46,932.2690949035127,-767.389958236392,2634.915119382437
2026-03-10 09:00:00+00:00,269.3599,1160.6361861845241,-538.4389871181847,2867.0169002771
2026-03-10 10:00:00+00:00,207.89993,843.5917438206177,-855.5168798535415,2553.284769971315
2026-03-10 11:00:00+00:00,304.14993,1061.3596969905918,-640.5691808985989,2768.5075357459928
2026-03-10 12:00:00+00:00,487.46,1228.528555862075,-472.2322623980044,2940.56594331589
2026-03-10 13:00:00+00:00,1090.1,2075.5328031733516,369.63671195947086,3780.0462079791773
2026-03-10 14:00:00+00:00,1364.92,2252.4416202844204,550.3226120909467,3952.1787919218436
2026-03-10 15:00:00+00:00,1292.11,2285.4389413815547,583.575329584045,3983.1370737025745
2026-03-10 16:00:00+00:00,894.72003,2157.7745531718324,455.67115182880616,3854.6979751527383
2026-03-10 17:00:00+00:00,778.6401,1940.2446188716226,238.4646930038839,3637.5351761853635
2026-03-10 18:00:00+00:00,1019.74005,2053.617134152403,353.24657750005963,3753.6927995066726
2026-03-10 19:00:00+00:00,1442.9999,2318.915700427,619.5635666294559,4020.5838541056164
2026-03-10 20:00:00+00:00,2249.44,3259.7843314486922,1564.0131226230499,4962.661807141323
2026-03-10 21:00:00+00:00,2875.12,3283.974350100986,1582.033518133856,4991.814565532227
2026-03-10 22:00:00+00:00,4071.71,3665.06866051218,1968.836144977189,5367.542561810296
2026-03-10 23:00:00+00:00,4430.14,4025.559512462325,2327.489597471089,5732.919136336256
2026-03-11 00:00:00+00:00,4923.85,4117.273843622178,2417.9987538325404,5824.264339514383
2026-03-11 01:00:00+00:00,5736.52,4314.936304756628,2613.6592122387215,6017.783265508845
2026-03-11 02:00:00+00:00,6116.96,4315.485036620659,2620.0765891506976,6022.114886386382
2026-03-11 03:00:00+00:00,6318.9,4312.879277288277,2615.886221894513,6014.730373733537
2026-03-11 04:00:00+00:00,6563.12,4518.502452280747,2822.215863963532,6224.974651338944
2026-03-11 05:00:00+00:00,6668.99,4690.687804728818,2987.34813814162,6394.102090219025
2026-03-11 06:00:00+00:00,6615.68,4624.66748358812,2924.189151970935,6325.096473081268
2026-03-11 07:00:00+00:00,6685.53,4742.393677254792,3035.056665810624,6443.9711021812
2026-03-11 08:00:00+00:00,6490.88,4465.746454512877,2760.1631857435636,6172.4295581434635
2026-03-11 09:00:00+00:00,6672.02,4573.199656587997,2874.5810903476154,6275.18166726126
2026-03-11 10:00:00+00:00,6630.14,4390.300465180962,2682.8856297409898,6093.536064494414
2026-03-11 11:00:00+00:00,5603.11,4200.711135696945,2500.8457750684283,5909.018138273432
2026-03-11 12:00:00+00:00,4893.49,3952.6465226157543,2256.77338506512,5662.262164312577
2026-03-11 13:00:00+00:00,4016.66,3346.9044191546677,1641.4271166626104,5049.106116254866
2026-03-11 14:00:00+00:00,3719.43,3162.460131760953,1458.7411684354115,4860.711589549961
2026-03-11 15:00:00+00:00,3980.21,3039.5408856008207,1337.9226082281973,4740.706706882906
2026-03-11 16:00:00+00:00,4811.02,3204.933196610552,1501.2107939324771,4907.375557308692
2026-03-11 17:00:00+00:00,4883.64,3335.3667677425788,1634.870973143832,5037.9248994594855
2026-03-11 18:00:00+00:00,4693.93,3429.6610375655464,1731.9083552357565,5138.932567467985
2026-03-11 19:00:00+00:00,4255.94,3448.2745661518893,1749.3544515725396,5151.1715419253
2026-03-11 20:00:00+00:00,3946.03,3288.8844933192963,1590.1908871907028,4994.358916153228
2026-03-11 21:00:00+00:00,3980.35,3334.3424163919162,1631.7027154625903,5036.217634362316
2026-03-11 22:00:00+00:00,4246.88,3302.459653230101,1596.7743450992139,5008.182266691869
2026-03-11 23:00:00+00:00,4417.16,3605.1116381895117,1908.1849324861294,5308.016780226836
2026-03-12 00:00:00+00:00,4711.53,3574.615008966487,1871.9370754319493,5276.900511254833
2026-03-12 01:00:00+00:00,4437.88,3516.7749196242776,1821.576806868549,5221.663675380754
2026-03-12 02:00:00+00:00,4532.91,3432.794237485421,1736.4501725955297,5134.402713828147
2026-03-12 03:00:00+00:00,5309.98,3624.5043213779563,1926.7512933546482,5325.413865441319
2026-03-12 04:00:00+00:00,5678.61,4155.287614399205,2454.725042400579,5857.4366418718255
2026-03-12 05:00:00+00:00,5572.51,4165.064797651948,2469.9846183486607,5868.243815937567
2026-03-12 06:00:00+00:00,5675.09,4089.4654828126145,2392.929510513325,5799.01775896534
2026-03-12 07:00:00+00:00,6001.96,4681.2286945097785,2980.178640946359,6387.974460215226
2026-03-12 08:00:00+00:00,5218.66,4445.066216352268,2747.8678028356335,6152.566270399491
2026-03-12 09:00:00+00:00,5403.64,4368.601250825231,2671.1091355396334,6073.60409640845
2026-03-12 10:00:00+00:00,5111.23,4486.679681450222,2784.994917163949,6188.179381316421
2026-03-12 11:00:00+00:00,4781.65,4397.2765389263295,2699.674772931977,6100.383128730278
2026-03-12 12:00:00+00:00,4530.13,4046.6078870861,2351.288294020259,5756.039782976568
2026-03-12 13:00:00+00:00,4706.84,4076.2289354879167,2366.514449329634,5782.792997582659
2026-03-12 14:00:00+00:00,4243.43,3433.873132462538,1725.507984254842,5146.5725236505095
2026-03-12 15:00:00+00:00,3439.61,3687.2864827669146,1978.371435706977,5392.785965420112
2026-03-12 16:00:00+00:00,3105.05,3685.796422355277,1971.4823984822458,5389.50727425845
2026-03-12 17:00:00+00:00,2992.68,3535.3292412065357,1813.767809953469,5241.729553293344
2026-03-12 18:00:00+00:00,3285.55,3697.1150414125036,1974.4487478722747,5401.870283982384
2026-03-12 19:00:00+00:00,3904.57,3437.6859121223247,1721.6084120454902,5147.709132347023
2026-03-12 20:00:00+00:00,4157.03,3513.3217515700335,1798.9952965704856,5222.414372338133
2026-03-12 21:00:00+00:00,4191.59,3509.3466609826155,1790.7088144983768,5218.096085654293
2026-03-12 22:00:00+00:00,4087.38,3697.6867509746676,1982.6328075208794,5402.106777530711
2026-03-12 23:00:00+00:00,4823.93,3868.1768765750467,2143.4008225532766,5579.7056600051565
2026-03-13 00:00:00+00:00,4599.82,3957.1018154300255,2240.0126493950147,5661.620582988556
2026-03-13 01:00:00+00:00,4797.83,3839.66219715225,2120.482378689594,5544.540583754057
2026-03-13 02:00:00+00:00,4802.86,3686.0654360241733,1970.0672336853313,5389.766584835132
2026-03-13 03:00:00+00:00,4874.62,3619.0896369714987,1895.0190156805975,5322.673107349772
2026-03-13 04:00:00+00:00,4457.83,3366.682680223179,1640.452405302944,5076.438856328542
2026-03-13 05:00:00+00:00,5328.21,2931.7711736206597,1223.953472660299,4631.696143276168
2026-03-13 06:00:00+00:00,5461.22,2825.9684357226456,1122.2014822961467,4540.2003922611775
2026-03-13 07:00:00+00:00,5606.75,2555.2752267831374,828.7800200267577,4273.518600776431
2026-03-13 08:00:00+00:00,4863.98,4210.953243257379,2498.260121601958,5924.415719273119
2026-03-13 09:00:00+00:00,4759.85,4649.451093552138,2943.710467421132,6360.475687705332
2026-03-13 10:00:00+00:00,4951.8,4571.824934737909,2869.599446250242,6270.886309778179
2026-03-13 11:00:00+00:00,4936.63,4426.050081555163,2725.3499389152344,6126.075806629478
2026-03-13 12:00:00+00:00,2064.9336,3819.1054860436916,2118.022475411663,5520.797932781485
2026-03-13 13:00:00+00:00,2064.9336,3680.8239558886526,1980.3739649827785,5386.076502198561
2026-03-13 14:00:00+00:00,2064.9336,3721.133071184756,2018.989564359905,5424.251798303036
2026-03-13 15:00:00+00:00,2064.9336,3509.256094041617,1804.7903420544462,5210.920922033716
2026-03-13 16:00:00+00:00,2064.9336,3444.838333423048,1742.014185785194,5150.54928609409
2026-03-13 17:00:00+00:00,2064.9336,3238.739575158915,1535.2711287372704,4945.621213553702
2026-03-13 18:00:00+00:00,2064.9336,3188.8566786476845,1489.9203565485432,4897.846250752455
2026-03-13 19:00:00+00:00,2064.9336,3086.7028276988563,1385.5807670267936,4795.2041395053675
2026-03-13 20:00:00+00:00,2064.9336,3067.043044978157,1363.8709346894198,4773.032145783607
2026-03-13 21:00:00+00:00,2064.9336,3008.1864074948667,1309.6893872891058,4713.024769668176
2026-03-13 22:00:00+00:00,2064.9336,2811.3418150984453,1112.3478263009083,4517.397612150137
2026-03-13 23:00:00+00:00,2064.9336,2884.4925426606924,1186.304165703175,4592.979412777474
2026-03-14 00:00:00+00:00,2064.9336,2526.519551305899,825.7418891518703,4235.633745344285
2026-03-14 01:00:00+00:00,2064.9336,2827.016011833154,1118.8705634121652,4529.916682498071
2026-03-14 02:00:00+00:00,2064.9336,2526.5196358956687,825.7411052788509,4232.546661335813
2026-03-14 03:00:00+00:00,2064.9336,2373.2671798835536,671.278384261728,4073.0732500321756
2026-03-14 04:00:00+00:00,2064.9336,1714.454910208195,11.235224060246765,3418.286220800511
2026-03-14 05:00:00+00:00,2064.9336,1099.2282972870184,-601.5798688335394,2806.3590499437328
2026-03-14 06:00:00+00:00,2064.9336,807.3359636530759,-896.468478957006,2510.479348830885
2026-03-14 07:00:00+00:00,2064.9336,446.9697707485352,-1251.5294592942228,2156.2922035260867
2026-03-14 08:00:00+00:00,2064.9336,270.22392062857716,-1436.3439140834012,1976.8973296358904
2026-03-14 09:00:00+00:00,2064.9336,259.20322427499605,-1448.9234789596921,1960.1973897396574
2026-03-14 10:00:00+00:00,2064.9336,-583.4811536987258,-2283.8620310967353,1119.0658420304574
2026-03-14 11:00:00+00:00,2064.9336,-1365.2666549870564,-3070.960574200665,337.8043451484805
2026-03-14 12:00:00+00:00,2064.9336,-797.0663104710911,-2506.8999220327796,908.4498162961049
2026-03-14 13:00:00+00:00,2064.9336,-486.8938104941458,-2192.231311915394,1215.633508724068
2026-03-14 14:00:00+00:00,2064.9336,-23.107998270877943,-1723.9467781851708,1681.7996377950876
2026-03-14 15:00:00+00:00,2064.9336,-129.0607606152157,-1827.436579203535,1573.9669572075745
2026-03-14 16:00:00+00:00,2064.9336,-173.190889078498,-1875.4799738557813,1531.3928356616675
2026-03-14 17:00:00+00:00,2064.9336,-264.1934820047086,-1968.4681952030269,1440.3335762375436
2026-03-14 18:00:00+00:00,2064.9336,-322.9758326373858,-2026.6065614664658,1374.6804718782753
2026-03-14 19:00:00+00:00,2064.9336,-319.25149634691206,-2018.769420982584,1387.3897486370656
2026-03-14 20:00:00+00:00,2064.9336,-41.066453938380164,-1748.7005718627006,1660.4327799781129
2026-03-14 21:00:00+00:00,2064.9336,-190.69658879751387,-1893.6104680160724,1519.0299820580367
2026-03-14 22:00:00+00:00,2064.9336,-350.7942838762847,-2051.292404357242,1358.4988332604535
2026-03-14 23:00:00+00:00,2064.9336,-264.5212292076035,-1969.334062992887,1438.7965668054185
2026-03-15 00:00:00+00:00,2064.9336,98.51637435029625,-1599.5725311607735,1783.5279399681137
2026-03-15 01:00:00+00:00,2064.9336,687.2520906424961,-1009.5712135400286,2373.0275878351945
2026-03-15 02:00:00+00:00,2064.9336,552.4936810897648,-1143.3207003622097,2239.362565762691
2026-03-15 03:00:00+00:00,2064.9336,169.29800307134337,-1526.9245127531276,1855.661108104936
2026-03-15 04:00:00+00:00,2064.9336,-142.2310954910463,-1837.9798008254884,1541.9132114645286
2026-03-15 05:00:00+00:00,2064.9336,188.01930815356582,-1508.6391008555565,1868.5897600742242
2026-03-15 06:00:00+00:00,2064.9336,417.7846969425302,-1279.7951747930138,2100.9828972508612
2026-03-15 07:00:00+00:00,2064.9336,541.7593977650163,-1154.4727959881602,2229.290906648127
2026-03-15 08:00:00+00:00,2064.9336,1072.3660391962667,-625.1903509922181,2759.7955118603736
2026-03-15 09:00:00+00:00,2064.9336,1781.4830409506703,89.33651579834623,3467.037676488524
2026-03-15 10:00:00+00:00,2064.9336,2218.5644023849272,526.0095329652636,3907.640620693374
2026-03-15 11:00:00+00:00,2064.9336,2890.65124110703,1196.659470280628,4578.4345822858995
2026-03-15 12:00:00+00:00,2064.9336,3326.1468026691964,1634.282862028998,5014.150275342827
2026-03-15 13:00:00+00:00,2064.9336,3519.393452667997,1827.717569591529,5211.661622046908
2026-03-15 14:00:00+00:00,2064.9336,3738.253776230714,2048.811888717123,5431.839295799656
2026-03-15 15:00:00+00:00,2064.9336,3992.724848621432,2303.2676947616064,5686.0197157451
2026-03-15 16:00:00+00:00,2064.9336,4351.4633722918,2661.2920769204875,6043.143698264315
2026-03-15 17:00:00+00:00,2064.9336,4531.033795625715,2831.047063386882,6220.925689712802
2026-03-15 18:00:00+00:00,2064.9336,4725.7101709173785,3024.83339850423,6419.351466428796
2026-03-15 19:00:00+00:00,2064.9336,4802.87405058074,3115.049056142093,6494.677546483742
2026-03-15 20:00:00+00:00,2064.9336,4875.7021974687095,3181.4474827828753,6569.80193922476
2026-03-15 21:00:00+00:00,2064.9336,4637.125838637414,2953.190777543527,6331.042723066437
2026-03-15 22:00:00+00:00,2064.9336,5034.904518602607,3345.4361853774144,6729.083925509961
2026-03-15 23:00:00+00:00,2064.9336,4941.633379842822,3255.3766647578664,6635.752838586162
2026-03-16 00:00:00+00:00,2064.9336,4390.501371595864,2658.6074484599494,6125.542609188429
2026-03-16 01:00:00+00:00,2064.9336,4275.403291178332,2582.0653659570535,5972.293962959835
2026-03-16 02:00:00+00:00,2064.9336,3513.7521525291863,1820.4899897617997,5209.045814775567
2026-03-16 03:00:00+00:00,2064.9336,3056.8127249586933,1364.9812587528338,4746.130314910559
2026-03-16 04:00:00+00:00,2064.9336,3863.703468036344,2175.4234989306237,5555.121319767953
2026-03-16 05:00:00+00:00,2064.9336,3643.177205461844,1950.146696866832,5332.623455425573
2026-03-16 06:00:00+00:00,2064.9336,3711.237878529578,2024.5915720547723,5406.463321905494
2026-03-16 07:00:00+00:00,2064.9336,3565.422997472364,1871.7479221525505,5251.1796351918365
2026-03-16 08:00:00+00:00,2064.9336,3433.6469895871473,1740.7382381472435,5123.853534006184
2026-03-16 09:00:00+00:00,2064.9336,3394.1419561937196,1700.7059848673657,5086.682548993726
2026-03-16 10:00:00+00:00,2064.9336,3407.063570982653,1713.6006164477058,5094.998647881554
2026-03-16 11:00:00+00:00,2064.9336,3278.5301070330233,1584.244468632568,4964.993058558638
2026-03-16 12:00:00+00:00,2064.9336,2884.264327465348,1182.0732474219117,4579.584774071307
2026-03-16 13:00:00+00:00,2064.9336,2739.174703211008,1050.6630389475263,4428.402235402112
2026-03-16 14:00:00+00:00,2064.9336,2850.6778140304623,1161.9560568497507,4543.758480282249
2026-03-16 15:00:00+00:00,2064.9336,3004.2317393410367,1316.3485222913203,4695.902027152985
2026-03-16 16:00:00+00:00,2064.9336,2955.833899066259,1261.5005995653926,4643.554785590043
2026-03-16 17:00:00+00:00,2064.9336,2597.192271679203,903.405951650733,4285.443905129787
2026-03-16 18:00:00+00:00,2064.9336,2405.653785134497,714.4958397266882,4094.8328480942464
2026-03-16 19:00:00+00:00,2064.9336,2464.9418473219926,771.4051421382801,4153.331558843585
2026-03-16 20:00:00+00:00,2064.9336,2455.886962362889,760.9423444192714,4146.307460319842
2026-03-16 21:00:00+00:00,2064.9336,2376.756772084628,682.7441369222993,4059.4409978880376
2026-03-16 22:00:00+00:00,2064.9336,2769.435796747749,1079.4414775016626,4458.063072687415
2026-03-16 23:00:00+00:00,2064.9336,3153.0448971635556,1463.600362752305,4844.04732175802
2026-03-17 00:00:00+00:00,2064.9336,3326.019897086583,1638.3089967157202,5022.119983803155
2026-03-17 01:00:00+00:00,2064.9336,3343.0101661438002,1649.0694634261365,5031.730007087814
2026-03-17 02:00:00+00:00,2064.9336,3293.174822231068,1604.602839845908,4984.918227252772
2026-03-17 03:00:00+00:00,2064.9336,3386.8177987967,1694.765302820776,5077.421565945153
2026-03-17 04:00:00+00:00,2064.9336,3289.180670320044,1596.7522360387525,4979.580897427168
2026-03-17 05:00:00+00:00,2064.9336,3423.935773576499,1734.1887872712111,5113.42396891924
2026-03-17 06:00:00+00:00,2064.9336,3417.790483256182,1722.4801546003057,5106.266749894475
2026-03-17 07:00:00+00:00,2064.9336,3503.149739059765,1811.3805493611032,5192.667129111964
2026-03-17 08:00:00+00:00,2064.9336,3578.3517088690496,1885.6036044085706,5269.323845295234
2026-03-17 09:00:00+00:00,2064.9336,3487.6728673221824,1796.2638231067558,5176.623958666227
2026-03-17 10:00:00+00:00,2064.9336,3475.3603281365304,1780.6317854436434,5163.97816653054
2026-03-17 11:00:00+00:00,2064.9336,3344.79819856234,1648.921248007383,5030.114604553174
2026-03-17 12:00:00+00:00,2064.9336,3290.819950387834,1597.919808862292,4980.127555071487
2026-03-17 13:00:00+00:00,2064.9336,3159.6749472072233,1469.7697241918725,4851.336998879509
2026-03-17 14:00:00+00:00,2064.9336,2875.376895027974,1185.1908181580336,4570.333961356827
2026-03-17 15:00:00+00:00,2064.9336,2571.290136450777,884.9508303524333,4263.848696266224
2026-03-17 16:00:00+00:00,2064.9336,2408.3105071324103,719.2157365387752,4103.550796479959
2026-03-17 17:00:00+00:00,2064.9336,2605.8025577835397,917.5715201957896,4301.46047965641
2026-03-17 18:00:00+00:00,2064.9336,3071.0922164396006,1381.0809697326715,4760.729160314129
2026-03-17 19:00:00+00:00,2064.9336,3619.6190799954566,1930.333920111635,5309.158645018743
2026-03-17 20:00:00+00:00,2064.9336,3901.431494622452,2208.9630447917575,5595.942582113364
2026-03-17 21:00:00+00:00,2064.9336,4058.586501478306,2369.1148477998026,5750.665445299721
2026-03-17 22:00:00+00:00,2064.9336,4069.7879391630795,2382.4513944930113,5762.745664598747
2026-03-17 23:00:00+00:00,2064.9336,4026.183057279684,2336.307677902544,5719.948906728067
2026-03-18 00:00:00+00:00,2064.9336,4084.335938537873,2396.965046170356,5781.704082332888
2026-03-18 01:00:00+00:00,2064.9336,4007.1988542896815,2322.7891136746084,5699.789791773072
2026-03-18 02:00:00+00:00,2064.9336,3821.889867817212,2133.98651215857,5512.041989364452
2026-03-18 03:00:00+00:00,2064.9336,3648.4313729120604,1960.0834874343398,5339.957159969569
2026-03-18 04:00:00+00:00,2064.9336,3492.41757888562,1804.2803618286257,5182.452037720501
2026-03-18 05:00:00+00:00,2064.9336,3414.1378019667845,1724.0380572895076,5105.479306467763
2026-03-18 06:00:00+00:00,2064.9336,3239.8611761343363,1546.0811988869737,4929.476859005448
2026-03-18 07:00:00+00:00,2064.9336,3451.356882675429,1759.1243782696138,5140.202604649154
2026-03-18 08:00:00+00:00,2064.9336,3538.2615893563407,1847.0562549610506,5228.1201823993515
2026-03-18 09:00:00+00:00,2064.9336,3333.7450344723006,1646.06411477457,5023.206190627587
2026-03-18 10:00:00+00:00,2064.9336,3294.632684521379,1606.4686923251581,4984.92498081094
2026-03-18 11:00:00+00:00,2064.9336,2966.5052650813127,1273.4906315450892,4657.916793600775
2026-03-18 12:00:00+00:00,2064.9336,2818.839461102798,1129.0111182632525,4509.433064628362
2026-03-18 13:00:00+00:00,2064.9336,2482.3461341290504,791.2595874961846,4173.138982343579
2026-03-18 14:00:00+00:00,2064.9336,2191.0832025388104,500.11449686678566,3877.131835734249
2026-03-18 15:00:00+00:00,2064.9336,1832.8895860533837,144.59341971322283,3522.4843135697
2026-03-18 16:00:00+00:00,2064.9336,1501.9631595441497,-185.16043864488074,3193.766032947488
2026-03-18 17:00:00+00:00,2064.9336,1376.1193388426955,-310.4567867103283,3068.513321098732
2026-03-18 18:00:00+00:00,2064.9336,1247.076934525083,-442.7484992159357,2933.962063559086
2026-03-18 19:00:00+00:00,2064.9336,1561.6993670184534,-128.60597273205212,3247.2167269662214
2026-03-18 20:00:00+00:00,2064.9336,2096.4408648140934,408.51058760353453,3784.854890134783
2026-03-18 21:00:00+00:00,2064.9336,2309.660133272127,620.3810308076847,4000.3307433892987
2026-03-18 22:00:00+00:00,2064.9336,2238.7210469813235,547.0611340263147,3927.4760985161324
2026-03-18 23:00:00+00:00,2064.9336,2039.7334408145105,347.55192072103887,3727.333630251386
2026-03-19 00:00:00+00:00,2064.9336,1624.5090823499092,-70.6869827810533,3306.5016671250446
2026-03-19 01:00:00+00:00,2064.9336,1087.8251507674997,-609.7153139028114,2771.969999393621
2026-03-19 02:00:00+00:00,2064.9336,753.9268159997598,-940.1601402228039,2441.7662764825013
2026-03-19 03:00:00+00:00,2064.9336,165.8455986659569,-1530.9056078192216,1853.8001779348792
2026-03-19 04:00:00+00:00,2064.9336,-182.0227915121618,-1875.2022620560383,1506.6670025205863
2026-03-19 05:00:00+00:00,2064.9336,-681.9963085364839,-2375.2070100795327,1006.8379335988066
2026-03-19 06:00:00+00:00,2064.9336,-1038.4560259286363,-2733.0889244252476,651.1755398574692
2026-03-19 07:00:00+00:00,2064.9336,-1187.001879080272,-2891.6516021929565,493.53441319813123
2026-03-19 08:00:00+00:00,2064.9336,-1245.9369439541842,-2951.0759208073923,433.75298892082606
2026-03-19 09:00:00+00:00,2064.9336,-1192.315752081267,-2894.0992102051414,487.675596209657
2026-03-19 10:00:00+00:00,2064.9336,-618.9638288385963,-2322.923708983275,1063.5114020733042
2026-03-19 11:00:00+00:00,2064.9336,-580.3881643373215,-2278.125464824472,1110.2674083423024
2026-03-19 12:00:00+00:00,2064.9336,-1166.4952143944943,-2868.678022593732,512.1883326237041
2026-03-19 13:00:00+00:00,2064.9336,156.1005675283095,-1540.5609714696648,1837.8724023535951
2026-03-19 14:00:00+00:00,2064.9336,543.7459949474567,-1156.5179279243275,2237.1675759822747
2026-03-19 15:00:00+00:00,2064.9336,560.8808051655296,-1125.1983617212773,2251.2356077187223
2026-03-19 16:00:00+00:00,2064.9336,826.22556679648,-864.6740749352807,2514.752269351444
2026-03-19 17:00:00+00:00,2064.9336,1752.9367608060197,63.22839240765779,3445.3326505329414
2026-03-19 18:00:00+00:00,2064.9336,2291.5648992609067,601.3639567416869,3981.656231109908
2026-03-19 19:00:00+00:00,2064.9336,2403.21536433232,713.6210752431853,4096.15321517118
2026-03-19 20:00:00+00:00,2064.9336,2647.8217737082277,958.8322992536137,4336.637611511456
2026-03-19 21:00:00+00:00,2064.9336,2482.1290451782784,788.5490633123236,4169.715436817742
2026-03-19 22:00:00+00:00,2064.9336,2368.9552891993126,675.2270657070874,4058.417267261624
2026-03-19 23:00:00+00:00,2064.9336,2206.0692261873382,509.98247884395573,3895.1677245626715
2026-03-20 00:00:00+00:00,2064.9336,2032.2658997456997,331.95418191041836,3721.9515324284457
2026-03-20 01:00:00+00:00,2064.9336,1774.2488309869786,80.2254935189676,3464.578179535026
2026-03-20 02:00:00+00:00,2064.9336,1458.6574403468717,-237.73535773814365,3146.395869195887
2026-03-20 03:00:00+00:00,2064.9336,1302.4719189418981,-392.21213206855464,2990.78039286661
2026-03-20 04:00:00+00:00,2064.9336,1280.8864270291251,-417.63960819758677,2964.959193177636
2026-03-20 05:00:00+00:00,2064.9336,1334.7482467052898,-360.7419948623001,3022.51768132463
2026-03-20 06:00:00+00:00,2064.9336,1237.9436211231646,-460.1984658778438,2917.9095120620495
2026-03-20 07:00:00+00:00,2064.9336,777.6173318565504,-919.7543548645622,2462.360701798987
2026-03-20 08:00:00+00:00,2064.9336,521.6854426131188,-1173.3977607244324,2207.4839436926422
2026-03-20 09:00:00+00:00,2064.9336,508.9647228816507,-1188.891788689602,2191.9362323129926
2026-03-20 10:00:00+00:00,2064.9336,476.65193232354727,-1221.915883539502,2161.513760858445
2026-03-20 11:00:00+00:00,2064.9336,386.2697691144333,-1309.9532304667146,2073.4827213459694
2026-03-20 12:00:00+00:00,2064.9336,482.4360767117694,-1218.8468409816205,2164.336773512809
2026-03-20 13:00:00+00:00,2064.9336,521.3141478442126,-1169.237143896588,2208.4710364412927
2026-03-20 14:00:00+00:00,2064.9336,594.2047159364793,-1099.8952149656507,2282.6659423650012
2026-03-20 15:00:00+00:00,2064.9336,877.4152200337294,-814.1082009563333,2566.592924564295
2026-03-20 16:00:00+00:00,2064.9336,1320.1442884392482,-371.61268758049755,3007.1457740132523
2026-03-20 17:00:00+00:00,2064.9336,1378.801106628956,-309.15065905895653,3067.823541580555
2026-03-20 18:00:00+00:00,2064.9336,1343.5866972893327,-350.6092070083323,3028.3504551022043
2026-03-20 19:00:00+00:00,2064.9336,1222.9887520172256,-469.46767217295246,2907.5304902264393
2026-03-20 20:00:00+00:00,2064.9336,1062.5528090734645,-627.5762602686937,2748.6279819232077
2026-03-20 21:00:00+00:00,2064.9336,927.7714384254757,-767.509059217452,2612.1887616198765
2026-03-20 22:00:00+00:00,2064.9336,970.8976378833374,-718.9509591428359,2656.7147028359846
2026-03-20 23:00:00+00:00,2064.9336,770.041847224627,-921.9875608728607,2460.565628877242
2026-03-21 00:00:00+00:00,2064.9336,398.3712798438303,-1288.9237329843163,2086.315383184193
2026-03-21 01:00:00+00:00,2064.9336,449.5225660970675,-1245.912650616814,2134.191592247877
2026-03-21 02:00:00+00:00,2064.9336,489.3173738432124,-1198.859771282509,2178.909113628309
2026-03-21 03:00:00+00:00,2064.9336,839.5969414585718,-857.4931246211054,2527.1399731591896
2026-03-21 04:00:00+00:00,2064.9336,913.9826479471126,-779.8265904330497,2597.9813026972834
2026-03-21 05:00:00+00:00,2064.9336,833.9793816776337,-860.3458110426177,2521.467544854594
2026-03-21 06:00:00+00:00,2064.9336,475.52565113483524,-1218.3181092164218,2164.992117939825
2026-03-21 07:00:00+00:00,2064.9336,344.1067383721545,-1351.3862233680657,2028.4567210167456
2026-03-21 08:00:00+00:00,2064.9336,284.75572024439816,-1411.0826632491821,1970.217966483162
2026-03-21 09:00:00+00:00,2064.9336,156.7354482220785,-1541.7125352428138,1843.6916968302985
2026-03-21 10:00:00+00:00,2064.9336,115.1234916796243,-1581.237209017464,1804.398860542231
2026-03-21 11:00:00+00:00,2064.9336,324.2330471058308,-1375.3996503203339,2008.7050449119288
2026-03-21 12:00:00+00:00,2064.9336,397.53152534317337,-1300.8634781397827,2081.7501097280283
2026-03-21 13:00:00+00:00,2064.9336,1055.000573265473,-643.5077440135087,2740.4248929398627
2026-03-21 14:00:00+00:00,2064.9336,1229.5788726241055,-466.90603622047183,2909.5121492229055
2026-03-21 15:00:00+00:00,2064.9336,1370.073166204909,-322.2556625173329,3054.4203706250455
2026-03-21 16:00:00+00:00,2064.9336,1562.4670759029223,-133.24075621233305,3251.8825546006015
2026-03-21 17:00:00+00:00,2064.9336,1476.6494381480122,-211.27585633798208,3166.6121761779714
2026-03-21 18:00:00+00:00,2064.9336,1082.101280516761,-606.5876699188125,2774.501153570517
2026-03-21 19:00:00+00:00,2064.9336,966.6015933183455,-725.2758641580085,2662.8127075026323
2026-03-21 20:00:00+00:00,2064.9336,1073.3994800826515,-614.1303641648851,2769.4878391803336
2026-03-21 21:00:00+00:00,2064.9336,1414.2883450912543,-276.2402005307249,3105.8912922365625
2026-03-21 22:00:00+00:00,2064.9336,1915.2037320693603,222.28875859881373,3606.8764224712386
2026-03-21 23:00:00+00:00,2064.9336,2519.8428457583964,819.9769560427153,4209.297356184314
