date,hard_coal_ampr_actual,lignite_ampr_actual,gas_ampr_actual,biomass_ampr_actual,pumped_storage_ampr_actual,hydro_ampr_actual,other_conv_ampr_actual,other_renew_ampr_actual,hard_coal_ampr_fitted,lignite_ampr_fitted,gas_ampr_fitted,biomass_ampr_fitted,pumped_storage_ampr_fitted,hydro_ampr_fitted,other_conv_ampr_fitted,other_renew_ampr_fitted,hard_coal_ampr_lower,lignite_ampr_lower,gas_ampr_lower,biomass_ampr_lower,pumped_storage_ampr_lower,hydro_ampr_lower,other_conv_ampr_lower,other_renew_ampr_lower,hard_coal_ampr_upper,lignite_ampr_upper,gas_ampr_upper,biomass_ampr_upper,pumped_storage_ampr_upper,hydro_ampr_upper,other_conv_ampr_upper,other_renew_ampr_upper
2026-03-13 00:00:00+00:00,,,,,,,,,881.0978515336506,3096.367383470163,2490.8333219464216,743.0635362131835,122.91916087452694,108.84570754270989,611.1734922603692,50.285571513668906,1055.4749002676917,3444.4520705886116,3041.457130428496,759.9394619496663,198.97320985000115,110.05783213706243,614.5467839377267,50.88443983759199,1055.4749002676917,3444.4520705886116,3041.457130428496,759.9394619496663,198.97320985000115,110.05783213706243,614.5467839377267,50.88443983759199
2026-03-13 01:00:00+00:00,,,,,,,,,874.0553513532757,3096.4942457911243,2472.753886833234,744.1265392487205,129.43724510773586,108.84570754270989,611.1734922603692,50.285571513668906,1055.4749002676917,3444.4520705886116,3041.457130428496,759.9394619496663,198.97320985000115,110.05783213706243,614.5467839377267,50.88443983759199,1055.4749002676917,3444.4520705886116,3041.457130428496,759.9394619496663,198.97320985000115,110.05783213706243,614.5467839377267,50.88443983759199
2026-03-13 02:00:00+00:00,,,,,,,,,895.6440626831486,3091.395369040986,2549.110678528986,746.5605279939184,135.95532934094481,108.84570754270989,611.1734922603692,50.285571513668906,1055.4749002676917,3444.4520705886116,3041.457130428496,759.9394619496663,198.97320985000115,110.05783213706243,614.5467839377267,50.88443983759199,1055.4749002676917,3444.4520705886116,3041.457130428496,759.9394619496663,198.97320985000115,110.05783213706243,614.5467839377267,50.88443983759199
2026-03-13 03:00:00+00:00,,,,,,,,,924.6946592192614,3128.866115408736,2654.831501664941,749.3529372126624,142.47341357415374,108.84570754270989,611.1734922603692,50.285571513668906,1055.4749002676917,3444.4520705886116,3041.457130428496,759.9394619496663,198.97320985000115,110.05783213706243,614.5467839377267,50.88443983759199,1055.4749002676917,3444.4520705886116,3041.457130428496,759.9394619496663,198.97320985000115,110.05783213706243,614.5467839377267,50.88443983759199
2026-03-13 04:00:00+00:00,,,,,,,,,928.1876760968274,3171.772186298607,2673.5033036849118,750.9434423538963,148.9914978073627,108.84570754270989,611.1734922603692,50.285571513668906,1055.4749002676917,3444.4520705886116,3041.457130428496,759.9394619496663,198.97320985000115,110.05783213706243,614.5467839377267,50.88443983759199,1055.4749002676917,3444.4520705886116,3041.457130428496,759.9394619496663,198.97320985000115,110.05783213706243,614.5467839377267,50.88443983759199
2026-03-13 05:00:00+00:00,,,,,,,,,1028.6182419244003,3258.237596868764,3041.294505177356,758.475111972837,155.50958204057162,108.84570754270989,611.1734922603692,50.285571513668906,1055.4749002676917,3444.4520705886116,3041.457130428496,759.9394619496663,198.97320985000115,110.05783213706243,614.5467839377267,50.88443983759199,1055.4749002676917,3444.4520705886116,3041.457130428496,759.9394619496663,198.97320985000115,110.05783213706243,614.5467839377267,50.88443983759199
2026-03-13 06:00:00+00:00,,,,,,,,,1097.9689735809925,3292.5047743061887,3281.867680077743,762.968498720266,162.02766627378054,108.84570754270989,611.1734922603692,50.285571513668906,1055.4749002676917,3444.4520705886116,3041.457130428496,759.9394619496663,198.97320985000115,110.05783213706243,614.5467839377267,50.88443983759199,1055.4749002676917,3444.4520705886116,3041.457130428496,759.9394619496663,198.97320985000115,110.05783213706243,614.5467839377267,50.88443983759199
2026-03-13 07:00:00+00:00,,,,,,,,,1054.1048416429874,3194.840108789833,3071.1083053797124,758.1769840326651,168.54575050698946,108.84570754270989,611.1734922603692,50.285571513668906,1055.4749002676917,3444.4520705886116,3041.457130428496,759.9394619496663,198.97320985000115,110.05783213706243,614.5467839377267,50.88443983759199,1055.4749002676917,3444.4520705886116,3041.457130428496,759.9394619496663,198.97320985000115,110.05783213706243,614.5467839377267,50.88443983759199
2026-03-13 08:00:00+00:00,,,,,,,,,977.0244098104931,3042.7796244981146,2755.0519873137646,752.976458703768,175.06383474019842,108.84570754270989,611.1734922603692,50.285571513668906,1055.4749002676917,3444.4520705886116,3041.457130428496,759.9394619496663,198.97320985000115,110.05783213706243,614.5467839377267,50.88443983759199,1055.4749002676917,3444.4520705886116,3041.457130428496,759.9394619496663,198.97320985000115,110.05783213706243,614.5467839377267,50.88443983759199
2026-03-13 09:00:00+00:00,,,,,,,,,964.3690583207565,2890.6135046231093,2631.36734529936,747.8167649009503,181.58191897340734,108.84570754270989,611.1734922603692,50.285571513668906,1055.4749002676917,3444.4520705886116,3041.457130428496,759.9394619496663,198.97320985000115,110.05783213706243,614.5467839377267,50.88443983759199,1055.4749002676917,3444.4520705886116,3041.457130428496,759.9394619496663,198.97320985000115,110.05783213706243,614.5467839377267,50.88443983759199
2026-03-13 10:00:00+00:00,,,,,,,,,968.7172870387094,2834.203334247026,2549.582136947423,741.4179852200066,188.1000032066163,108.84570754270989,611.1734922603692,50.285571513668906,1055.4749002676917,3444.4520705886116,3041.457130428496,759.9394619496663,198.97320985000115,110.05783213706243,614.5467839377267,50.88443983759199,1055.4749002676917,3444.4520705886116,3041.457130428496,759.9394619496663,198.97320985000115,110.05783213706243,614.5467839377267,50.88443983759199
2026-03-13 11:00:00+00:00,,,,,,,,,992.8555741760792,2855.0146627975646,2571.4506792812604,739.0287672193635,194.61808743982522,108.84570754270989,611.1734922603692,50.285571513668906,1055.4749002676917,3444.4520705886116,3041.457130428496,759.9394619496663,198.97320985000115,110.05783213706243,614.5467839377267,50.88443983759199,1055.4749002676917,3444.4520705886116,3041.457130428496,759.9394619496663,198.97320985000115,110.05783213706243,614.5467839377267,50.88443983759199
2026-03-13 12:00:00+00:00,,,,,,,,,975.0158806833613,2832.424544230827,2558.567267745502,743.3179827592566,201.13617167303414,108.84570754270989,611.1734922603692,50.285571513668906,1055.4749002676917,3444.4520705886116,3041.457130428496,759.9394619496663,198.97320985000115,110.05783213706243,614.5467839377267,50.88443983759199,1055.4749002676917,3444.4520705886116,3041.457130428496,759.9394619496663,198.97320985000115,110.05783213706243,614.5467839377267,50.88443983759199
2026-03-13 13:00:00+00:00,,,,,,,,,1039.0067948720073,2949.617725485123,2762.9491234224624,745.3704167686649,207.6542559062431,108.84570754270989,611.1734922603692,50.285571513668906,1055.4749002676917,3444.4520705886116,3041.457130428496,759.9394619496663,198.97320985000115,110.05783213706243,614.5467839377267,50.88443983759199,1055.4749002676917,3444.4520705886116,3041.457130428496,759.9394619496663,198.97320985000115,110.05783213706243,614.5467839377267,50.88443983759199
2026-03-13 14:00:00+00:00,,,,,,,,,1049.6005652605793,3064.299065932752,2902.7487904735444,754.2826381295167,214.17234013945202,108.84570754270989,611.1734922603692,50.285571513668906,1055.4749002676917,3444.4520705886116,3041.457130428496,759.9394619496663,198.97320985000115,110.05783213706243,614.5467839377267,50.88443983759199,1055.4749002676917,3444.4520705886116,3041.457130428496,759.9394619496663,198.97320985000115,110.05783213706243,614.5467839377267,50.88443983759199
2026-03-13 15:00:00+00:00,,,,,,,,,1160.9196676918425,3339.9712574920795,3350.813027116023,763.8033216786403,220.69042437266097,108.84570754270989,611.1734922603692,50.285571513668906,1055.4749002676917,3444.4520705886116,3041.457130428496,759.9394619496663,198.97320985000115,110.05783213706243,614.5467839377267,50.88443983759199,1055.4749002676917,3444.4520705886116,3041.457130428496,759.9394619496663,198.97320985000115,110.05783213706243,614.5467839377267,50.88443983759199
2026-03-13 16:00:00+00:00,,,,,,,,,1211.7897999752606,3488.0800791842726,3574.984013466112,769.7086359941324,227.2085086058699,108.84570754270989,611.1734922603692,50.285571513668906,1055.4749002676917,3444.4520705886116,3041.457130428496,759.9394619496663,198.97320985000115,110.05783213706243,614.5467839377267,50.88443983759199,1055.4749002676917,3444.4520705886116,3041.457130428496,759.9394619496663,198.97320985000115,110.05783213706243,614.5467839377267,50.88443983759199
2026-03-13 17:00:00+00:00,,,,,,,,,1167.2085279370954,3544.877998128879,3471.240893404079,771.8156778944237,233.72659283907882,108.84570754270989,611.1734922603692,50.285571513668906,1055.4749002676917,3444.4520705886116,3041.457130428496,759.9394619496663,198.97320985000115,110.05783213706243,614.5467839377267,50.88443983759199,1055.4749002676917,3444.4520705886116,3041.457130428496,759.9394619496663,198.97320985000115,110.05783213706243,614.5467839377267,50.88443983759199
2026-03-13 18:00:00+00:00,,,,,,,,,1189.29599240977,3635.3016901792084,3561.135910822039,773.9451781960634,240.24467707228777,108.84570754270989,611.1734922603692,50.285571513668906,1055.4749002676917,3444.4520705886116,3041.457130428496,759.9394619496663,198.97320985000115,110.05783213706243,614.5467839377267,50.88443983759199,1055.4749002676917,3444.4520705886116,3041.457130428496,759.9394619496663,198.97320985000115,110.05783213706243,614.5467839377267,50.88443983759199
2026-03-13 19:00:00+00:00,,,,,,,,,1182.704102965204,3570.188975876814,3516.592184128173,773.7373294429174,246.7627613054967,108.84570754270989,611.1734922603692,50.285571513668906,1055.4749002676917,3444.4520705886116,3041.457130428496,759.9394619496663,198.97320985000115,110.05783213706243,614.5467839377267,50.88443983759199,1055.4749002676917,3444.4520705886116,3041.457130428496,759.9394619496663,198.97320985000115,110.05783213706243,614.5467839377267,50.88443983759199
2026-03-13 20:00:00+00:00,,,,,,,,,1158.022644123539,3589.333289413786,3449.6470109399966,774.4577333466111,253.28084553870565,108.84570754270989,611.1734922603692,50.285571513668906,1055.4749002676917,3444.4520705886116,3041.457130428496,759.9394619496663,198.97320985000115,110.05783213706243,614.5467839377267,50.88443983759199,1055.4749002676917,3444.4520705886116,3041.457130428496,759.9394619496663,198.97320985000115,110.05783213706243,614.5467839377267,50.88443983759199
2026-03-13 21:00:00+00:00,,,,,,,,,1136.5856075651768,3561.85153512857,3375.8645727037556,774.3006352825114,259.7989297719146,108.84570754270989,611.1734922603692,50.285571513668906,1055.4749002676917,3444.4520705886116,3041.457130428496,759.9394619496663,198.97320985000115,110.05783213706243,614.5467839377267,50.88443983759199,1055.4749002676917,3444.4520705886116,3041.457130428496,759.9394619496663,198.97320985000115,110.05783213706243,614.5467839377267,50.88443983759199
2026-03-13 22:00:00+00:00,,,,,,,,,1121.7934440951772,3524.564920952883,3309.587645204049,773.457041404873,266.3170140051235,108.84570754270989,611.1734922603692,50.285571513668906,1055.4749002676917,3444.4520705886116,3041.457130428496,759.9394619496663,198.97320985000115,110.05783213706243,614.5467839377267,50.88443983759199,1055.4749002676917,3444.4520705886116,3041.457130428496,759.9394619496663,198.97320985000115,110.05783213706243,614.5467839377267,50.88443983759199
2026-03-13 23:00:00+00:00,,,,,,,,,1106.5574317182234,3540.948032880424,3210.438120684744,770.535048694965,272.8350982383324,108.84570754270989,611.1734922603692,50.285571513668906,1055.4749002676917,3444.4520705886116,3041.457130428496,759.9394619496663,198.97320985000115,110.05783213706243,614.5467839377267,50.88443983759199,1055.4749002676917,3444.4520705886116,3041.457130428496,759.9394619496663,198.97320985000115,110.05783213706243,614.5467839377267,50.88443983759199
2026-03-14 00:00:00+00:00,,,,,,,,,1057.1417899194341,3506.599693689359,2965.778335255707,738.0832848699263,122.91916087452694,108.84570754270989,611.1734922603692,50.285571513668906,1055.4749002676917,3444.4520705886116,3041.457130428496,759.9394619496663,198.97320985000115,110.05783213706243,614.5467839377267,50.88443983759199,1055.4749002676917,3444.4520705886116,3041.457130428496,759.9394619496663,198.97320985000115,110.05783213706243,614.5467839377267,50.88443983759199
2026-03-14 01:00:00+00:00,,,,,,,,,1095.5796769268065,3557.590746708884,3080.6573700010163,739.3146374170369,129.43724510773586,108.84570754270989,611.1734922603692,50.285571513668906,1055.4749002676917,3444.4520705886116,3041.457130428496,759.9394619496663,198.97320985000115,110.05783213706243,614.5467839377267,50.88443983759199,1055.4749002676917,3444.4520705886116,3041.457130428496,759.9394619496663,198.97320985000115,110.05783213706243,614.5467839377267,50.88443983759199
2026-03-14 02:00:00+00:00,,,,,,,,,1096.7160782512653,3571.834068547769,3097.8320119765417,741.7271891158733,135.95532934094481,108.84570754270989,611.1734922603692,50.285571513668906,1055.4749002676917,3444.4520705886116,3041.457130428496,759.9394619496663,198.97320985000115,110.05783213706243,614.5467839377267,50.88443983759199,1055.4749002676917,3444.4520705886116,3041.457130428496,759.9394619496663,198.97320985000115,110.05783213706243,614.5467839377267,50.88443983759199
2026-03-14 03:00:00+00:00,,,,,,,,,1112.236688070788,3584.582748862412,3180.6397485494263,746.4487784793305,142.47341357415374,108.84570754270989,611.1734922603692,50.285571513668906,1055.4749002676917,3444.4520705886116,3041.457130428496,759.9394619496663,198.97320985000115,110.05783213706243,614.5467839377267,50.88443983759199,1055.4749002676917,3444.4520705886116,3041.457130428496,759.9394619496663,198.97320985000115,110.05783213706243,614.5467839377267,50.88443983759199
2026-03-14 04:00:00+00:00,,,,,,,,,1109.6829436652079,3597.3088029215933,3137.4047512074985,744.6626754264151,148.9914978073627,108.84570754270989,611.1734922603692,50.285571513668906,1055.4749002676917,3444.4520705886116,3041.457130428496,759.9394619496663,198.97320985000115,110.05783213706243,614.5467839377267,50.88443983759199,1055.4749002676917,3444.4520705886116,3041.457130428496,759.9394619496663,198.97320985000115,110.05783213706243,614.5467839377267,50.88443983759199
2026-03-14 05:00:00+00:00,,,,,,,,,1135.9034088678648,3640.111777680489,3238.2161065227338,747.7757093773569,155.50958204057162,108.84570754270989,611.1734922603692,50.285571513668906,1055.4749002676917,3444.4520705886116,3041.457130428496,759.9394619496663,198.97320985000115,110.05783213706243,614.5467839377267,50.88443983759199,1055.4749002676917,3444.4520705886116,3041.457130428496,759.9394619496663,198.97320985000115,110.05783213706243,614.5467839377267,50.88443983759199
2026-03-14 06:00:00+00:00,,,,,,,,,1163.0571706143526,3629.8155158956342,3307.2757935956565,748.8945142120432,162.02766627378054,108.84570754270989,611.1734922603692,50.285571513668906,1055.4749002676917,3444.4520705886116,3041.457130428496,759.9394619496663,198.97320985000115,110.05783213706243,614.5467839377267,50.88443983759199,1055.4749002676917,3444.4520705886116,3041.457130428496,759.9394619496663,198.97320985000115,110.05783213706243,614.5467839377267,50.88443983759199
2026-03-14 07:00:00+00:00,,,,,,,,,1168.546172265329,3619.088733388064,3362.85428013037,753.1193741592548,168.54575050698946,108.84570754270989,611.1734922603692,50.285571513668906,1055.4749002676917,3444.4520705886116,3041.457130428496,759.9394619496663,198.97320985000115,110.05783213706243,614.5467839377267,50.88443983759199,1055.4749002676917,3444.4520705886116,3041.457130428496,759.9394619496663,198.97320985000115,110.05783213706243,614.5467839377267,50.88443983759199
2026-03-14 08:00:00+00:00,,,,,,,,,1181.0863289483632,3621.652187498613,3420.7605464006774,755.686296368232,175.06383474019842,108.84570754270989,611.1734922603692,50.285571513668906,1055.4749002676917,3444.4520705886116,3041.457130428496,759.9394619496663,198.97320985000115,110.05783213706243,614.5467839377267,50.88443983759199,1055.4749002676917,3444.4520705886116,3041.457130428496,759.9394619496663,198.97320985000115,110.05783213706243,614.5467839377267,50.88443983759199
2026-03-14 09:00:00+00:00,,,,,,,,,1156.7239236369835,3577.808237907576,3335.299365405125,756.0894886470476,181.58191897340734,108.84570754270989,611.1734922603692,50.285571513668906,1055.4749002676917,3444.4520705886116,3041.457130428496,759.9394619496663,198.97320985000115,110.05783213706243,614.5467839377267,50.88443983759199,1055.4749002676917,3444.4520705886116,3041.457130428496,759.9394619496663,198.97320985000115,110.05783213706243,614.5467839377267,50.88443983759199
2026-03-14 10:00:00+00:00,,,,,,,,,1161.2595615905316,3511.4349123070883,3318.88919201905,756.1742231703147,188.1000032066163,108.84570754270989,611.1734922603692,50.285571513668906,1055.4749002676917,3444.4520705886116,3041.457130428496,759.9394619496663,198.97320985000115,110.05783213706243,614.5467839377267,50.88443983759199,1055.4749002676917,3444.4520705886116,3041.457130428496,759.9394619496663,198.97320985000115,110.05783213706243,614.5467839377267,50.88443983759199
2026-03-14 11:00:00+00:00,,,,,,,,,1148.0714876952086,3482.2688128378372,3266.216601013449,755.2555852199965,194.61808743982522,108.84570754270989,611.1734922603692,50.285571513668906,1055.4749002676917,3444.4520705886116,3041.457130428496,759.9394619496663,198.97320985000115,110.05783213706243,614.5467839377267,50.88443983759199,1055.4749002676917,3444.4520705886116,3041.457130428496,759.9394619496663,198.97320985000115,110.05783213706243,614.5467839377267,50.88443983759199
2026-03-14 12:00:00+00:00,,,,,,,,,1122.1572895101986,3527.684358540362,3183.42987852741,754.4194957567133,201.13617167303414,108.84570754270989,611.1734922603692,50.285571513668906,1055.4749002676917,3444.4520705886116,3041.457130428496,759.9394619496663,198.97320985000115,110.05783213706243,614.5467839377267,50.88443983759199,1055.4749002676917,3444.4520705886116,3041.457130428496,759.9394619496663,198.97320985000115,110.05783213706243,614.5467839377267,50.88443983759199
2026-03-14 13:00:00+00:00,,,,,,,,,1116.3169265821928,3576.736549778691,3180.457261061901,756.1359202256688,207.6542559062431,108.84570754270989,611.1734922603692,50.285571513668906,1055.4749002676917,3444.4520705886116,3041.457130428496,759.9394619496663,198.97320985000115,110.05783213706243,614.5467839377267,50.88443983759199,1055.4749002676917,3444.4520705886116,3041.457130428496,759.9394619496663,198.97320985000115,110.05783213706243,614.5467839377267,50.88443983759199
2026-03-14 14:00:00+00:00,,,,,,,,,1135.2837260416873,3647.719642752543,3243.6172371165453,756.7136216003803,214.17234013945202,108.84570754270989,611.1734922603692,50.285571513668906,1055.4749002676917,3444.4520705886116,3041.457130428496,759.9394619496663,198.97320985000115,110.05783213706243,614.5467839377267,50.88443983759199,1055.4749002676917,3444.4520705886116,3041.457130428496,759.9394619496663,198.97320985000115,110.05783213706243,614.5467839377267,50.88443983759199
2026-03-14 15:00:00+00:00,,,,,,,,,1167.001275787535,3737.396524837902,3390.6436789337417,761.5353544431736,220.69042437266097,108.84570754270989,611.1734922603692,50.285571513668906,1055.4749002676917,3444.4520705886116,3041.457130428496,759.9394619496663,198.97320985000115,110.05783213706243,614.5467839377267,50.88443983759199,1055.4749002676917,3444.4520705886116,3041.457130428496,759.9394619496663,198.97320985000115,110.05783213706243,614.5467839377267,50.88443983759199
2026-03-14 16:00:00+00:00,,,,,,,,,1201.6035436589805,3803.7190208649236,3531.68787088784,765.7095220402807,227.2085086058699,108.84570754270989,611.1734922603692,50.285571513668906,1055.4749002676917,3444.4520705886116,3041.457130428496,759.9394619496663,198.97320985000115,110.05783213706243,614.5467839377267,50.88443983759199,1055.4749002676917,3444.4520705886116,3041.457130428496,759.9394619496663,198.97320985000115,110.05783213706243,614.5467839377267,50.88443983759199
2026-03-14 17:00:00+00:00,,,,,,,,,1222.693882000899,3813.876182452359,3639.3410408586788,770.2095220852483,233.72659283907882,108.84570754270989,611.1734922603692,50.285571513668906,1055.4749002676917,3444.4520705886116,3041.457130428496,759.9394619496663,198.97320985000115,110.05783213706243,614.5467839377267,50.88443983759199,1055.4749002676917,3444.4520705886116,3041.457130428496,759.9394619496663,198.97320985000115,110.05783213706243,614.5467839377267,50.88443983759199
2026-03-14 18:00:00+00:00,,,,,,,,,1203.5561493175665,3766.905812904038,3619.84371083922,775.2580916426047,240.24467707228777,108.84570754270989,611.1734922603692,50.285571513668906,1055.4749002676917,3444.4520705886116,3041.457130428496,759.9394619496663,198.97320985000115,110.05783213706243,614.5467839377267,50.88443983759199,1055.4749002676917,3444.4520705886116,3041.457130428496,759.9394619496663,198.97320985000115,110.05783213706243,614.5467839377267,50.88443983759199
2026-03-14 19:00:00+00:00,,,,,,,,,1180.2871684604459,3765.2767389718265,3537.6627820829644,774.6679480725436,246.7627613054967,108.84570754270989,611.1734922603692,50.285571513668906,1055.4749002676917,3444.4520705886116,3041.457130428496,759.9394619496663,198.97320985000115,110.05783213706243,614.5467839377267,50.88443983759199,1055.4749002676917,3444.4520705886116,3041.457130428496,759.9394619496663,198.97320985000115,110.05783213706243,614.5467839377267,50.88443983759199
2026-03-14 20:00:00+00:00,,,,,,,,,1177.610534521888,3755.0325124284623,3539.8866587968378,776.8582541724054,253.28084553870565,108.84570754270989,611.1734922603692,50.285571513668906,1055.4749002676917,3444.4520705886116,3041.457130428496,759.9394619496663,198.97320985000115,110.05783213706243,614.5467839377267,50.88443983759199,1055.4749002676917,3444.4520705886116,3041.457130428496,759.9394619496663,198.97320985000115,110.05783213706243,614.5467839377267,50.88443983759199
2026-03-14 21:00:00+00:00,,,,,,,,,1108.100053558072,3703.7477211317773,3315.9805622296103,776.0486180289026,259.7989297719146,108.84570754270989,611.1734922603692,50.285571513668906,1055.4749002676917,3444.4520705886116,3041.457130428496,759.9394619496663,198.97320985000115,110.05783213706243,614.5467839377267,50.88443983759199,1055.4749002676917,3444.4520705886116,3041.457130428496,759.9394619496663,198.97320985000115,110.05783213706243,614.5467839377267,50.88443983759199
2026-03-14 22:00:00+00:00,,,,,,,,,1083.089271698046,3644.088688909486,3209.0429682244944,774.6181870680999,266.3170140051235,108.84570754270989,611.1734922603692,50.285571513668906,1055.4749002676917,3444.4520705886116,3041.457130428496,759.9394619496663,198.97320985000115,110.05783213706243,614.5467839377267,50.88443983759199,1055.4749002676917,3444.4520705886116,3041.457130428496,759.9394619496663,198.97320985000115,110.05783213706243,614.5467839377267,50.88443983759199
2026-03-14 23:00:00+00:00,,,,,,,,,1051.8032040197031,3589.687721903752,3080.6675346102934,772.8768481742636,272.8350982383324,108.84570754270989,611.1734922603692,50.285571513668906,1055.4749002676917,3444.4520705886116,3041.457130428496,759.9394619496663,198.97320985000115,110.05783213706243,614.5467839377267,50.88443983759199,1055.4749002676917,3444.4520705886116,3041.457130428496,759.9394619496663,198.97320985000115,110.05783213706243,614.5467839377267,50.88443983759199
2026-03-15 00:00:00+00:00,,,,,,,,,1039.0945467282106,3570.0887843370524,2959.5728438092638,741.8804874977907,122.91916087452694,108.84570754270989,611.1734922603692,50.285571513668906,1055.4749002676917,3444.4520705886116,3041.457130428496,759.9394619496663,198.97320985000115,110.05783213706243,614.5467839377267,50.88443983759199,1055.4749002676917,3444.4520705886116,3041.457130428496,759.9394619496663,198.97320985000115,110.05783213706243,614.5467839377267,50.88443983759199
2026-03-15 01:00:00+00:00,,,,,,,,,1058.9403242241892,3580.300966868858,3033.966215283798,744.2031667518224,129.43724510773586,108.84570754270989,611.1734922603692,50.285571513668906,1055.4749002676917,3444.4520705886116,3041.457130428496,759.9394619496663,198.97320985000115,110.05783213706243,614.5467839377267,50.88443983759199,1055.4749002676917,3444.4520705886116,3041.457130428496,759.9394619496663,198.97320985000115,110.05783213706243,614.5467839377267,50.88443983759199
2026-03-15 02:00:00+00:00,,,,,,,,,1054.6776991405147,3584.614853845821,3024.2183041772955,745.4055823704007,135.95532934094481,108.84570754270989,611.1734922603692,50.285571513668906,1055.4749002676917,3444.4520705886116,3041.457130428496,759.9394619496663,198.97320985000115,110.05783213706243,614.5467839377267,50.88443983759199,1055.4749002676917,3444.4520705886116,3041.457130428496,759.9394619496663,198.97320985000115,110.05783213706243,614.5467839377267,50.88443983759199
2026-03-15 03:00:00+00:00,,,,,,,,,1045.9970634439924,3578.8200172286524,2999.615989257616,746.4018380783166,142.47341357415374,108.84570754270989,611.1734922603692,50.285571513668906,1055.4749002676917,3444.4520705886116,3041.457130428496,759.9394619496663,198.97320985000115,110.05783213706243,614.5467839377267,50.88443983759199,1055.4749002676917,3444.4520705886116,3041.457130428496,759.9394619496663,198.97320985000115,110.05783213706243,614.5467839377267,50.88443983759199
2026-03-15 04:00:00+00:00,,,,,,,,,1072.8681217752835,3609.6358376203684,3084.050491764435,747.6952556679394,148.9914978073627,108.84570754270989,611.1734922603692,50.285571513668906,1055.4749002676917,3444.4520705886116,3041.457130428496,759.9394619496663,198.97320985000115,110.05783213706243,614.5467839377267,50.88443983759199,1055.4749002676917,3444.4520705886116,3041.457130428496,759.9394619496663,198.97320985000115,110.05783213706243,614.5467839377267,50.88443983759199
2026-03-15 05:00:00+00:00,,,,,,,,,1080.1163772383027,3647.5157306621204,3125.520290918777,750.3962299574044,155.50958204057162,108.84570754270989,611.1734922603692,50.285571513668906,1055.4749002676917,3444.4520705886116,3041.457130428496,759.9394619496663,198.97320985000115,110.05783213706243,614.5467839377267,50.88443983759199,1055.4749002676917,3444.4520705886116,3041.457130428496,759.9394619496663,198.97320985000115,110.05783213706243,614.5467839377267,50.88443983759199
2026-03-15 06:00:00+00:00,,,,,,,,,1136.201096905861,3686.842264935456,3303.095933377572,752.5270615848386,162.02766627378054,108.84570754270989,611.1734922603692,50.285571513668906,1055.4749002676917,3444.4520705886116,3041.457130428496,759.9394619496663,198.97320985000115,110.05783213706243,614.5467839377267,50.88443983759199,1055.4749002676917,3444.4520705886116,3041.457130428496,759.9394619496663,198.97320985000115,110.05783213706243,614.5467839377267,50.88443983759199
2026-03-15 07:00:00+00:00,,,,,,,,,1135.2330821683997,3655.0932688359726,3309.6798435974742,754.4624144385181,168.54575050698946,108.84570754270989,611.1734922603692,50.285571513668906,1055.4749002676917,3444.4520705886116,3041.457130428496,759.9394619496663,198.97320985000115,110.05783213706243,614.5467839377267,50.88443983759199,1055.4749002676917,3444.4520705886116,3041.457130428496,759.9394619496663,198.97320985000115,110.05783213706243,614.5467839377267,50.88443983759199
2026-03-15 08:00:00+00:00,,,,,,,,,1100.5384651115955,3589.265714986915,3160.5766529439356,752.1390627817335,175.06383474019842,108.84570754270989,611.1734922603692,50.285571513668906,1055.4749002676917,3444.4520705886116,3041.457130428496,759.9394619496663,198.97320985000115,110.05783213706243,614.5467839377267,50.88443983759199,1055.4749002676917,3444.4520705886116,3041.457130428496,759.9394619496663,198.97320985000115,110.05783213706243,614.5467839377267,50.88443983759199
2026-03-15 09:00:00+00:00,,,,,,,,,1057.3196746634846,3458.9513095407906,2968.524048338726,748.3331521548918,181.58191897340734,108.84570754270989,611.1734922603692,50.285571513668906,1055.4749002676917,3444.4520705886116,3041.457130428496,759.9394619496663,198.97320985000115,110.05783213706243,614.5467839377267,50.88443983759199,1055.4749002676917,3444.4520705886116,3041.457130428496,759.9394619496663,198.97320985000115,110.05783213706243,614.5467839377267,50.88443983759199
2026-03-15 10:00:00+00:00,,,,,,,,,1004.0131305381002,3347.385544301338,2776.176752589641,746.5335460098819,188.1000032066163,108.84570754270989,611.1734922603692,50.285571513668906,1055.4749002676917,3444.4520705886116,3041.457130428496,759.9394619496663,198.97320985000115,110.05783213706243,614.5467839377267,50.88443983759199,1055.4749002676917,3444.4520705886116,3041.457130428496,759.9394619496663,198.97320985000115,110.05783213706243,614.5467839377267,50.88443983759199
2026-03-15 11:00:00+00:00,,,,,,,,,976.7829180978796,3311.406538810146,2678.9431355354363,745.944957187802,194.61808743982522,108.84570754270989,611.1734922603692,50.285571513668906,1055.4749002676917,3444.4520705886116,3041.457130428496,759.9394619496663,198.97320985000115,110.05783213706243,614.5467839377267,50.88443983759199,1055.4749002676917,3444.4520705886116,3041.457130428496,759.9394619496663,198.97320985000115,110.05783213706243,614.5467839377267,50.88443983759199
2026-03-15 12:00:00+00:00,,,,,,,,,949.5970971883269,3293.718947847321,2567.3183269925116,744.0804319278401,201.13617167303414,108.84570754270989,611.1734922603692,50.285571513668906,1055.4749002676917,3444.4520705886116,3041.457130428496,759.9394619496663,198.97320985000115,110.05783213706243,614.5467839377267,50.88443983759199,1055.4749002676917,3444.4520705886116,3041.457130428496,759.9394619496663,198.97320985000115,110.05783213706243,614.5467839377267,50.88443983759199
2026-03-15 13:00:00+00:00,,,,,,,,,947.5844316919065,3303.7970086958658,2563.0384435709407,744.9891763987641,207.6542559062431,108.84570754270989,611.1734922603692,50.285571513668906,1055.4749002676917,3444.4520705886116,3041.457130428496,759.9394619496663,198.97320985000115,110.05783213706243,614.5467839377267,50.88443983759199,1055.4749002676917,3444.4520705886116,3041.457130428496,759.9394619496663,198.97320985000115,110.05783213706243,614.5467839377267,50.88443983759199
2026-03-15 14:00:00+00:00,,,,,,,,,990.8718350933198,3373.999217927033,2774.0473441409404,752.3228081269306,214.17234013945202,108.84570754270989,611.1734922603692,50.285571513668906,1055.4749002676917,3444.4520705886116,3041.457130428496,759.9394619496663,198.97320985000115,110.05783213706243,614.5467839377267,50.88443983759199,1055.4749002676917,3444.4520705886116,3041.457130428496,759.9394619496663,198.97320985000115,110.05783213706243,614.5467839377267,50.88443983759199
2026-03-15 15:00:00+00:00,,,,,,,,,1067.786781494032,3500.3218627566653,3070.3118777523237,758.6615560893426,220.69042437266097,108.84570754270989,611.1734922603692,50.285571513668906,1055.4749002676917,3444.4520705886116,3041.457130428496,759.9394619496663,198.97320985000115,110.05783213706243,614.5467839377267,50.88443983759199,1055.4749002676917,3444.4520705886116,3041.457130428496,759.9394619496663,198.97320985000115,110.05783213706243,614.5467839377267,50.88443983759199
2026-03-15 16:00:00+00:00,,,,,,,,,1158.6899114229554,3650.2592752520122,3429.3275181159206,766.7513036100914,227.2085086058699,108.84570754270989,611.1734922603692,50.285571513668906,1055.4749002676917,3444.4520705886116,3041.457130428496,759.9394619496663,198.97320985000115,110.05783213706243,614.5467839377267,50.88443983759199,1055.4749002676917,3444.4520705886116,3041.457130428496,759.9394619496663,198.97320985000115,110.05783213706243,614.5467839377267,50.88443983759199
2026-03-15 17:00:00+00:00,,,,,,,,,1173.0844529746948,3698.955863048372,3524.8302877852348,772.0655309282365,233.72659283907882,108.84570754270989,611.1734922603692,50.285571513668906,1055.4749002676917,3444.4520705886116,3041.457130428496,759.9394619496663,198.97320985000115,110.05783213706243,614.5467839377267,50.88443983759199,1055.4749002676917,3444.4520705886116,3041.457130428496,759.9394619496663,198.97320985000115,110.05783213706243,614.5467839377267,50.88443983759199
2026-03-15 18:00:00+00:00,,,,,,,,,1125.9716479728465,3588.8908887001435,3384.8767341917305,772.955031492988,240.24467707228777,108.84570754270989,611.1734922603692,50.285571513668906,1055.4749002676917,3444.4520705886116,3041.457130428496,759.9394619496663,198.97320985000115,110.05783213706243,614.5467839377267,50.88443983759199,1055.4749002676917,3444.4520705886116,3041.457130428496,759.9394619496663,198.97320985000115,110.05783213706243,614.5467839377267,50.88443983759199
2026-03-15 19:00:00+00:00,,,,,,,,,1043.7265889891196,3471.603476378399,3120.60668243358,772.3598387743106,246.7627613054967,108.84570754270989,611.1734922603692,50.285571513668906,1055.4749002676917,3444.4520705886116,3041.457130428496,759.9394619496663,198.97320985000115,110.05783213706243,614.5467839377267,50.88443983759199,1055.4749002676917,3444.4520705886116,3041.457130428496,759.9394619496663,198.97320985000115,110.05783213706243,614.5467839377267,50.88443983759199
2026-03-15 20:00:00+00:00,,,,,,,,,990.0394037570369,3390.4992469898316,2944.6249122576983,772.0811001297228,253.28084553870565,108.84570754270989,611.1734922603692,50.285571513668906,1055.4749002676917,3444.4520705886116,3041.457130428496,759.9394619496663,198.97320985000115,110.05783213706243,614.5467839377267,50.88443983759199,1055.4749002676917,3444.4520705886116,3041.457130428496,759.9394619496663,198.97320985000115,110.05783213706243,614.5467839377267,50.88443983759199
2026-03-15 21:00:00+00:00,,,,,,,,,993.322321707419,3375.212748393438,2932.1107916544465,771.5983534402992,259.7989297719146,108.84570754270989,611.1734922603692,50.285571513668906,1055.4749002676917,3444.4520705886116,3041.457130428496,759.9394619496663,198.97320985000115,110.05783213706243,614.5467839377267,50.88443983759199,1055.4749002676917,3444.4520705886116,3041.457130428496,759.9394619496663,198.97320985000115,110.05783213706243,614.5467839377267,50.88443983759199
2026-03-15 22:00:00+00:00,,,,,,,,,942.2948427214544,3285.2754986872237,2771.6054724545784,772.3539362242369,266.3170140051235,108.84570754270989,611.1734922603692,50.285571513668906,1055.4749002676917,3444.4520705886116,3041.457130428496,759.9394619496663,198.97320985000115,110.05783213706243,614.5467839377267,50.88443983759199,1055.4749002676917,3444.4520705886116,3041.457130428496,759.9394619496663,198.97320985000115,110.05783213706243,614.5467839377267,50.88443983759199
2026-03-15 23:00:00+00:00,,,,,,,,,883.7836091220938,3175.276032897218,2579.472820902576,772.726018168895,272.8350982383324,108.84570754270989,611.1734922603692,50.285571513668906,1055.4749002676917,3444.4520705886116,3041.457130428496,759.9394619496663,198.97320985000115,110.05783213706243,614.5467839377267,50.88443983759199,1055.4749002676917,3444.4520705886116,3041.457130428496,759.9394619496663,198.97320985000115,110.05783213706243,614.5467839377267,50.88443983759199
2026-03-16 00:00:00+00:00,,,,,,,,,899.8577427584651,3139.4440848011263,2552.677286970489,742.5534663664364,122.91916087452694,108.84570754270989,611.1734922603692,50.285571513668906,1055.4749002676917,3444.4520705886116,3041.457130428496,759.9394619496663,198.97320985000115,110.05783213706243,614.5467839377267,50.88443983759199,1055.4749002676917,3444.4520705886116,3041.457130428496,759.9394619496663,198.97320985000115,110.05783213706243,614.5467839377267,50.88443983759199
2026-03-16 01:00:00+00:00,,,,,,,,,904.6140620869403,3158.920163000751,2563.5422002706723,743.1287758121255,129.43724510773586,108.84570754270989,611.1734922603692,50.285571513668906,1055.4749002676917,3444.4520705886116,3041.457130428496,759.9394619496663,198.97320985000115,110.05783213706243,614.5467839377267,50.88443983759199,1055.4749002676917,3444.4520705886116,3041.457130428496,759.9394619496663,198.97320985000115,110.05783213706243,614.5467839377267,50.88443983759199
2026-03-16 02:00:00+00:00,,,,,,,,,939.8625679779565,3184.3024097363214,2671.6077956108747,744.8599476281152,135.95532934094481,108.84570754270989,611.1734922603692,50.285571513668906,1055.4749002676917,3444.4520705886116,3041.457130428496,759.9394619496663,198.97320985000115,110.05783213706243,614.5467839377267,50.88443983759199,1055.4749002676917,3444.4520705886116,3041.457130428496,759.9394619496663,198.97320985000115,110.05783213706243,614.5467839377267,50.88443983759199
2026-03-16 03:00:00+00:00,,,,,,,,,991.52372123358,3247.6290977463123,2828.5968639899415,746.4111008984615,142.47341357415374,108.84570754270989,611.1734922603692,50.285571513668906,1055.4749002676917,3444.4520705886116,3041.457130428496,759.9394619496663,198.97320985000115,110.05783213706243,614.5467839377267,50.88443983759199,1055.4749002676917,3444.4520705886116,3041.457130428496,759.9394619496663,198.97320985000115,110.05783213706243,614.5467839377267,50.88443983759199
2026-03-16 04:00:00+00:00,,,,,,,,,1006.4140884110775,3401.214560962433,2907.987230894165,750.2703438903843,148.9914978073627,108.84570754270989,611.1734922603692,50.285571513668906,1055.4749002676917,3444.4520705886116,3041.457130428496,759.9394619496663,198.97320985000115,110.05783213706243,614.5467839377267,50.88443983759199,1055.4749002676917,3444.4520705886116,3041.457130428496,759.9394619496663,198.97320985000115,110.05783213706243,614.5467839377267,50.88443983759199
2026-03-16 05:00:00+00:00,,,,,,,,,1092.2435249480136,3497.988892021681,3256.372501503899,759.5584785704337,155.50958204057162,108.84570754270989,611.1734922603692,50.285571513668906,1055.4749002676917,3444.4520705886116,3041.457130428496,759.9394619496663,198.97320985000115,110.05783213706243,614.5467839377267,50.88443983759199,1055.4749002676917,3444.4520705886116,3041.457130428496,759.9394619496663,198.97320985000115,110.05783213706243,614.5467839377267,50.88443983759199
2026-03-16 06:00:00+00:00,,,,,,,,,1132.1267836258978,3561.437347316926,3407.564551446259,763.7321110574147,162.02766627378054,108.84570754270989,611.1734922603692,50.285571513668906,1055.4749002676917,3444.4520705886116,3041.457130428496,759.9394619496663,198.97320985000115,110.05783213706243,614.5467839377267,50.88443983759199,1055.4749002676917,3444.4520705886116,3041.457130428496,759.9394619496663,198.97320985000115,110.05783213706243,614.5467839377267,50.88443983759199
2026-03-16 07:00:00+00:00,,,,,,,,,1146.9582999882134,3524.154137383147,3432.1105360765428,763.657895593901,168.54575050698946,108.84570754270989,611.1734922603692,50.285571513668906,1055.4749002676917,3444.4520705886116,3041.457130428496,759.9394619496663,198.97320985000115,110.05783213706243,614.5467839377267,50.88443983759199,1055.4749002676917,3444.4520705886116,3041.457130428496,759.9394619496663,198.97320985000115,110.05783213706243,614.5467839377267,50.88443983759199
2026-03-16 08:00:00+00:00,,,,,,,,,1166.7425934462105,3482.080789037555,3421.493863053259,759.2392796772676,175.06383474019842,108.84570754270989,611.1734922603692,50.285571513668906,1055.4749002676917,3444.4520705886116,3041.457130428496,759.9394619496663,198.97320985000115,110.05783213706243,614.5467839377267,50.88443983759199,1055.4749002676917,3444.4520705886116,3041.457130428496,759.9394619496663,198.97320985000115,110.05783213706243,614.5467839377267,50.88443983759199
2026-03-16 09:00:00+00:00,,,,,,,,,1115.6843489466476,3316.9443143152353,3256.996460589095,760.3235273752737,181.58191897340734,108.84570754270989,611.1734922603692,50.285571513668906,1055.4749002676917,3444.4520705886116,3041.457130428496,759.9394619496663,198.97320985000115,110.05783213706243,614.5467839377267,50.88443983759199,1055.4749002676917,3444.4520705886116,3041.457130428496,759.9394619496663,198.97320985000115,110.05783213706243,614.5467839377267,50.88443983759199
2026-03-16 10:00:00+00:00,,,,,,,,,1074.0491590406584,3281.943237984995,3141.7822258375145,761.4621581045805,188.1000032066163,108.84570754270989,611.1734922603692,50.285571513668906,1055.4749002676917,3444.4520705886116,3041.457130428496,759.9394619496663,198.97320985000115,110.05783213706243,614.5467839377267,50.88443983759199,1055.4749002676917,3444.4520705886116,3041.457130428496,759.9394619496663,198.97320985000115,110.05783213706243,614.5467839377267,50.88443983759199
2026-03-16 11:00:00+00:00,,,,,,,,,1074.7647367797058,3262.3815935448347,3125.5601942827725,760.6429919032267,194.61808743982522,108.84570754270989,611.1734922603692,50.285571513668906,1055.4749002676917,3444.4520705886116,3041.457130428496,759.9394619496663,198.97320985000115,110.05783213706243,614.5467839377267,50.88443983759199,1055.4749002676917,3444.4520705886116,3041.457130428496,759.9394619496663,198.97320985000115,110.05783213706243,614.5467839377267,50.88443983759199
2026-03-16 12:00:00+00:00,,,,,,,,,1077.2723120320284,3329.3968322800365,3152.7218576885175,762.9305136316111,201.13617167303414,108.84570754270989,611.1734922603692,50.285571513668906,1055.4749002676917,3444.4520705886116,3041.457130428496,759.9394619496663,198.97320985000115,110.05783213706243,614.5467839377267,50.88443983759199,1055.4749002676917,3444.4520705886116,3041.457130428496,759.9394619496663,198.97320985000115,110.05783213706243,614.5467839377267,50.88443983759199
2026-03-16 13:00:00+00:00,,,,,,,,,1102.7941420356542,3334.2616532874454,3241.9394508524865,765.0803891065582,207.6542559062431,108.84570754270989,611.1734922603692,50.285571513668906,1055.4749002676917,3444.4520705886116,3041.457130428496,759.9394619496663,198.97320985000115,110.05783213706243,614.5467839377267,50.88443983759199,1055.4749002676917,3444.4520705886116,3041.457130428496,759.9394619496663,198.97320985000115,110.05783213706243,614.5467839377267,50.88443983759199
2026-03-16 14:00:00+00:00,,,,,,,,,1134.46451649283,3379.636585228367,3356.671941037323,767.2011654174555,214.17234013945202,108.84570754270989,611.1734922603692,50.285571513668906,1055.4749002676917,3444.4520705886116,3041.457130428496,759.9394619496663,198.97320985000115,110.05783213706243,614.5467839377267,50.88443983759199,1055.4749002676917,3444.4520705886116,3041.457130428496,759.9394619496663,198.97320985000115,110.05783213706243,614.5467839377267,50.88443983759199
2026-03-16 15:00:00+00:00,,,,,,,,,1157.0485938430395,3443.4132813314313,3440.998454320203,769.843750058253,220.69042437266097,108.84570754270989,611.1734922603692,50.285571513668906,1055.4749002676917,3444.4520705886116,3041.457130428496,759.9394619496663,198.97320985000115,110.05783213706243,614.5467839377267,50.88443983759199,1055.4749002676917,3444.4520705886116,3041.457130428496,759.9394619496663,198.97320985000115,110.05783213706243,614.5467839377267,50.88443983759199
2026-03-16 16:00:00+00:00,,,,,,,,,1202.4416295641001,3626.6066842750715,3664.0079221762453,777.0270063178875,227.2085086058699,108.84570754270989,611.1734922603692,50.285571513668906,1055.4749002676917,3444.4520705886116,3041.457130428496,759.9394619496663,198.97320985000115,110.05783213706243,614.5467839377267,50.88443983759199,1055.4749002676917,3444.4520705886116,3041.457130428496,759.9394619496663,198.97320985000115,110.05783213706243,614.5467839377267,50.88443983759199
2026-03-16 17:00:00+00:00,,,,,,,,,1266.1517805544456,3775.131521827905,3911.694466945154,781.9789843565636,233.72659283907882,108.84570754270989,611.1734922603692,50.285571513668906,1055.4749002676917,3444.4520705886116,3041.457130428496,759.9394619496663,198.97320985000115,110.05783213706243,614.5467839377267,50.88443983759199,1055.4749002676917,3444.4520705886116,3041.457130428496,759.9394619496663,198.97320985000115,110.05783213706243,614.5467839377267,50.88443983759199
2026-03-16 18:00:00+00:00,,,,,,,,,1255.082412095283,3790.304988206033,3864.573943465545,781.9854087098004,240.24467707228777,108.84570754270989,611.1734922603692,50.285571513668906,1055.4749002676917,3444.4520705886116,3041.457130428496,759.9394619496663,198.97320985000115,110.05783213706243,614.5467839377267,50.88443983759199,1055.4749002676917,3444.4520705886116,3041.457130428496,759.9394619496663,198.97320985000115,110.05783213706243,614.5467839377267,50.88443983759199
2026-03-16 19:00:00+00:00,,,,,,,,,1227.3173047492403,3772.8256686116297,3770.617765598409,781.9066461552904,246.7627613054967,108.84570754270989,611.1734922603692,50.285571513668906,1055.4749002676917,3444.4520705886116,3041.457130428496,759.9394619496663,198.97320985000115,110.05783213706243,614.5467839377267,50.88443983759199,1055.4749002676917,3444.4520705886116,3041.457130428496,759.9394619496663,198.97320985000115,110.05783213706243,614.5467839377267,50.88443983759199
2026-03-16 20:00:00+00:00,,,,,,,,,1187.4789148752034,3714.702424123497,3611.2444016947156,779.7415380644765,253.28084553870565,108.84570754270989,611.1734922603692,50.285571513668906,1055.4749002676917,3444.4520705886116,3041.457130428496,759.9394619496663,198.97320985000115,110.05783213706243,614.5467839377267,50.88443983759199,1055.4749002676917,3444.4520705886116,3041.457130428496,759.9394619496663,198.97320985000115,110.05783213706243,614.5467839377267,50.88443983759199
2026-03-16 21:00:00+00:00,,,,,,,,,1143.8173840962806,3641.1792711464545,3442.6729500163533,777.9722527786712,259.7989297719146,108.84570754270989,611.1734922603692,50.285571513668906,1055.4749002676917,3444.4520705886116,3041.457130428496,759.9394619496663,198.97320985000115,110.05783213706243,614.5467839377267,50.88443983759199,1055.4749002676917,3444.4520705886116,3041.457130428496,759.9394619496663,198.97320985000115,110.05783213706243,614.5467839377267,50.88443983759199
2026-03-16 22:00:00+00:00,,,,,,,,,1121.9962522661754,3616.8363198363586,3351.260033571059,776.8906654613963,266.3170140051235,108.84570754270989,611.1734922603692,50.285571513668906,1055.4749002676917,3444.4520705886116,3041.457130428496,759.9394619496663,198.97320985000115,110.05783213706243,614.5467839377267,50.88443983759199,1055.4749002676917,3444.4520705886116,3041.457130428496,759.9394619496663,198.97320985000115,110.05783213706243,614.5467839377267,50.88443983759199
2026-03-16 23:00:00+00:00,,,,,,,,,1084.8001520761961,3554.4739184845585,3198.9587986339297,774.7896649872895,272.8350982383324,108.84570754270989,611.1734922603692,50.285571513668906,1055.4749002676917,3444.4520705886116,3041.457130428496,759.9394619496663,198.97320985000115,110.05783213706243,614.5467839377267,50.88443983759199,1055.4749002676917,3444.4520705886116,3041.457130428496,759.9394619496663,198.97320985000115,110.05783213706243,614.5467839377267,50.88443983759199
2026-03-17 00:00:00+00:00,,,,,,,,,1068.5491964440942,3548.6269097090703,3086.9837867068436,744.9031600164344,122.91916087452694,108.84570754270989,611.1734922603692,50.285571513668906,1055.4749002676917,3444.4520705886116,3041.457130428496,759.9394619496663,198.97320985000115,110.05783213706243,614.5467839377267,50.88443983759199,1055.4749002676917,3444.4520705886116,3041.457130428496,759.9394619496663,198.97320985000115,110.05783213706243,614.5467839377267,50.88443983759199
2026-03-17 01:00:00+00:00,,,,,,,,,1059.7811662802005,3550.560429803236,3074.707466628545,746.7990988982885,129.43724510773586,108.84570754270989,611.1734922603692,50.285571513668906,1055.4749002676917,3444.4520705886116,3041.457130428496,759.9394619496663,198.97320985000115,110.05783213706243,614.5467839377267,50.88443983759199,1055.4749002676917,3444.4520705886116,3041.457130428496,759.9394619496663,198.97320985000115,110.05783213706243,614.5467839377267,50.88443983759199
2026-03-17 02:00:00+00:00,,,,,,,,,1074.8985111561772,3574.290496422179,3127.546448946769,748.2186294450338,135.95532934094481,108.84570754270989,611.1734922603692,50.285571513668906,1055.4749002676917,3444.4520705886116,3041.457130428496,759.9394619496663,198.97320985000115,110.05783213706243,614.5467839377267,50.88443983759199,1055.4749002676917,3444.4520705886116,3041.457130428496,759.9394619496663,198.97320985000115,110.05783213706243,614.5467839377267,50.88443983759199
2026-03-17 03:00:00+00:00,,,,,,,,,1090.8830279168203,3575.1564262701672,3200.996964987139,751.3468159841075,142.47341357415374,108.84570754270989,611.1734922603692,50.285571513668906,1055.4749002676917,3444.4520705886116,3041.457130428496,759.9394619496663,198.97320985000115,110.05783213706243,614.5467839377267,50.88443983759199,1055.4749002676917,3444.4520705886116,3041.457130428496,759.9394619496663,198.97320985000115,110.05783213706243,614.5467839377267,50.88443983759199
2026-03-17 04:00:00+00:00,,,,,,,,,1137.354315889432,3651.8561464896147,3380.362259426377,755.4141937592045,148.9914978073627,108.84570754270989,611.1734922603692,50.285571513668906,1055.4749002676917,3444.4520705886116,3041.457130428496,759.9394619496663,198.97320985000115,110.05783213706243,614.5467839377267,50.88443983759199,1055.4749002676917,3444.4520705886116,3041.457130428496,759.9394619496663,198.97320985000115,110.05783213706243,614.5467839377267,50.88443983759199
2026-03-17 05:00:00+00:00,,,,,,,,,1208.4635402787958,3746.1260704731044,3698.9032458657034,765.0921165915922,155.50958204057162,108.84570754270989,611.1734922603692,50.285571513668906,1055.4749002676917,3444.4520705886116,3041.457130428496,759.9394619496663,198.97320985000115,110.05783213706243,614.5467839377267,50.88443983759199,1055.4749002676917,3444.4520705886116,3041.457130428496,759.9394619496663,198.97320985000115,110.05783213706243,614.5467839377267,50.88443983759199
2026-03-17 06:00:00+00:00,,,,,,,,,1254.7866792403079,3766.7924636495136,3843.070201306692,766.90487435064,162.02766627378054,108.84570754270989,611.1734922603692,50.285571513668906,1055.4749002676917,3444.4520705886116,3041.457130428496,759.9394619496663,198.97320985000115,110.05783213706243,614.5467839377267,50.88443983759199,1055.4749002676917,3444.4520705886116,3041.457130428496,759.9394619496663,198.97320985000115,110.05783213706243,614.5467839377267,50.88443983759199
2026-03-17 07:00:00+00:00,,,,,,,,,1246.7000812030226,3704.195827851932,3803.144432282649,767.1313377865398,168.54575050698946,108.84570754270989,611.1734922603692,50.285571513668906,1055.4749002676917,3444.4520705886116,3041.457130428496,759.9394619496663,198.97320985000115,110.05783213706243,614.5467839377267,50.88443983759199,1055.4749002676917,3444.4520705886116,3041.457130428496,759.9394619496663,198.97320985000115,110.05783213706243,614.5467839377267,50.88443983759199
2026-03-17 08:00:00+00:00,,,,,,,,,1224.156820720307,3635.231179494082,3703.267189874089,765.9510025916422,175.06383474019842,108.84570754270989,611.1734922603692,50.285571513668906,1055.4749002676917,3444.4520705886116,3041.457130428496,759.9394619496663,198.97320985000115,110.05783213706243,614.5467839377267,50.88443983759199,1055.4749002676917,3444.4520705886116,3041.457130428496,759.9394619496663,198.97320985000115,110.05783213706243,614.5467839377267,50.88443983759199
2026-03-17 09:00:00+00:00,,,,,,,,,1184.0884918374884,3523.494732313465,3513.569076305442,762.3578054372235,181.58191897340734,108.84570754270989,611.1734922603692,50.285571513668906,1055.4749002676917,3444.4520705886116,3041.457130428496,759.9394619496663,198.97320985000115,110.05783213706243,614.5467839377267,50.88443983759199,1055.4749002676917,3444.4520705886116,3041.457130428496,759.9394619496663,198.97320985000115,110.05783213706243,614.5467839377267,50.88443983759199
2026-03-17 10:00:00+00:00,,,,,,,,,1171.3750487779143,3432.671741591953,3434.56430696764,760.4270657789722,188.1000032066163,108.84570754270989,611.1734922603692,50.285571513668906,1055.4749002676917,3444.4520705886116,3041.457130428496,759.9394619496663,198.97320985000115,110.05783213706243,614.5467839377267,50.88443983759199,1055.4749002676917,3444.4520705886116,3041.457130428496,759.9394619496663,198.97320985000115,110.05783213706243,614.5467839377267,50.88443983759199
2026-03-17 11:00:00+00:00,,,,,,,,,1168.6501345523513,3400.7809904777696,3404.908296256632,759.8777368170535,194.61808743982522,108.84570754270989,611.1734922603692,50.285571513668906,1055.4749002676917,3444.4520705886116,3041.457130428496,759.9394619496663,198.97320985000115,110.05783213706243,614.5467839377267,50.88443983759199,1055.4749002676917,3444.4520705886116,3041.457130428496,759.9394619496663,198.97320985000115,110.05783213706243,614.5467839377267,50.88443983759199
2026-03-17 12:00:00+00:00,,,,,,,,,1160.4976416240886,3413.943694314835,3381.360167063831,760.9693100799954,201.13617167303414,108.84570754270989,611.1734922603692,50.285571513668906,1055.4749002676917,3444.4520705886116,3041.457130428496,759.9394619496663,198.97320985000115,110.05783213706243,614.5467839377267,50.88443983759199,1055.4749002676917,3444.4520705886116,3041.457130428496,759.9394619496663,198.97320985000115,110.05783213706243,614.5467839377267,50.88443983759199
2026-03-17 13:00:00+00:00,,,,,,,,,1152.8120363119124,3445.4630151382667,3356.307191631543,761.6142056936347,207.6542559062431,108.84570754270989,611.1734922603692,50.285571513668906,1055.4749002676917,3444.4520705886116,3041.457130428496,759.9394619496663,198.97320985000115,110.05783213706243,614.5467839377267,50.88443983759199,1055.4749002676917,3444.4520705886116,3041.457130428496,759.9394619496663,198.97320985000115,110.05783213706243,614.5467839377267,50.88443983759199
2026-03-17 14:00:00+00:00,,,,,,,,,1157.4803338634406,3529.5765059070063,3410.6982922737457,765.2020298259929,214.17234013945202,108.84570754270989,611.1734922603692,50.285571513668906,1055.4749002676917,3444.4520705886116,3041.457130428496,759.9394619496663,198.97320985000115,110.05783213706243,614.5467839377267,50.88443983759199,1055.4749002676917,3444.4520705886116,3041.457130428496,759.9394619496663,198.97320985000115,110.05783213706243,614.5467839377267,50.88443983759199
2026-03-17 15:00:00+00:00,,,,,,,,,1187.3743899447113,3634.133740939394,3559.990699405704,770.0116622329839,220.69042437266097,108.84570754270989,611.1734922603692,50.285571513668906,1055.4749002676917,3444.4520705886116,3041.457130428496,759.9394619496663,198.97320985000115,110.05783213706243,614.5467839377267,50.88443983759199,1055.4749002676917,3444.4520705886116,3041.457130428496,759.9394619496663,198.97320985000115,110.05783213706243,614.5467839377267,50.88443983759199
2026-03-17 16:00:00+00:00,,,,,,,,,1225.7838592389403,3772.0829950906673,3744.715036740796,776.3788127307205,227.2085086058699,108.84570754270989,611.1734922603692,50.285571513668906,1055.4749002676917,3444.4520705886116,3041.457130428496,759.9394619496663,198.97320985000115,110.05783213706243,614.5467839377267,50.88443983759199,1055.4749002676917,3444.4520705886116,3041.457130428496,759.9394619496663,198.97320985000115,110.05783213706243,614.5467839377267,50.88443983759199
2026-03-17 17:00:00+00:00,,,,,,,,,1245.7409019796355,3803.5734988082113,3841.1232045251663,780.6641999574077,233.72659283907882,108.84570754270989,611.1734922603692,50.285571513668906,1055.4749002676917,3444.4520705886116,3041.457130428496,759.9394619496663,198.97320985000115,110.05783213706243,614.5467839377267,50.88443983759199,1055.4749002676917,3444.4520705886116,3041.457130428496,759.9394619496663,198.97320985000115,110.05783213706243,614.5467839377267,50.88443983759199
2026-03-17 18:00:00+00:00,,,,,,,,,1223.2704013673003,3758.3063762730194,3775.764890866226,782.0749935258724,240.24467707228777,108.84570754270989,611.1734922603692,50.285571513668906,1055.4749002676917,3444.4520705886116,3041.457130428496,759.9394619496663,198.97320985000115,110.05783213706243,614.5467839377267,50.88443983759199,1055.4749002676917,3444.4520705886116,3041.457130428496,759.9394619496663,198.97320985000115,110.05783213706243,614.5467839377267,50.88443983759199
2026-03-17 19:00:00+00:00,,,,,,,,,1206.3857724089087,3709.834771778644,3684.771537562818,780.2131568398962,246.7627613054967,108.84570754270989,611.1734922603692,50.285571513668906,1055.4749002676917,3444.4520705886116,3041.457130428496,759.9394619496663,198.97320985000115,110.05783213706243,614.5467839377267,50.88443983759199,1055.4749002676917,3444.4520705886116,3041.457130428496,759.9394619496663,198.97320985000115,110.05783213706243,614.5467839377267,50.88443983759199
2026-03-17 20:00:00+00:00,,,,,,,,,1150.2659971185437,3609.0820520292737,3472.514388638815,778.147257927084,253.28084553870565,108.84570754270989,611.1734922603692,50.285571513668906,1055.4749002676917,3444.4520705886116,3041.457130428496,759.9394619496663,198.97320985000115,110.05783213706243,614.5467839377267,50.88443983759199,1055.4749002676917,3444.4520705886116,3041.457130428496,759.9394619496663,198.97320985000115,110.05783213706243,614.5467839377267,50.88443983759199
2026-03-17 21:00:00+00:00,,,,,,,,,1109.3316187722578,3535.2159620171433,3333.9232771105526,778.3984714503382,259.7989297719146,108.84570754270989,611.1734922603692,50.285571513668906,1055.4749002676917,3444.4520705886116,3041.457130428496,759.9394619496663,198.97320985000115,110.05783213706243,614.5467839377267,50.88443983759199,1055.4749002676917,3444.4520705886116,3041.457130428496,759.9394619496663,198.97320985000115,110.05783213706243,614.5467839377267,50.88443983759199
2026-03-17 22:00:00+00:00,,,,,,,,,1085.7903340580133,3473.615205027014,3206.7170655011664,774.9151428931258,266.3170140051235,108.84570754270989,611.1734922603692,50.285571513668906,1055.4749002676917,3444.4520705886116,3041.457130428496,759.9394619496663,198.97320985000115,110.05783213706243,614.5467839377267,50.88443983759199,1055.4749002676917,3444.4520705886116,3041.457130428496,759.9394619496663,198.97320985000115,110.05783213706243,614.5467839377267,50.88443983759199
2026-03-17 23:00:00+00:00,,,,,,,,,1070.198616169289,3428.845194328776,3134.80211371284,773.6066427793892,272.8350982383324,108.84570754270989,611.1734922603692,50.285571513668906,1055.4749002676917,3444.4520705886116,3041.457130428496,759.9394619496663,198.97320985000115,110.05783213706243,614.5467839377267,50.88443983759199,1055.4749002676917,3444.4520705886116,3041.457130428496,759.9394619496663,198.97320985000115,110.05783213706243,614.5467839377267,50.88443983759199
2026-03-18 00:00:00+00:00,,,,,,,,,1056.5811586267123,3424.373833417474,3020.8939126136393,742.8832898128505,122.91916087452694,108.84570754270989,611.1734922603692,50.285571513668906,1055.4749002676917,3444.4520705886116,3041.457130428496,759.9394619496663,198.97320985000115,110.05783213706243,614.5467839377267,50.88443983759199,1055.4749002676917,3444.4520705886116,3041.457130428496,759.9394619496663,198.97320985000115,110.05783213706243,614.5467839377267,50.88443983759199
2026-03-18 01:00:00+00:00,,,,,,,,,1067.3920750520133,3447.4304583688163,3072.6269560568844,745.0723846916119,129.43724510773586,108.84570754270989,611.1734922603692,50.285571513668906,1055.4749002676917,3444.4520705886116,3041.457130428496,759.9394619496663,198.97320985000115,110.05783213706243,614.5467839377267,50.88443983759199,1055.4749002676917,3444.4520705886116,3041.457130428496,759.9394619496663,198.97320985000115,110.05783213706243,614.5467839377267,50.88443983759199
2026-03-18 02:00:00+00:00,,,,,,,,,1068.2449928823182,3469.4403230302946,3083.1017508903246,746.2836475829201,135.95532934094481,108.84570754270989,611.1734922603692,50.285571513668906,1055.4749002676917,3444.4520705886116,3041.457130428496,759.9394619496663,198.97320985000115,110.05783213706243,614.5467839377267,50.88443983759199,1055.4749002676917,3444.4520705886116,3041.457130428496,759.9394619496663,198.97320985000115,110.05783213706243,614.5467839377267,50.88443983759199
2026-03-18 03:00:00+00:00,,,,,,,,,1093.9806681097791,3514.0120852381233,3168.947765682583,747.9298685955229,142.47341357415374,108.84570754270989,611.1734922603692,50.285571513668906,1055.4749002676917,3444.4520705886116,3041.457130428496,759.9394619496663,198.97320985000115,110.05783213706243,614.5467839377267,50.88443983759199,1055.4749002676917,3444.4520705886116,3041.457130428496,759.9394619496663,198.97320985000115,110.05783213706243,614.5467839377267,50.88443983759199
2026-03-18 04:00:00+00:00,,,,,,,,,1142.2458837052936,3589.5804538244656,3360.0021413424492,752.8980936318635,148.9914978073627,108.84570754270989,611.1734922603692,50.285571513668906,1055.4749002676917,3444.4520705886116,3041.457130428496,759.9394619496663,198.97320985000115,110.05783213706243,614.5467839377267,50.88443983759199,1055.4749002676917,3444.4520705886116,3041.457130428496,759.9394619496663,198.97320985000115,110.05783213706243,614.5467839377267,50.88443983759199
2026-03-18 05:00:00+00:00,,,,,,,,,1224.5670066618272,3697.0163006498747,3684.65554571136,760.7043862032684,155.50958204057162,108.84570754270989,611.1734922603692,50.285571513668906,1055.4749002676917,3444.4520705886116,3041.457130428496,759.9394619496663,198.97320985000115,110.05783213706243,614.5467839377267,50.88443983759199,1055.4749002676917,3444.4520705886116,3041.457130428496,759.9394619496663,198.97320985000115,110.05783213706243,614.5467839377267,50.88443983759199
2026-03-18 06:00:00+00:00,,,,,,,,,1214.6920251800695,3685.537696418962,3685.11811801572,764.7443407977669,162.02766627378054,108.84570754270989,611.1734922603692,50.285571513668906,1055.4749002676917,3444.4520705886116,3041.457130428496,759.9394619496663,198.97320985000115,110.05783213706243,614.5467839377267,50.88443983759199,1055.4749002676917,3444.4520705886116,3041.457130428496,759.9394619496663,198.97320985000115,110.05783213706243,614.5467839377267,50.88443983759199
2026-03-18 07:00:00+00:00,,,,,,,,,1168.6797889250413,3515.2220808606853,3426.8354841829523,755.8853435777154,168.54575050698946,108.84570754270989,611.1734922603692,50.285571513668906,1055.4749002676917,3444.4520705886116,3041.457130428496,759.9394619496663,198.97320985000115,110.05783213706243,614.5467839377267,50.88443983759199,1055.4749002676917,3444.4520705886116,3041.457130428496,759.9394619496663,198.97320985000115,110.05783213706243,614.5467839377267,50.88443983759199
2026-03-18 08:00:00+00:00,,,,,,,,,1099.227053874812,3370.5995265581228,3106.0285038657316,747.6884221407331,175.06383474019842,108.84570754270989,611.1734922603692,50.285571513668906,1055.4749002676917,3444.4520705886116,3041.457130428496,759.9394619496663,198.97320985000115,110.05783213706243,614.5467839377267,50.88443983759199,1055.4749002676917,3444.4520705886116,3041.457130428496,759.9394619496663,198.97320985000115,110.05783213706243,614.5467839377267,50.88443983759199
2026-03-18 09:00:00+00:00,,,,,,,,,1049.1123152283596,3205.496616019817,2845.4401616099594,740.6386988051902,181.58191897340734,108.84570754270989,611.1734922603692,50.285571513668906,1055.4749002676917,3444.4520705886116,3041.457130428496,759.9394619496663,198.97320985000115,110.05783213706243,614.5467839377267,50.88443983759199,1055.4749002676917,3444.4520705886116,3041.457130428496,759.9394619496663,198.97320985000115,110.05783213706243,614.5467839377267,50.88443983759199
2026-03-18 10:00:00+00:00,,,,,,,,,1007.844070309585,3150.5658800521833,2643.3193050713317,735.6144555778275,188.1000032066163,108.84570754270989,611.1734922603692,50.285571513668906,1055.4749002676917,3444.4520705886116,3041.457130428496,759.9394619496663,198.97320985000115,110.05783213706243,614.5467839377267,50.88443983759199,1055.4749002676917,3444.4520705886116,3041.457130428496,759.9394619496663,198.97320985000115,110.05783213706243,614.5467839377267,50.88443983759199
2026-03-18 11:00:00+00:00,,,,,,,,,1014.2331238212281,3123.018021527313,2694.1810620943893,739.6339505446554,194.61808743982522,108.84570754270989,611.1734922603692,50.285571513668906,1055.4749002676917,3444.4520705886116,3041.457130428496,759.9394619496663,198.97320985000115,110.05783213706243,614.5467839377267,50.88443983759199,1055.4749002676917,3444.4520705886116,3041.457130428496,759.9394619496663,198.97320985000115,110.05783213706243,614.5467839377267,50.88443983759199
2026-03-18 12:00:00+00:00,,,,,,,,,984.4399904890312,3126.187540279291,2528.1073905087,733.7408195431597,201.13617167303414,108.84570754270989,611.1734922603692,50.285571513668906,1055.4749002676917,3444.4520705886116,3041.457130428496,759.9394619496663,198.97320985000115,110.05783213706243,614.5467839377267,50.88443983759199,1055.4749002676917,3444.4520705886116,3041.457130428496,759.9394619496663,198.97320985000115,110.05783213706243,614.5467839377267,50.88443983759199
2026-03-18 13:00:00+00:00,,,,,,,,,970.2227458292251,3222.5683604206724,2516.3131893071813,736.9028721514193,207.6542559062431,108.84570754270989,611.1734922603692,50.285571513668906,1055.4749002676917,3444.4520705886116,3041.457130428496,759.9394619496663,198.97320985000115,110.05783213706243,614.5467839377267,50.88443983759199,1055.4749002676917,3444.4520705886116,3041.457130428496,759.9394619496663,198.97320985000115,110.05783213706243,614.5467839377267,50.88443983759199
2026-03-18 14:00:00+00:00,,,,,,,,,1008.2388544963413,3334.316856445315,2712.663220823845,744.6795944515993,214.17234013945202,108.84570754270989,611.1734922603692,50.285571513668906,1055.4749002676917,3444.4520705886116,3041.457130428496,759.9394619496663,198.97320985000115,110.05783213706243,614.5467839377267,50.88443983759199,1055.4749002676917,3444.4520705886116,3041.457130428496,759.9394619496663,198.97320985000115,110.05783213706243,614.5467839377267,50.88443983759199
2026-03-18 15:00:00+00:00,,,,,,,,,1062.8273522900315,3508.248377995129,2990.198685424817,754.1532802405496,220.69042437266097,108.84570754270989,611.1734922603692,50.285571513668906,1055.4749002676917,3444.4520705886116,3041.457130428496,759.9394619496663,198.97320985000115,110.05783213706243,614.5467839377267,50.88443983759199,1055.4749002676917,3444.4520705886116,3041.457130428496,759.9394619496663,198.97320985000115,110.05783213706243,614.5467839377267,50.88443983759199
2026-03-18 16:00:00+00:00,,,,,,,,,1158.374856068603,3717.5528995276013,3423.872730159066,766.8036148452934,227.2085086058699,108.84570754270989,611.1734922603692,50.285571513668906,1055.4749002676917,3444.4520705886116,3041.457130428496,759.9394619496663,198.97320985000115,110.05783213706243,614.5467839377267,50.88443983759199,1055.4749002676917,3444.4520705886116,3041.457130428496,759.9394619496663,198.97320985000115,110.05783213706243,614.5467839377267,50.88443983759199
2026-03-18 17:00:00+00:00,,,,,,,,,1178.6157599282756,3773.7604576210842,3537.069864314727,772.0427508298285,233.72659283907882,108.84570754270989,611.1734922603692,50.285571513668906,1055.4749002676917,3444.4520705886116,3041.457130428496,759.9394619496663,198.97320985000115,110.05783213706243,614.5467839377267,50.88443983759199,1055.4749002676917,3444.4520705886116,3041.457130428496,759.9394619496663,198.97320985000115,110.05783213706243,614.5467839377267,50.88443983759199
2026-03-18 18:00:00+00:00,,,,,,,,,1157.7928270851078,3753.757012108308,3460.464387687727,771.8165576107776,240.24467707228777,108.84570754270989,611.1734922603692,50.285571513668906,1055.4749002676917,3444.4520705886116,3041.457130428496,759.9394619496663,198.97320985000115,110.05783213706243,614.5467839377267,50.88443983759199,1055.4749002676917,3444.4520705886116,3041.457130428496,759.9394619496663,198.97320985000115,110.05783213706243,614.5467839377267,50.88443983759199
2026-03-18 19:00:00+00:00,,,,,,,,,1123.9958412131555,3678.092212477203,3329.3055803825187,770.6221564416817,246.7627613054967,108.84570754270989,611.1734922603692,50.285571513668906,1055.4749002676917,3444.4520705886116,3041.457130428496,759.9394619496663,198.97320985000115,110.05783213706243,614.5467839377267,50.88443983759199,1055.4749002676917,3444.4520705886116,3041.457130428496,759.9394619496663,198.97320985000115,110.05783213706243,614.5467839377267,50.88443983759199
2026-03-18 20:00:00+00:00,,,,,,,,,1049.1432345831563,3577.034391242321,3097.2228958319715,771.0767396538596,253.28084553870565,108.84570754270989,611.1734922603692,50.285571513668906,1055.4749002676917,3444.4520705886116,3041.457130428496,759.9394619496663,198.97320985000115,110.05783213706243,614.5467839377267,50.88443983759199,1055.4749002676917,3444.4520705886116,3041.457130428496,759.9394619496663,198.97320985000115,110.05783213706243,614.5467839377267,50.88443983759199
2026-03-18 21:00:00+00:00,,,,,,,,,994.8709718315146,3515.9935508770195,2910.3741660292567,770.0996541098659,259.7989297719146,108.84570754270989,611.1734922603692,50.285571513668906,1055.4749002676917,3444.4520705886116,3041.457130428496,759.9394619496663,198.97320985000115,110.05783213706243,614.5467839377267,50.88443983759199,1055.4749002676917,3444.4520705886116,3041.457130428496,759.9394619496663,198.97320985000115,110.05783213706243,614.5467839377267,50.88443983759199
2026-03-18 22:00:00+00:00,,,,,,,,,1002.1289408742507,3517.6961866577453,2908.4261504000374,769.305229732682,266.3170140051235,108.84570754270989,611.1734922603692,50.285571513668906,1055.4749002676917,3444.4520705886116,3041.457130428496,759.9394619496663,198.97320985000115,110.05783213706243,614.5467839377267,50.88443983759199,1055.4749002676917,3444.4520705886116,3041.457130428496,759.9394619496663,198.97320985000115,110.05783213706243,614.5467839377267,50.88443983759199
2026-03-18 23:00:00+00:00,,,,,,,,,980.147247782736,3525.5449848786625,2845.7498836734585,770.3897584206578,272.8350982383324,108.84570754270989,611.1734922603692,50.285571513668906,1055.4749002676917,3444.4520705886116,3041.457130428496,759.9394619496663,198.97320985000115,110.05783213706243,614.5467839377267,50.88443983759199,1055.4749002676917,3444.4520705886116,3041.457130428496,759.9394619496663,198.97320985000115,110.05783213706243,614.5467839377267,50.88443983759199
2026-03-19 00:00:00+00:00,,,,,,,,,1004.4872271352913,3551.471207014355,2837.741485905331,739.286002665032,122.91916087452694,108.84570754270989,611.1734922603692,50.285571513668906,1055.4749002676917,3444.4520705886116,3041.457130428496,759.9394619496663,198.97320985000115,110.05783213706243,614.5467839377267,50.88443983759199,1055.4749002676917,3444.4520705886116,3041.457130428496,759.9394619496663,198.97320985000115,110.05783213706243,614.5467839377267,50.88443983759199
2026-03-19 01:00:00+00:00,,,,,,,,,993.4319717337575,3574.2282370077914,2802.333095816083,739.9287237142782,129.43724510773586,108.84570754270989,611.1734922603692,50.285571513668906,1055.4749002676917,3444.4520705886116,3041.457130428496,759.9394619496663,198.97320985000115,110.05783213706243,614.5467839377267,50.88443983759199,1055.4749002676917,3444.4520705886116,3041.457130428496,759.9394619496663,198.97320985000115,110.05783213706243,614.5467839377267,50.88443983759199
2026-03-19 02:00:00+00:00,,,,,,,,,997.4044133839882,3602.9724094165194,2854.2834487681444,744.3667311414771,135.95532934094481,108.84570754270989,611.1734922603692,50.285571513668906,1055.4749002676917,3444.4520705886116,3041.457130428496,759.9394619496663,198.97320985000115,110.05783213706243,614.5467839377267,50.88443983759199,1055.4749002676917,3444.4520705886116,3041.457130428496,759.9394619496663,198.97320985000115,110.05783213706243,614.5467839377267,50.88443983759199
2026-03-19 03:00:00+00:00,,,,,,,,,997.5916371200166,3652.9143489366757,2866.4101997205835,745.9173025278385,142.47341357415374,108.84570754270989,611.1734922603692,50.285571513668906,1055.4749002676917,3444.4520705886116,3041.457130428496,759.9394619496663,198.97320985000115,110.05783213706243,614.5467839377267,50.88443983759199,1055.4749002676917,3444.4520705886116,3041.457130428496,759.9394619496663,198.97320985000115,110.05783213706243,614.5467839377267,50.88443983759199
2026-03-19 04:00:00+00:00,,,,,,,,,1053.3948239591475,3750.757179414949,3084.3317151741767,751.0277613544403,148.9914978073627,108.84570754270989,611.1734922603692,50.285571513668906,1055.4749002676917,3444.4520705886116,3041.457130428496,759.9394619496663,198.97320985000115,110.05783213706243,614.5467839377267,50.88443983759199,1055.4749002676917,3444.4520705886116,3041.457130428496,759.9394619496663,198.97320985000115,110.05783213706243,614.5467839377267,50.88443983759199
2026-03-19 05:00:00+00:00,,,,,,,,,1145.6144487055822,3858.82653188869,3455.6035353682228,760.1474416144138,155.50958204057162,108.84570754270989,611.1734922603692,50.285571513668906,1055.4749002676917,3444.4520705886116,3041.457130428496,759.9394619496663,198.97320985000115,110.05783213706243,614.5467839377267,50.88443983759199,1055.4749002676917,3444.4520705886116,3041.457130428496,759.9394619496663,198.97320985000115,110.05783213706243,614.5467839377267,50.88443983759199
2026-03-19 06:00:00+00:00,,,,,,,,,1181.7564764439678,3863.9879084412073,3590.5534559665216,763.8397554467782,162.02766627378054,108.84570754270989,611.1734922603692,50.285571513668906,1055.4749002676917,3444.4520705886116,3041.457130428496,759.9394619496663,198.97320985000115,110.05783213706243,614.5467839377267,50.88443983759199,1055.4749002676917,3444.4520705886116,3041.457130428496,759.9394619496663,198.97320985000115,110.05783213706243,614.5467839377267,50.88443983759199
2026-03-19 07:00:00+00:00,,,,,,,,,1126.2885646204236,3729.7274320767706,3391.811388194026,762.4593695382175,168.54575050698946,108.84570754270989,611.1734922603692,50.285571513668906,1055.4749002676917,3444.4520705886116,3041.457130428496,759.9394619496663,198.97320985000115,110.05783213706243,614.5467839377267,50.88443983759199,1055.4749002676917,3444.4520705886116,3041.457130428496,759.9394619496663,198.97320985000115,110.05783213706243,614.5467839377267,50.88443983759199
2026-03-19 08:00:00+00:00,,,,,,,,,1051.9221158023888,3568.24536615313,3095.524684745911,758.4397384787331,175.06383474019842,108.84570754270989,611.1734922603692,50.285571513668906,1055.4749002676917,3444.4520705886116,3041.457130428496,759.9394619496663,198.97320985000115,110.05783213706243,614.5467839377267,50.88443983759199,1055.4749002676917,3444.4520705886116,3041.457130428496,759.9394619496663,198.97320985000115,110.05783213706243,614.5467839377267,50.88443983759199
2026-03-19 09:00:00+00:00,,,,,,,,,1011.1041526196444,3424.702475418868,2877.988432889219,752.3115412668727,181.58191897340734,108.84570754270989,611.1734922603692,50.285571513668906,1055.4749002676917,3444.4520705886116,3041.457130428496,759.9394619496663,198.97320985000115,110.05783213706243,614.5467839377267,50.88443983759199,1055.4749002676917,3444.4520705886116,3041.457130428496,759.9394619496663,198.97320985000115,110.05783213706243,614.5467839377267,50.88443983759199
2026-03-19 10:00:00+00:00,,,,,,,,,991.3454871871926,3356.1234567753454,2765.3397032587322,749.3755486616391,188.1000032066163,108.84570754270989,611.1734922603692,50.285571513668906,1055.4749002676917,3444.4520705886116,3041.457130428496,759.9394619496663,198.97320985000115,110.05783213706243,614.5467839377267,50.88443983759199,1055.4749002676917,3444.4520705886116,3041.457130428496,759.9394619496663,198.97320985000115,110.05783213706243,614.5467839377267,50.88443983759199
2026-03-19 11:00:00+00:00,,,,,,,,,992.414987049272,3298.4660302086895,2683.6343097280233,743.7379545431596,194.61808743982522,108.84570754270989,611.1734922603692,50.285571513668906,1055.4749002676917,3444.4520705886116,3041.457130428496,759.9394619496663,198.97320985000115,110.05783213706243,614.5467839377267,50.88443983759199,1055.4749002676917,3444.4520705886116,3041.457130428496,759.9394619496663,198.97320985000115,110.05783213706243,614.5467839377267,50.88443983759199
2026-03-19 12:00:00+00:00,,,,,,,,,974.5957463335262,3289.781312953181,2581.055136082151,740.7130486276709,201.13617167303414,108.84570754270989,611.1734922603692,50.285571513668906,1055.4749002676917,3444.4520705886116,3041.457130428496,759.9394619496663,198.97320985000115,110.05783213706243,614.5467839377267,50.88443983759199,1055.4749002676917,3444.4520705886116,3041.457130428496,759.9394619496663,198.97320985000115,110.05783213706243,614.5467839377267,50.88443983759199
2026-03-19 13:00:00+00:00,,,,,,,,,975.1562945227262,3350.7262849990343,2584.738536776776,741.6123367346427,207.6542559062431,108.84570754270989,611.1734922603692,50.285571513668906,1055.4749002676917,3444.4520705886116,3041.457130428496,759.9394619496663,198.97320985000115,110.05783213706243,614.5467839377267,50.88443983759199,1055.4749002676917,3444.4520705886116,3041.457130428496,759.9394619496663,198.97320985000115,110.05783213706243,614.5467839377267,50.88443983759199
2026-03-19 14:00:00+00:00,,,,,,,,,1023.60330927403,3458.262118160043,2833.7322975950856,750.7606074664886,214.17234013945202,108.84570754270989,611.1734922603692,50.285571513668906,1055.4749002676917,3444.4520705886116,3041.457130428496,759.9394619496663,198.97320985000115,110.05783213706243,614.5467839377267,50.88443983759199,1055.4749002676917,3444.4520705886116,3041.457130428496,759.9394619496663,198.97320985000115,110.05783213706243,614.5467839377267,50.88443983759199
2026-03-19 15:00:00+00:00,,,,,,,,,1088.9592572008578,3583.9176200212473,3132.483865691517,759.4344356632557,220.69042437266097,108.84570754270989,611.1734922603692,50.285571513668906,1055.4749002676917,3444.4520705886116,3041.457130428496,759.9394619496663,198.97320985000115,110.05783213706243,614.5467839377267,50.88443983759199,1055.4749002676917,3444.4520705886116,3041.457130428496,759.9394619496663,198.97320985000115,110.05783213706243,614.5467839377267,50.88443983759199
2026-03-19 16:00:00+00:00,,,,,,,,,1183.6921211449398,3787.2441937485887,3558.6340977249934,771.4532204366067,227.2085086058699,108.84570754270989,611.1734922603692,50.285571513668906,1055.4749002676917,3444.4520705886116,3041.457130428496,759.9394619496663,198.97320985000115,110.05783213706243,614.5467839377267,50.88443983759199,1055.4749002676917,3444.4520705886116,3041.457130428496,759.9394619496663,198.97320985000115,110.05783213706243,614.5467839377267,50.88443983759199
2026-03-19 17:00:00+00:00,,,,,,,,,1216.4362115733106,3899.0759748138234,3746.212652147776,779.6078334392977,233.72659283907882,108.84570754270989,611.1734922603692,50.285571513668906,1055.4749002676917,3444.4520705886116,3041.457130428496,759.9394619496663,198.97320985000115,110.05783213706243,614.5467839377267,50.88443983759199,1055.4749002676917,3444.4520705886116,3041.457130428496,759.9394619496663,198.97320985000115,110.05783213706243,614.5467839377267,50.88443983759199
2026-03-19 18:00:00+00:00,,,,,,,,,1212.3883913095208,3910.5812405897036,3737.886449360444,781.001205512319,240.24467707228777,108.84570754270989,611.1734922603692,50.285571513668906,1055.4749002676917,3444.4520705886116,3041.457130428496,759.9394619496663,198.97320985000115,110.05783213706243,614.5467839377267,50.88443983759199,1055.4749002676917,3444.4520705886116,3041.457130428496,759.9394619496663,198.97320985000115,110.05783213706243,614.5467839377267,50.88443983759199
2026-03-19 19:00:00+00:00,,,,,,,,,1186.4012405655226,3855.371893011939,3639.4433616443253,780.4066892209452,246.7627613054967,108.84570754270989,611.1734922603692,50.285571513668906,1055.4749002676917,3444.4520705886116,3041.457130428496,759.9394619496663,198.97320985000115,110.05783213706243,614.5467839377267,50.88443983759199,1055.4749002676917,3444.4520705886116,3041.457130428496,759.9394619496663,198.97320985000115,110.05783213706243,614.5467839377267,50.88443983759199
2026-03-19 20:00:00+00:00,,,,,,,,,1150.5166113399785,3791.150489087757,3505.297097937377,779.2939731051978,253.28084553870565,108.84570754270989,611.1734922603692,50.285571513668906,1055.4749002676917,3444.4520705886116,3041.457130428496,759.9394619496663,198.97320985000115,110.05783213706243,614.5467839377267,50.88443983759199,1055.4749002676917,3444.4520705886116,3041.457130428496,759.9394619496663,198.97320985000115,110.05783213706243,614.5467839377267,50.88443983759199
2026-03-19 21:00:00+00:00,,,,,,,,,1104.7439257512342,3717.444969787209,3327.2872717710875,776.9680158444736,259.7989297719146,108.84570754270989,611.1734922603692,50.285571513668906,1055.4749002676917,3444.4520705886116,3041.457130428496,759.9394619496663,198.97320985000115,110.05783213706243,614.5467839377267,50.88443983759199,1055.4749002676917,3444.4520705886116,3041.457130428496,759.9394619496663,198.97320985000115,110.05783213706243,614.5467839377267,50.88443983759199
2026-03-19 22:00:00+00:00,,,,,,,,,1092.6271619364713,3671.976119202526,3271.3134237935487,776.6805623836154,266.3170140051235,108.84570754270989,611.1734922603692,50.285571513668906,1055.4749002676917,3444.4520705886116,3041.457130428496,759.9394619496663,198.97320985000115,110.05783213706243,614.5467839377267,50.88443983759199,1055.4749002676917,3444.4520705886116,3041.457130428496,759.9394619496663,198.97320985000115,110.05783213706243,614.5467839377267,50.88443983759199
2026-03-19 23:00:00+00:00,,,,,,,,,1084.2501774164589,3647.6214703719256,3224.958371191641,776.1089427552836,272.8350982383324,108.84570754270989,611.1734922603692,50.285571513668906,1055.4749002676917,3444.4520705886116,3041.457130428496,759.9394619496663,198.97320985000115,110.05783213706243,614.5467839377267,50.88443983759199,1055.4749002676917,3444.4520705886116,3041.457130428496,759.9394619496663,198.97320985000115,110.05783213706243,614.5467839377267,50.88443983759199
