date,wind_onshore_lu_actual,wind_onshore_lu_fitted,wind_onshore_lu_lower,wind_onshore_lu_upper
2026-02-04 00:00:00+00:00,60.76,54.1438,31.025793,77.2618
2026-02-04 01:00:00+00:00,58.97,63.14231,40.024303,86.260315
2026-02-04 02:00:00+00:00,60.39,53.1696,30.051596,76.287605
2026-02-04 03:00:00+00:00,50.73,40.58255,17.464544,63.700558
2026-02-04 04:00:00+00:00,47.91,74.458954,51.340946,97.57696
2026-02-04 05:00:00+00:00,45.15,73.07142,49.95341,96.18942
2026-02-04 06:00:00+00:00,58.7,42.392548,19.274542,65.51055
2026-02-04 07:00:00+00:00,63.57,29.145964,6.027957,52.26397
2026-02-04 08:00:00+00:00,85.11,39.658165,16.54016,62.776173
2026-02-04 09:00:00+00:00,93.93,55.131947,32.013943,78.249954
2026-02-04 10:00:00+00:00,69.46,32.98248,9.864474,56.100483
2026-02-04 11:00:00+00:00,46.96,24.014847,0.8968457,47.132854
2026-02-04 12:00:00+00:00,46.51,31.516266,8.398261,54.634274
2026-02-04 13:00:00+00:00,47.21,25.359905,2.2419002,48.477913
2026-02-04 14:00:00+00:00,59.93,27.35007,4.232066,50.46808
2026-02-04 15:00:00+00:00,87.18,37.683506,14.565501,60.80151
2026-02-04 16:00:00+00:00,121.72,81.21024,58.09224,104.328255
2026-02-04 17:00:00+00:00,138.75,115.12765,92.009636,138.24565
2026-02-04 18:00:00+00:00,127.16,125.78827,102.670265,148.90628
2026-02-04 19:00:00+00:00,114.37,114.06813,90.95013,137.18614
2026-02-04 20:00:00+00:00,109.39,113.408226,90.29022,136.52623
2026-02-04 21:00:00+00:00,106.39,111.90136,88.783356,135.01936
2026-02-04 22:00:00+00:00,84.43,97.85181,74.7338,120.9698
2026-02-04 23:00:00+00:00,66.62,108.029526,84.91152,131.14754
2026-02-05 00:00:00+00:00,57.9,75.33464,52.216637,98.45265
2026-02-05 01:00:00+00:00,57.38,68.03671,44.918705,91.15472
2026-02-05 02:00:00+00:00,50.41,61.46846,38.350456,84.586464
2026-02-05 03:00:00+00:00,45.55,58.41083,35.292828,81.52884
2026-02-05 04:00:00+00:00,45.36,53.37206,30.254051,76.49007
2026-02-05 05:00:00+00:00,54.42,63.951267,40.833263,87.069275
2026-02-05 06:00:00+00:00,47.81,56.61139,33.493385,79.72939
2026-02-05 07:00:00+00:00,52.49,78.99079,55.872784,102.108795
2026-02-05 08:00:00+00:00,71.49,61.424187,38.30618,84.54219
2026-02-05 09:00:00+00:00,67.14,64.37639,41.25838,87.49439
2026-02-05 10:00:00+00:00,64.35,65.12115,42.003143,88.23916
2026-02-05 11:00:00+00:00,50.25,66.441055,43.323048,89.55906
2026-02-05 12:00:00+00:00,51.7,44.256912,21.138905,67.374916
2026-02-05 13:00:00+00:00,44.32,56.629753,33.51175,79.74776
2026-02-05 14:00:00+00:00,40.71,41.80686,18.688856,64.924866
2026-02-05 15:00:00+00:00,45.54,49.151096,26.033089,72.269104
2026-02-05 16:00:00+00:00,51.24,51.665054,28.547049,74.78306
2026-02-05 17:00:00+00:00,71.65,69.11818,46.00017,92.23618
2026-02-05 18:00:00+00:00,68.38,63.693775,40.575768,86.81178
2026-02-05 19:00:00+00:00,60.61,69.455475,46.33747,92.57348
2026-02-05 20:00:00+00:00,62.65,57.13757,34.01956,80.25558
2026-02-05 21:00:00+00:00,64.61,67.567604,44.4496,90.685616
2026-02-05 22:00:00+00:00,62.19,60.790535,37.67253,83.90854
2026-02-05 23:00:00+00:00,61.93,56.38456,33.266552,79.50256
2026-02-06 00:00:00+00:00,56.7,56.968292,33.850285,80.086296
2026-02-06 01:00:00+00:00,58.75,57.370956,34.252953,80.48897
2026-02-06 02:00:00+00:00,43.35,52.240776,29.122768,75.35878
2026-02-06 03:00:00+00:00,35.57,31.824198,8.706195,54.942204
2026-02-06 04:00:00+00:00,20.62,25.151268,2.033263,48.269276
2026-02-06 05:00:00+00:00,42.51,30.826218,7.7082167,53.944225
2026-02-06 06:00:00+00:00,65.43,35.196712,12.078708,58.31472
2026-02-06 07:00:00+00:00,69.25,45.549236,22.43123,68.667244
2026-02-06 08:00:00+00:00,78.09,62.17808,39.060078,85.29609
2026-02-06 09:00:00+00:00,78.36,68.35409,45.23608,91.47209
2026-02-06 10:00:00+00:00,58.85,28.001945,4.8839407,51.119953
2026-02-06 11:00:00+00:00,42.92,33.558468,10.440459,56.67647
2026-02-06 12:00:00+00:00,29.65,28.066942,4.9489393,51.184948
2026-02-06 13:00:00+00:00,28.24,27.286665,4.168662,50.40467
2026-02-06 14:00:00+00:00,28.73,15.781573,-7.3364305,38.89958
2026-02-06 15:00:00+00:00,33.31,15.26179,-7.8562136,38.3798
2026-02-06 16:00:00+00:00,39.37,32.150314,9.032306,55.26832
2026-02-06 17:00:00+00:00,55.92,35.594807,12.476802,58.712814
2026-02-06 18:00:00+00:00,75.98,41.85796,18.739954,64.97597
2026-02-06 19:00:00+00:00,75.29,50.040768,26.92276,73.158775
2026-02-06 20:00:00+00:00,79.64,50.44841,27.330404,73.566414
2026-02-06 21:00:00+00:00,72.47,69.76658,46.64857,92.88458
2026-02-06 22:00:00+00:00,58.29,57.24413,34.126125,80.36214
2026-02-06 23:00:00+00:00,46.99,63.397736,40.279728,86.51574
2026-02-07 00:00:00+00:00,52.17,79.11119,55.993187,102.229195
2026-02-07 01:00:00+00:00,60.65,51.44743,28.329424,74.56544
2026-02-07 02:00:00+00:00,56.37,28.308147,5.1901426,51.42615
2026-02-07 03:00:00+00:00,28.45,25.618046,2.5000408,48.736053
2026-02-07 04:00:00+00:00,24.859999,24.334894,1.2168874,47.4529
2026-02-07 05:00:00+00:00,25.180002,24.017626,0.8996228,47.13563
2026-02-07 06:00:00+00:00,19.740002,22.11711,-1.0008975,45.235115
2026-02-07 07:00:00+00:00,21.01,12.227511,-10.890492,35.345516
2026-02-07 08:00:00+00:00,10.530002,10.90702,-12.210988,34.025024
2026-02-07 09:00:00+00:00,4.0600004,7.790744,-15.32726,30.908749
2026-02-07 10:00:00+00:00,7.04,9.305476,-13.812528,32.42348
2026-02-07 11:00:00+00:00,10.490001,13.786296,-9.331712,36.9043
2026-02-07 12:00:00+00:00,8.1900015,16.478865,-6.639142,39.59687
2026-02-07 13:00:00+00:00,9.4400015,11.941546,-11.176461,35.059555
2026-02-07 14:00:00+00:00,8.530002,17.961538,-5.1564684,41.079544
2026-02-07 15:00:00+00:00,12.659999,14.032386,-9.085622,37.15039
2026-02-07 16:00:00+00:00,17.049997,15.745669,-7.3723345,38.863674
2026-02-07 17:00:00+00:00,22.44,17.821669,-5.2963343,40.939674
2026-02-07 18:00:00+00:00,22.38,12.79399,-10.324018,35.911995
2026-02-07 19:00:00+00:00,38.13,17.790579,-5.327428,40.908585
2026-02-07 20:00:00+00:00,53.79,46.48363,23.365625,69.60164
2026-02-07 21:00:00+00:00,59.58,80.44506,57.327057,103.563065
2026-02-07 22:00:00+00:00,51.44,78.30836,55.19035,101.42636
2026-02-07 23:00:00+00:00,42.04,53.972965,30.85496,77.09097
2026-02-08 00:00:00+00:00,39.51,33.49354,10.375537,56.61155
2026-02-08 01:00:00+00:00,39.89,27.729433,4.6114264,50.84744
2026-02-08 02:00:00+00:00,35.58,18.550055,-4.567952,41.66806
2026-02-08 03:00:00+00:00,38.87,13.986018,-9.131986,37.104023
2026-02-08 04:00:00+00:00,32.35,16.31013,-6.8078775,39.428135
2026-02-08 05:00:00+00:00,26.81,10.969562,-12.148442,34.087566
2026-02-08 06:00:00+00:00,21.3,3.1850994,-19.932913,26.303104
2026-02-08 07:00:00+00:00,16.87,4.808223,-18.309782,27.92623
2026-02-08 08:00:00+00:00,17.839998,11.571643,-11.546361,34.68965
2026-02-08 09:00:00+00:00,17.699999,19.090338,-4.027669,42.208344
2026-02-08 10:00:00+00:00,8.79,7.2853193,-15.8326845,30.403322
2026-02-08 11:00:00+00:00,4.460002,5.03461,-18.083395,28.152613
2026-02-08 12:00:00+00:00,5.159999,5.324786,-17.793219,28.442791
2026-02-08 13:00:00+00:00,6.8899984,5.8129835,-17.305021,28.930988
2026-02-08 14:00:00+00:00,10.1900015,7.663665,-15.454343,30.781668
2026-02-08 15:00:00+00:00,11.650001,10.516742,-12.60127,33.634747
2026-02-08 16:00:00+00:00,15.819999,5.2844,-17.833601,28.402407
2026-02-08 17:00:00+00:00,19.76,17.813032,-5.3049746,40.931038
2026-02-08 18:00:00+00:00,19.089998,36.46006,13.342059,59.578068
2026-02-08 19:00:00+00:00,12.530002,38.066246,14.948241,61.184254
2026-02-08 20:00:00+00:00,13.530002,32.323227,9.205222,55.441235
2026-02-08 21:00:00+00:00,17.999998,38.171352,15.053344,61.289356
2026-02-08 22:00:00+00:00,19.78,20.125242,-2.9927647,43.243248
2026-02-08 23:00:00+00:00,20.299997,12.343707,-10.774301,35.46171
2026-02-09 00:00:00+00:00,20.850002,28.950989,5.832984,52.068996
2026-02-09 01:00:00+00:00,20.2,40.957893,17.839888,64.0759
2026-02-09 02:00:00+00:00,25.820002,38.123436,15.005427,61.24144
2026-02-09 03:00:00+00:00,27.12,43.97935,20.861345,67.09736
2026-02-09 04:00:00+00:00,31.56,41.53118,18.413176,64.649185
2026-02-09 05:00:00+00:00,44.02,48.32863,25.21062,71.44663
2026-02-09 06:00:00+00:00,43.71,53.940163,30.822159,77.05817
2026-02-09 07:00:00+00:00,37.42,65.76185,42.64384,88.87985
2026-02-09 08:00:00+00:00,30.77,59.014957,35.89695,82.132965
2026-02-09 09:00:00+00:00,30.2,41.49586,18.377855,64.61387
2026-02-09 10:00:00+00:00,31.01,41.296192,18.178183,64.4142
2026-02-09 11:00:00+00:00,27.7,38.912384,15.794379,62.030388
2026-02-09 12:00:00+00:00,18.799997,27.930164,4.8121595,51.048172
2026-02-09 13:00:00+00:00,18.12,29.08687,5.9688673,52.204876
2026-02-09 14:00:00+00:00,16.44,30.403522,7.2855177,53.52153
2026-02-09 15:00:00+00:00,15.81,34.34025,11.2222395,57.458252
2026-02-09 16:00:00+00:00,19.15,43.613205,20.4952,66.73121
2026-02-09 17:00:00+00:00,29.24,44.458683,21.340673,67.57669
2026-02-09 18:00:00+00:00,29.7,39.297176,16.179167,62.41518
2026-02-09 19:00:00+00:00,34.42,48.64578,25.527773,71.76379
2026-02-09 20:00:00+00:00,41.74,60.778553,37.66055,83.89656
2026-02-09 21:00:00+00:00,59.39,80.964325,57.846317,104.08233
2026-02-09 22:00:00+00:00,64.09,84.457016,61.33901,107.57502
2026-02-09 23:00:00+00:00,77.29,72.458374,49.340366,95.57638
2026-02-10 00:00:00+00:00,83.54,104.592026,81.47402,127.71003
2026-02-10 01:00:00+00:00,100.8,102.42689,79.30888,125.54488
2026-02-10 02:00:00+00:00,125.02,114.9706,91.85259,138.08861
2026-02-10 03:00:00+00:00,131.89,127.53547,104.417465,150.65347
2026-02-10 04:00:00+00:00,133.41,104.264534,81.14653,127.38254
2026-02-10 05:00:00+00:00,118.11,81.39386,58.275856,104.51187
2026-02-10 06:00:00+00:00,114.5,68.43243,45.31442,91.55043
2026-02-10 07:00:00+00:00,104.06,65.25998,42.141975,88.37798
2026-02-10 08:00:00+00:00,92.25,99.22357,76.10557,122.341576
2026-02-10 09:00:00+00:00,70.66,99.73809,76.62009,122.856094
2026-02-10 10:00:00+00:00,48.94,75.39959,52.281586,98.51759
2026-02-10 11:00:00+00:00,43.68,52.341614,29.223606,75.45962
2026-02-10 12:00:00+00:00,51.38,35.657677,12.539672,58.775684
2026-02-10 13:00:00+00:00,64.81,75.79206,52.67405,98.910065
2026-02-10 14:00:00+00:00,68.14,83.40037,60.282364,106.51837
2026-02-10 15:00:00+00:00,94.15,71.030594,47.91259,94.148605
2026-02-10 16:00:00+00:00,90.13,77.21711,54.099102,100.33511
2026-02-10 17:00:00+00:00,79.83,98.66789,75.54989,121.7859
2026-02-10 18:00:00+00:00,81.17,75.0858,51.967793,98.203804
2026-02-10 19:00:00+00:00,112.23,96.1784,73.060394,119.29641
2026-02-10 20:00:00+00:00,101.12,87.70776,64.58976,110.825775
2026-02-10 21:00:00+00:00,104.4,85.56429,62.446285,108.6823
2026-02-10 22:00:00+00:00,100.63,88.08319,64.96519,111.2012
2026-02-10 23:00:00+00:00,91.31,77.44246,54.32445,100.56046
2026-02-11 00:00:00+00:00,80.24,93.91985,71.20564,116.63407
2026-02-11 01:00:00+00:00,85.85,69.52543,46.811214,92.23965
2026-02-11 02:00:00+00:00,134.79,50.42251,27.708294,73.13673
2026-02-11 03:00:00+00:00,162.05002,94.096954,71.38274,116.811165
2026-02-11 04:00:00+00:00,160.12,110.06098,87.34676,132.77519
2026-02-11 05:00:00+00:00,158.55002,73.69648,50.98226,96.41069
2026-02-11 06:00:00+00:00,161.77,98.52414,75.80993,121.23836
2026-02-11 07:00:00+00:00,155.03,93.97703,71.26281,116.69124
2026-02-11 08:00:00+00:00,122.52,63.935226,41.221012,86.649445
2026-02-11 09:00:00+00:00,136.92,64.16661,41.452393,86.88083
2026-02-11 10:00:00+00:00,149.49,99.05532,76.3411,121.76953
2026-02-11 11:00:00+00:00,150.97,97.82491,75.110695,120.53912
2026-02-11 12:00:00+00:00,165.69002,113.26315,90.54894,135.97737
2026-02-11 13:00:00+00:00,169.22,158.88115,136.16695,181.59538
2026-02-11 14:00:00+00:00,168.78,117.480156,94.765945,140.19438
2026-02-11 15:00:00+00:00,160.89,122.118706,99.40449,144.83293
2026-02-11 16:00:00+00:00,164.01,139.25331,116.5391,161.96753
2026-02-11 17:00:00+00:00,150.14,117.77246,95.05824,140.48668
2026-02-11 18:00:00+00:00,148.91,106.659996,83.945786,129.37422
2026-02-11 19:00:00+00:00,152.86002,115.45268,92.738464,138.1669
2026-02-11 20:00:00+00:00,145.62,121.65143,98.93721,144.36565
2026-02-11 21:00:00+00:00,167.87001,144.89558,122.181366,167.6098
2026-02-11 22:00:00+00:00,182.13,142.10982,119.39561,164.82404
2026-02-11 23:00:00+00:00,195.65,169.5147,146.80049,192.22893
2026-02-12 00:00:00+00:00,169.2,166.64444,143.93024,189.35866
2026-02-12 01:00:00+00:00,166.36,127.285835,104.571625,150.00006
2026-02-12 02:00:00+00:00,185.54,170.72964,148.01543,193.44385
2026-02-12 03:00:00+00:00,182.77,183.56517,160.85097,206.27939
2026-02-12 04:00:00+00:00,162.11,134.04219,111.32797,156.75641
2026-02-12 05:00:00+00:00,142.09,118.47027,95.75606,141.1845
2026-02-12 06:00:00+00:00,114.05999,128.21797,105.50375,150.93219
2026-02-12 07:00:00+00:00,86.25,107.54506,84.83085,130.25928
2026-02-12 08:00:00+00:00,124.98,71.45806,48.743843,94.17227
2026-02-12 09:00:00+00:00,195.77,145.18126,122.46704,167.89548
2026-02-12 10:00:00+00:00,196.09,175.37306,152.65886,198.08728
2026-02-12 11:00:00+00:00,182.8,200.08783,177.37361,222.80203
2026-02-12 12:00:00+00:00,160.45001,166.27849,143.56427,188.99272
2026-02-12 13:00:00+00:00,147.87,83.194016,60.479797,105.908226
2026-02-12 14:00:00+00:00,146.46,100.905304,78.191086,123.619514
2026-02-12 15:00:00+00:00,120.87,75.55197,52.837757,98.26619
2026-02-12 16:00:00+00:00,109.93,67.405334,44.691116,90.119545
2026-02-12 17:00:00+00:00,134.42,65.92092,43.206707,88.63514
2026-02-12 18:00:00+00:00,126.89,75.09995,52.385735,97.81416
2026-02-12 19:00:00+00:00,122.67,97.00635,74.29214,119.720566
2026-02-12 20:00:00+00:00,150.78,103.307365,80.59315,126.021576
2026-02-12 21:00:00+00:00,161.32,113.16085,90.44664,135.87508
2026-02-12 22:00:00+00:00,179.3,127.900986,105.186775,150.6152
2026-02-12 23:00:00+00:00,166.29,167.72182,145.0076,190.43604
2026-02-13 00:00:00+00:00,174.82,157.63719,134.92297,180.3514
2026-02-13 01:00:00+00:00,174.95,172.36719,149.65298,195.08142
2026-02-13 02:00:00+00:00,151.09,172.31364,149.59944,195.02788
2026-02-13 03:00:00+00:00,140.54,165.39989,142.68567,188.1141
2026-02-13 04:00:00+00:00,122.84,132.40839,109.694176,155.1226
2026-02-13 05:00:00+00:00,95.31,86.188675,63.47446,108.90289
2026-02-13 06:00:00+00:00,62.93,63.698723,40.984505,86.41294
2026-02-13 07:00:00+00:00,40.14,39.45811,16.743895,62.17233
2026-02-13 08:00:00+00:00,33.81,30.697609,7.9833937,53.411827
2026-02-13 09:00:00+00:00,41.02,29.611557,6.8973417,52.32577
2026-02-13 10:00:00+00:00,36.22,26.086113,3.3718975,48.80033
2026-02-13 11:00:00+00:00,24.790003,23.43254,0.7183293,46.146755
2026-02-13 12:00:00+00:00,17.929998,13.141906,-9.572309,35.85612
2026-02-13 13:00:00+00:00,9.38,8.798614,-13.915601,31.512829
2026-02-13 14:00:00+00:00,2.3599994,4.05894,-18.65528,26.773153
2026-02-13 15:00:00+00:00,0.1399983,2.184756,-20.529463,24.898972
2026-02-13 16:00:00+00:00,1.3300046,1.8352689,-20.878942,24.549484
2026-02-13 17:00:00+00:00,8.56,0.28766522,-22.42655,23.00188
2026-02-13 18:00:00+00:00,15.050002,1.6709965,-21.043219,24.385214
2026-02-13 19:00:00+00:00,26.75,8.039123,-14.675099,30.753336
2026-02-13 20:00:00+00:00,33.6,24.459959,1.7457455,47.174175
2026-02-13 21:00:00+00:00,35.92,45.145508,22.431292,67.859726
2026-02-13 22:00:00+00:00,37.93,42.59394,19.879723,65.30816
2026-02-13 23:00:00+00:00,52.01,32.255276,9.541057,54.96949
2026-02-14 00:00:00+00:00,55.84,59.78544,37.071224,82.49966
2026-02-14 01:00:00+00:00,64.4,86.66108,63.946865,109.37529
2026-02-14 02:00:00+00:00,84.27,97.77856,75.06434,120.49277
2026-02-14 03:00:00+00:00,87.14,77.30455,54.590336,100.01877
2026-02-14 04:00:00+00:00,104.52,83.28739,60.573174,106.0016
2026-02-14 05:00:00+00:00,126.1,83.98742,61.273205,106.70164
2026-02-14 06:00:00+00:00,136.7,91.47629,68.76208,114.190506
2026-02-14 07:00:00+00:00,127.81,80.55043,57.836212,103.26464
2026-02-14 08:00:00+00:00,113.97,80.71266,57.998447,103.42688
2026-02-14 09:00:00+00:00,105.71,79.470474,56.75626,102.18469
2026-02-14 10:00:00+00:00,101.49,86.2088,63.494587,108.92301
2026-02-14 11:00:00+00:00,112.94999,86.37293,63.658722,109.08715
2026-02-14 12:00:00+00:00,111.56,99.58752,76.87331,122.301735
2026-02-14 13:00:00+00:00,112.48,96.9476,74.23338,119.66182
2026-02-14 14:00:00+00:00,103.72,104.09852,81.38431,126.81274
2026-02-14 15:00:00+00:00,103.43,123.938545,101.22433,146.65276
2026-02-14 16:00:00+00:00,85.9,112.55786,89.84365,135.27208
2026-02-14 17:00:00+00:00,57.84,85.38964,62.675423,108.10385
2026-02-14 18:00:00+00:00,39.9,50.59344,27.879225,73.307655
2026-02-14 19:00:00+00:00,28.13,42.591522,19.877304,65.30574
2026-02-14 20:00:00+00:00,15.88,39.54571,16.831495,62.25993
2026-02-14 21:00:00+00:00,6.159999,25.815605,3.1013896,48.52982
2026-02-14 22:00:00+00:00,4.300002,17.659216,-5.0550013,40.373432
2026-02-14 23:00:00+00:00,2.5600002,8.46931,-14.244908,31.183523
2026-02-15 00:00:00+00:00,1.1900014,9.28234,-13.431874,31.996553
2026-02-15 01:00:00+00:00,1.0700024,4.893443,-17.820776,27.607658
2026-02-15 02:00:00+00:00,0.24000059,2.5245693,-20.189642,25.238785
2026-02-15 03:00:00+00:00,1.6000012,11.173667,-11.540551,33.887882
2026-02-15 04:00:00+00:00,4.4700003,4.835868,-17.878347,27.550083
2026-02-15 05:00:00+00:00,10.04,10.694613,-12.019601,33.40883
2026-02-15 06:00:00+00:00,23.79,13.720412,-8.993802,36.434628
2026-02-15 07:00:00+00:00,38.02,40.49392,17.779707,63.208138
2026-02-15 08:00:00+00:00,41.77,50.178917,27.464703,72.893135
2026-02-15 09:00:00+00:00,52.27,66.316414,43.6022,89.03063
2026-02-15 10:00:00+00:00,74.72,83.4389,60.72469,106.15312
2026-02-15 11:00:00+00:00,111.22,81.38661,58.672394,104.10082
2026-02-15 12:00:00+00:00,129.23,115.87679,93.16258,138.59102
2026-02-15 13:00:00+00:00,138.47,114.91596,92.20175,137.63019
2026-02-15 14:00:00+00:00,138.42,119.63015,96.91593,142.34436
2026-02-15 15:00:00+00:00,151.54,141.73079,119.01657,164.445
2026-02-15 16:00:00+00:00,162.4,91.97074,69.25653,114.68496
2026-02-15 17:00:00+00:00,159.57,115.01491,92.30069,137.72913
2026-02-15 18:00:00+00:00,152.63,125.814224,103.10001,148.52844
2026-02-15 19:00:00+00:00,121.75,97.50202,74.78781,120.21624
2026-02-15 20:00:00+00:00,70.51,89.65412,66.93991,112.36834
2026-02-15 21:00:00+00:00,59.97,75.39533,52.681118,98.10955
2026-02-15 22:00:00+00:00,96.46,90.61269,67.89848,113.32691
2026-02-15 23:00:00+00:00,119.18,145.69676,122.982544,168.41098
2026-02-16 00:00:00+00:00,130.86,133.54272,110.828514,156.25694
2026-02-16 01:00:00+00:00,145.31,128.34329,105.629074,151.05751
2026-02-16 02:00:00+00:00,159.5,135.31932,112.6051,158.03354
2026-02-16 03:00:00+00:00,184.22,147.90831,125.19409,170.62253
2026-02-16 04:00:00+00:00,185.98,170.43283,147.71861,193.14705
2026-02-16 05:00:00+00:00,170.93,145.95953,123.245316,168.67375
2026-02-16 06:00:00+00:00,148.38,135.80205,113.08783,158.51627
2026-02-16 07:00:00+00:00,127.79,133.8277,111.11348,156.54192
2026-02-16 08:00:00+00:00,114.78,104.49141,81.77719,127.20562
2026-02-16 09:00:00+00:00,110.24,94.46243,71.74822,117.17665
2026-02-16 10:00:00+00:00,96.09,95.90355,73.18934,118.61776
2026-02-16 11:00:00+00:00,81.28,119.70445,96.990234,142.41867
2026-02-16 12:00:00+00:00,145.27,77.36161,54.647396,100.07583
2026-02-16 13:00:00+00:00,141.19,104.75474,82.04052,127.46895
2026-02-16 14:00:00+00:00,148.14,147.1841,124.46989,169.89832
2026-02-16 15:00:00+00:00,155.91,120.337616,97.6234,143.05183
2026-02-16 16:00:00+00:00,142.5,129.59708,106.882866,152.3113
2026-02-16 17:00:00+00:00,141.45,125.19249,102.47828,147.90671
2026-02-16 18:00:00+00:00,163.06,104.42139,81.70717,127.1356
2026-02-16 19:00:00+00:00,183.32,97.90428,75.19006,120.61849
2026-02-16 20:00:00+00:00,185.05,163.79762,141.0834,186.51183
2026-02-16 21:00:00+00:00,194.05,142.01181,119.29759,164.72603
2026-02-16 22:00:00+00:00,167.15,138.73006,116.01583,161.44427
2026-02-16 23:00:00+00:00,159.00002,133.49876,110.78454,156.21297
2026-02-17 00:00:00+00:00,151.09,138.39865,115.68443,161.11287
2026-02-17 01:00:00+00:00,133.75,134.15764,111.44343,156.87186
2026-02-17 02:00:00+00:00,125.9,128.08478,105.37057,150.799
2026-02-17 03:00:00+00:00,124.66,127.41591,104.7017,150.13013
2026-02-17 04:00:00+00:00,125.04,122.282166,99.567955,144.99638
2026-02-17 05:00:00+00:00,124.65,104.117744,81.40353,126.831955
2026-02-17 06:00:00+00:00,161.27,83.965385,61.251167,106.679596
2026-02-17 07:00:00+00:00,136.9,129.71048,106.99627,152.42471
2026-02-17 08:00:00+00:00,121.51,114.11863,91.40442,136.83286
2026-02-17 09:00:00+00:00,115.09999,106.511765,83.79755,129.22598
2026-02-17 10:00:00+00:00,125.69,124.712006,101.997795,147.42622
2026-02-17 11:00:00+00:00,150.19,121.0506,98.33639,143.76482
2026-02-17 12:00:00+00:00,148.51,138.18134,115.46712,160.89555
2026-02-17 13:00:00+00:00,160.91,146.14651,123.4323,168.86073
2026-02-17 14:00:00+00:00,151.59,149.25522,126.541,171.96944
2026-02-17 15:00:00+00:00,144.58,126.92783,104.21362,149.64206
2026-02-17 16:00:00+00:00,140.1,121.25308,98.53887,143.9673
2026-02-17 17:00:00+00:00,134.5,127.54051,104.826294,150.25473
2026-02-17 18:00:00+00:00,131.54,121.529625,98.815414,144.24385
2026-02-17 19:00:00+00:00,108.14,103.32229,80.60807,126.0365
2026-02-17 20:00:00+00:00,104.22,73.85646,51.14225,96.57068
2026-02-17 21:00:00+00:00,84.49,68.60348,45.88926,91.31769
2026-02-17 22:00:00+00:00,67.85,55.080315,32.3661,77.79453
2026-02-17 23:00:00+00:00,57.55,61.961212,39.246998,84.67543
2026-02-18 00:00:00+00:00,47.23,50.589314,27.479008,73.69962
2026-02-18 01:00:00+00:00,31.09,46.95077,23.840464,70.06107
2026-02-18 02:00:00+00:00,19.159998,46.54544,23.435137,69.65575
2026-02-18 03:00:00+00:00,8.0199995,24.981585,1.8712758,48.091892
2026-02-18 04:00:00+00:00,1.4900006,12.504878,-10.605428,35.615185
2026-02-18 05:00:00+00:00,0.26999936,3.4989765,-19.611334,26.60928
2026-02-18 06:00:00+00:00,2.3300006,9.958182,-13.152127,33.068485
2026-02-18 07:00:00+00:00,14.159999,2.1228778,-20.987432,25.233185
2026-02-18 08:00:00+00:00,37.88,18.470304,-4.6400003,41.580612
2026-02-18 09:00:00+00:00,53.6,12.604888,-10.505418,35.71519
2026-02-18 10:00:00+00:00,48.16,23.176867,0.06656156,46.287174
2026-02-18 11:00:00+00:00,59.47,39.21943,16.109121,62.329735
2026-02-18 12:00:00+00:00,79.56,44.828587,21.718279,67.93889
2026-02-18 13:00:00+00:00,94.53,69.27002,46.159714,92.380325
2026-02-18 14:00:00+00:00,110.4,99.496315,76.38601,122.60662
2026-02-18 15:00:00+00:00,127.49,115.07814,91.96784,138.18845
2026-02-18 16:00:00+00:00,142.14,129.43297,106.322655,152.54327
2026-02-18 17:00:00+00:00,163.07,144.75499,121.644684,167.8653
2026-02-18 18:00:00+00:00,167.38,164.71185,141.60155,187.82216
2026-02-18 19:00:00+00:00,159.71,160.95406,137.84375,184.06436
2026-02-18 20:00:00+00:00,164.39,147.62238,124.51207,170.73268
2026-02-18 21:00:00+00:00,148.57,112.06167,88.95136,135.17198
2026-02-18 22:00:00+00:00,139.6,125.79887,102.68857,148.90918
2026-02-18 23:00:00+00:00,122.36,121.887505,98.77721,144.99782
2026-02-19 00:00:00+00:00,101.07,124.749146,101.63885,147.85945
2026-02-19 01:00:00+00:00,82.86,122.45584,99.345535,145.56615
2026-02-19 02:00:00+00:00,61.66,117.960884,94.85058,141.0712
2026-02-19 03:00:00+00:00,63.31,110.65466,87.54436,133.76497
2026-02-19 04:00:00+00:00,66.04,96.12265,73.012344,119.232956
2026-02-19 05:00:00+00:00,59.52,101.70803,78.597725,124.81833
2026-02-19 06:00:00+00:00,63.25,91.43835,68.32805,114.54865
2026-02-19 07:00:00+00:00,63.39,79.97523,56.86492,103.08553
2026-02-19 08:00:00+00:00,63.9,72.53424,49.423935,95.64455
2026-02-19 09:00:00+00:00,73.56,78.87752,55.76721,101.987816
2026-02-19 10:00:00+00:00,69.32,94.72336,71.61305,117.83366
2026-02-19 11:00:00+00:00,57.28,88.43426,65.32395,111.54456
2026-02-19 12:00:00+00:00,67.21,85.47788,62.367577,108.58819
2026-02-19 13:00:00+00:00,53.64,87.75137,64.64107,110.86168
2026-02-19 14:00:00+00:00,57.31,78.96647,55.856163,102.076775
2026-02-19 15:00:00+00:00,70.54,88.43882,65.328514,111.54912
2026-02-19 16:00:00+00:00,66.01,97.09787,73.987564,120.20817
2026-02-19 17:00:00+00:00,53.09,98.63487,75.52457,121.74518
2026-02-19 18:00:00+00:00,55.63,77.12779,54.017487,100.2381
2026-02-19 19:00:00+00:00,56.03,93.16978,70.05947,116.28008
2026-02-19 20:00:00+00:00,26.82,84.116554,61.00625,107.22686
2026-02-19 21:00:00+00:00,19.65,58.358597,35.24829,81.4689
2026-02-19 22:00:00+00:00,24.32,51.16342,28.053116,74.27373
2026-02-19 23:00:00+00:00,19.809998,47.18081,24.070503,70.291115
2026-02-20 00:00:00+00:00,13.890002,38.18063,15.070323,61.290936
2026-02-20 01:00:00+00:00,17.949999,31.893972,8.783668,55.00428
2026-02-20 02:00:00+00:00,11.210002,39.445744,16.33544,62.55605
2026-02-20 03:00:00+00:00,7.0199995,21.500238,-1.6100665,44.610546
2026-02-20 04:00:00+00:00,6.300002,10.568065,-12.542241,33.67837
2026-02-20 05:00:00+00:00,8.86,7.982543,-15.127767,31.092848
2026-02-20 06:00:00+00:00,11.080001,16.971209,-6.1390963,40.081516
2026-02-20 07:00:00+00:00,11.069999,13.232894,-9.877412,36.3432
2026-02-20 08:00:00+00:00,12.839999,26.910692,3.8003871,50.021
2026-02-20 09:00:00+00:00,14.72,20.797117,-2.3131878,43.907425
2026-02-20 10:00:00+00:00,17.729998,18.273436,-4.8368692,41.383743
2026-02-20 11:00:00+00:00,25.71,22.085144,-1.025159,45.19545
2026-02-20 12:00:00+00:00,50.46,37.544525,14.434222,60.654835
2026-02-20 13:00:00+00:00,61.38,52.115242,29.004934,75.22555
2026-02-20 14:00:00+00:00,50.2,50.368275,27.257969,73.478584
2026-02-20 15:00:00+00:00,59.55,51.148895,28.038588,74.2592
2026-02-20 16:00:00+00:00,78.91,71.54818,48.437874,94.658485
2026-02-20 17:00:00+00:00,82.59,90.67325,67.56294,113.783554
2026-02-20 18:00:00+00:00,105.76999,83.01355,59.903244,106.123856
2026-02-20 19:00:00+00:00,130.03,112.36835,89.25804,135.47865
2026-02-20 20:00:00+00:00,145.61,113.77678,90.66647,136.88708
2026-02-20 21:00:00+00:00,173.65,123.73521,100.62491,146.84552
2026-02-20 22:00:00+00:00,183.8,161.56386,138.45355,184.67418
2026-02-20 23:00:00+00:00,185.17,167.01364,143.90334,190.12395
2026-02-21 00:00:00+00:00,177.71,169.82108,146.71077,192.93138
2026-02-21 01:00:00+00:00,179.29,163.24236,140.13205,186.35266
2026-02-21 02:00:00+00:00,189.71,167.57349,144.46318,190.68379
2026-02-21 03:00:00+00:00,184.2,168.25363,145.14333,191.36394
2026-02-21 04:00:00+00:00,171.32,176.48267,153.37236,199.59299
2026-02-21 05:00:00+00:00,160.01,179.41344,156.30313,202.52374
2026-02-21 06:00:00+00:00,148.72,164.11543,141.00513,187.22574
2026-02-21 07:00:00+00:00,127.38,143.87965,120.76935,166.98996
2026-02-21 08:00:00+00:00,82.62,135.86606,112.75575,158.97636
2026-02-21 09:00:00+00:00,61.53,88.149055,65.03875,111.25936
2026-02-21 10:00:00+00:00,131.13,49.131416,26.021109,72.24172
2026-02-21 11:00:00+00:00,191.6,177.76965,154.65935,200.87996
2026-02-21 12:00:00+00:00,183.91,158.04755,134.93724,181.15785
2026-02-21 13:00:00+00:00,182.2,170.49057,147.38026,193.60088
2026-02-21 14:00:00+00:00,160.08,160.62808,137.51778,183.73839
2026-02-21 15:00:00+00:00,125.45,157.33577,134.22546,180.44608
2026-02-21 16:00:00+00:00,103.16,122.77057,99.66026,145.88087
2026-02-21 17:00:00+00:00,100.31,120.68168,97.57137,143.79199
2026-02-21 18:00:00+00:00,126.96,86.962135,63.85183,110.07244
2026-02-21 19:00:00+00:00,158.84,107.84294,84.73264,130.95325
2026-02-21 20:00:00+00:00,173.09,125.14626,102.035965,148.25658
2026-02-21 21:00:00+00:00,172.33,158.61716,135.50685,181.72746
2026-02-21 22:00:00+00:00,169.07,179.76045,156.65015,202.87076
2026-02-21 23:00:00+00:00,171.81,191.39977,168.28946,214.51007
2026-02-22 00:00:00+00:00,174.08002,123.72221,100.611916,146.83252
2026-02-22 01:00:00+00:00,172.05,148.9926,125.882286,172.1029
2026-02-22 02:00:00+00:00,170.2,136.5932,113.482895,159.7035
2026-02-22 03:00:00+00:00,156.8,123.915146,100.80484,147.02545
2026-02-22 04:00:00+00:00,133.02,132.28886,109.17856,155.39917
2026-02-22 05:00:00+00:00,150.4,123.850784,100.74048,146.96109
2026-02-22 06:00:00+00:00,166.37,117.227394,94.117096,140.3377
2026-02-22 07:00:00+00:00,166.38,112.394,89.2837,135.5043
2026-02-22 08:00:00+00:00,167.88002,69.303925,46.193615,92.41423
2026-02-22 09:00:00+00:00,165.72,120.09974,96.98943,143.21005
2026-02-22 10:00:00+00:00,161.91002,132.62727,109.51697,155.73758
2026-02-22 11:00:00+00:00,179.71,109.29271,86.1824,132.40302
2026-02-22 12:00:00+00:00,188.17,168.2576,145.1473,191.36792
2026-02-22 13:00:00+00:00,187.67,137.63182,114.52151,160.74211
2026-02-22 14:00:00+00:00,189.09,119.1956,96.085304,142.30591
2026-02-22 15:00:00+00:00,185.78,149.8183,126.70799,172.9286
2026-02-22 16:00:00+00:00,185.33,125.842026,102.73172,148.95233
2026-02-22 17:00:00+00:00,183.56,147.82643,124.716125,170.93674
2026-02-22 18:00:00+00:00,169.56,184.30052,161.19022,207.41083
2026-02-22 19:00:00+00:00,160.76001,181.12746,158.01714,204.23776
2026-02-22 20:00:00+00:00,177.44,159.56883,136.45853,182.67915
2026-02-22 21:00:00+00:00,184.17,149.606,126.4957,172.71631
2026-02-22 22:00:00+00:00,176.95,169.8959,146.78561,193.00623
2026-02-22 23:00:00+00:00,182.07,139.71434,116.60403,162.82465
2026-02-23 00:00:00+00:00,182.12,177.2783,154.168,200.38861
2026-02-23 01:00:00+00:00,141.18,179.24567,156.13536,202.35599
2026-02-23 02:00:00+00:00,118.45,170.71536,147.60506,193.82567
2026-02-23 03:00:00+00:00,125.35,133.07764,109.96732,156.18794
2026-02-23 04:00:00+00:00,130.73,129.63797,106.527664,152.74828
2026-02-23 05:00:00+00:00,161.45,125.521164,102.410866,148.63147
2026-02-23 06:00:00+00:00,158.56,112.52487,89.414566,135.63518
2026-02-23 07:00:00+00:00,156.78001,81.75272,58.642418,104.86303
2026-02-23 08:00:00+00:00,166.07,131.0869,107.97659,154.1972
2026-02-23 09:00:00+00:00,165.53,113.399,90.2887,136.50931
2026-02-23 10:00:00+00:00,171.52002,125.1489,102.0386,148.2592
2026-02-23 11:00:00+00:00,171.79001,114.60182,91.491516,137.71213
2026-02-23 12:00:00+00:00,168.81001,107.06123,83.950935,130.17154
2026-02-23 13:00:00+00:00,181.88,94.360016,71.24971,117.470314
2026-02-23 14:00:00+00:00,158.74,102.949425,79.83912,126.05973
2026-02-23 15:00:00+00:00,136.23,74.687126,51.57682,97.79743
2026-02-23 16:00:00+00:00,134.96,127.12091,104.010605,150.23122
2026-02-23 17:00:00+00:00,160.31,125.74496,102.63466,148.85527
2026-02-23 18:00:00+00:00,154.67,129.84,106.7297,152.95032
2026-02-23 19:00:00+00:00,149.09,139.96083,116.85053,163.07114
2026-02-23 20:00:00+00:00,155.69,146.93123,123.82092,170.04153
2026-02-23 21:00:00+00:00,118.31,137.06676,113.95645,160.17706
2026-02-23 22:00:00+00:00,72.66,107.11162,84.00131,130.22192
2026-02-23 23:00:00+00:00,41.55,81.372665,58.26236,104.48297
2026-02-24 00:00:00+00:00,61.38,46.968163,23.857853,70.07847
2026-02-24 01:00:00+00:00,98.15,63.96596,40.855656,87.07626
2026-02-24 02:00:00+00:00,111.69,87.88504,64.774734,110.995346
2026-02-24 03:00:00+00:00,110.49,74.285576,51.175266,97.39588
2026-02-24 04:00:00+00:00,92.94,63.961056,40.850746,87.07136
2026-02-24 05:00:00+00:00,77.58,79.40704,56.296738,102.51735
2026-02-24 06:00:00+00:00,74.61,36.875072,13.76477,59.985382
2026-02-24 07:00:00+00:00,59.18,65.337616,42.227306,88.44792
2026-02-24 08:00:00+00:00,43.56,74.05621,50.945908,97.16652
2026-02-24 09:00:00+00:00,25.55,23.365524,0.25522122,46.47583
2026-02-24 10:00:00+00:00,16.94,22.242926,-0.8673793,45.353233
2026-02-24 11:00:00+00:00,12.050002,10.816512,-12.293794,33.92682
2026-02-24 12:00:00+00:00,5.6900015,10.01485,-13.095456,33.125156
2026-02-24 13:00:00+00:00,4.3899984,6.3489103,-16.761396,29.459215
2026-02-24 14:00:00+00:00,2.9999988,5.2445593,-17.865751,28.354862
2026-02-24 15:00:00+00:00,1.0100011,3.520438,-19.589872,26.630743
2026-02-24 16:00:00+00:00,2.6200016,5.2070913,-17.903212,28.317396
2026-02-24 17:00:00+00:00,8.88,5.5689154,-17.541395,28.67922
2026-02-24 18:00:00+00:00,19.870003,21.13461,-1.9756938,44.24492
2026-02-24 19:00:00+00:00,28.11,28.97381,5.8635054,52.084118
2026-02-24 20:00:00+00:00,25.249998,33.960945,10.850638,57.07125
2026-02-24 21:00:00+00:00,41.59,38.794846,15.684539,61.90515
2026-02-24 22:00:00+00:00,43.21,29.787647,6.6773405,52.897957
2026-02-24 23:00:00+00:00,30.58,21.466436,-1.6438724,44.576744
2026-02-25 00:00:00+00:00,28.33,24.199198,0.5204114,47.877987
2026-02-25 01:00:00+00:00,27.26,40.833122,17.154337,64.51191
2026-02-25 02:00:00+00:00,22.83,66.79083,43.11205,90.46962
2026-02-25 03:00:00+00:00,16.85,51.87902,28.200232,75.55781
2026-02-25 04:00:00+00:00,14.960002,38.525978,14.847194,62.204765
2026-02-25 05:00:00+00:00,13.650001,25.788666,2.1098812,49.467453
2026-02-25 06:00:00+00:00,10.6900015,29.4623,5.783515,53.141087
2026-02-25 07:00:00+00:00,9.990001,16.668615,-7.0101748,40.3474
2026-02-25 08:00:00+00:00,10.400001,17.466623,-6.212167,41.14541
2026-02-25 09:00:00+00:00,11.29,15.163283,-8.515504,38.84207
2026-02-25 10:00:00+00:00,8.5199995,24.57544,0.89665115,48.254227
2026-02-25 11:00:00+00:00,8.679999,25.526232,1.8474454,49.20502
2026-02-25 12:00:00+00:00,7.960002,15.220824,-8.457959,38.899612
2026-02-25 13:00:00+00:00,7.63,15.887202,-7.791589,39.565987
2026-02-25 14:00:00+00:00,8.580001,18.800604,-4.8781824,42.479393
2026-02-25 15:00:00+00:00,10.81,18.852617,-4.826165,42.531403
2026-02-25 16:00:00+00:00,20.98,29.326683,5.647895,53.00547
2026-02-25 17:00:00+00:00,47.6,52.94638,29.267593,76.62517
2026-02-25 18:00:00+00:00,69.86,79.25434,55.575558,102.93313
2026-02-25 19:00:00+00:00,89.07,96.680786,73.002,120.35957
2026-02-25 20:00:00+00:00,87.12,115.13661,91.45783,138.8154
2026-02-25 21:00:00+00:00,78.6,99.995964,76.317184,123.67475
2026-02-25 22:00:00+00:00,72.85,75.8429,52.164116,99.52169
2026-02-25 23:00:00+00:00,77.97,66.99819,43.3194,90.67698
2026-02-26 00:00:00+00:00,69.77,78.328476,54.64969,102.00726
2026-02-26 01:00:00+00:00,57.96,68.57275,44.89396,92.25153
2026-02-26 02:00:00+00:00,57.11,67.84766,44.168865,91.526436
2026-02-26 03:00:00+00:00,71.31,58.81489,35.136105,82.493675
2026-02-26 04:00:00+00:00,77.7,54.212082,30.533295,77.89087
2026-02-26 05:00:00+00:00,69.66,53.869835,30.191048,77.54862
2026-02-26 06:00:00+00:00,58.94,47.68596,24.007172,71.364746
2026-02-26 07:00:00+00:00,65.56,46.44335,22.764563,70.12214
2026-02-26 08:00:00+00:00,68.5,62.8125,39.133713,86.49129
2026-02-26 09:00:00+00:00,60.47,39.47166,15.792872,63.150448
2026-02-26 10:00:00+00:00,25.39,25.551477,1.872691,49.230267
2026-02-26 11:00:00+00:00,21.409998,16.933779,-6.7450113,40.612564
2026-02-26 12:00:00+00:00,32.17,20.52393,-3.1548512,44.202717
2026-02-26 13:00:00+00:00,48.09,28.953028,5.2742414,52.631813
2026-02-26 14:00:00+00:00,50.31,35.66078,11.981994,59.33957
2026-02-26 15:00:00+00:00,50.92,38.74964,15.070857,62.42843
2026-02-26 16:00:00+00:00,59.62,52.95327,29.274485,76.63206
2026-02-26 17:00:00+00:00,97.17,73.18975,49.510967,96.86854
2026-02-26 18:00:00+00:00,127.1,99.09975,75.42096,122.77853
2026-02-26 19:00:00+00:00,131.76,111.481926,87.80314,135.16072
2026-02-26 20:00:00+00:00,141.71,117.46441,93.78562,141.1432
2026-02-26 21:00:00+00:00,148.05,119.81623,96.13744,143.49503
2026-02-26 22:00:00+00:00,144.72,135.50298,111.82418,159.18176
2026-02-26 23:00:00+00:00,126.61,138.0598,114.38101,161.73859
2026-02-27 00:00:00+00:00,114.85,134.41154,110.73275,158.09033
2026-02-27 01:00:00+00:00,110.299995,113.14418,89.46539,136.82297
2026-02-27 02:00:00+00:00,115.4,90.558136,66.87936,114.23692
2026-02-27 03:00:00+00:00,121.77,97.714714,74.03593,121.3935
2026-02-27 04:00:00+00:00,112.36,105.71688,82.03809,129.39566
2026-02-27 05:00:00+00:00,119.32,114.64473,90.96594,138.32352
2026-02-27 06:00:00+00:00,140.08,119.24071,95.56192,142.9195
2026-02-27 07:00:00+00:00,134.22,118.27868,94.5999,141.95747
2026-02-27 08:00:00+00:00,105.97,127.316666,103.63788,150.99545
2026-02-27 09:00:00+00:00,77.6,102.92198,79.243195,126.60076
2026-02-27 10:00:00+00:00,65.63,53.196407,29.517618,76.87519
2026-02-27 11:00:00+00:00,73.14,38.559166,14.880378,62.237953
2026-02-27 12:00:00+00:00,84.15,37.445415,13.766631,61.124203
2026-02-27 13:00:00+00:00,88.77,38.979565,15.3007765,62.658348
2026-02-27 14:00:00+00:00,94.56,62.83871,39.159924,86.517494
2026-02-27 15:00:00+00:00,92.53,77.466125,53.78734,101.14491
2026-02-27 16:00:00+00:00,91.63,74.39322,50.71443,98.07201
2026-02-27 17:00:00+00:00,92.44,73.30538,49.6266,96.98417
2026-02-27 18:00:00+00:00,109.85,87.324234,63.64545,111.00303
2026-02-27 19:00:00+00:00,107.69,97.9258,74.24702,121.60458
2026-02-27 20:00:00+00:00,108.87,72.284256,48.60547,95.96304
2026-02-27 21:00:00+00:00,85.0,108.454254,84.77547,132.13304
2026-02-27 22:00:00+00:00,120.03,85.74971,62.070923,109.4285
2026-02-27 23:00:00+00:00,141.34,94.93937,71.26058,118.61816
2026-02-28 00:00:00+00:00,131.35,90.66437,66.98558,114.34316
2026-02-28 01:00:00+00:00,137.94,104.031746,80.35296,127.71053
2026-02-28 02:00:00+00:00,127.98,104.6865,81.00771,128.3653
2026-02-28 03:00:00+00:00,127.64,116.56554,92.88675,140.24432
2026-02-28 04:00:00+00:00,150.46,133.79268,110.113884,157.47147
2026-02-28 05:00:00+00:00,138.88,142.5708,118.892006,166.24959
2026-02-28 06:00:00+00:00,146.48,113.418655,89.73987,137.09744
2026-02-28 07:00:00+00:00,168.51,122.42389,98.7451,146.10268
2026-02-28 08:00:00+00:00,176.2,126.2871,102.608315,149.9659
2026-02-28 09:00:00+00:00,172.48,156.20586,132.52708,179.88466
2026-02-28 10:00:00+00:00,187.01,160.35574,136.67696,184.03455
2026-02-28 11:00:00+00:00,188.86,127.64079,103.96201,151.31958
2026-02-28 12:00:00+00:00,185.71,128.79012,105.111336,152.4689
2026-02-28 13:00:00+00:00,175.95001,120.930725,97.25194,144.60951
2026-02-28 14:00:00+00:00,172.54,142.47488,118.7961,166.15367
2026-02-28 15:00:00+00:00,168.26,150.17882,126.50003,173.85762
2026-02-28 16:00:00+00:00,115.38,165.59535,141.91656,189.27414
2026-02-28 17:00:00+00:00,101.32,114.32629,90.6475,138.00507
2026-02-28 18:00:00+00:00,102.47,56.214268,32.53548,79.89305
2026-02-28 19:00:00+00:00,64.81,67.66317,43.984386,91.34196
2026-02-28 20:00:00+00:00,55.52,76.23588,52.557095,99.914665
2026-02-28 21:00:00+00:00,52.09,72.6568,48.978012,96.33559
2026-02-28 22:00:00+00:00,48.24,60.14718,36.46839,83.825966
2026-02-28 23:00:00+00:00,35.72,48.905025,25.226236,72.58381
2026-03-01 00:00:00+00:00,28.06,52.69298,29.014194,76.371765
2026-03-01 01:00:00+00:00,32.11,55.873688,32.1949,79.552475
2026-03-01 02:00:00+00:00,34.04,67.5533,43.87451,91.232086
2026-03-01 03:00:00+00:00,21.460001,49.39114,25.712355,73.06993
2026-03-01 04:00:00+00:00,26.24,19.50079,-4.1779947,43.179577
2026-03-01 05:00:00+00:00,50.61,36.01949,12.340705,59.698277
2026-03-01 06:00:00+00:00,70.74,42.01225,18.333464,65.69104
2026-03-01 07:00:00+00:00,76.64,51.812878,28.13409,75.49166
2026-03-01 08:00:00+00:00,76.64,64.576935,40.898144,88.25572
2026-03-01 09:00:00+00:00,57.3,30.080706,6.4019194,53.759495
2026-03-01 10:00:00+00:00,54.31,25.46096,1.7821759,49.139748
2026-03-01 11:00:00+00:00,57.64,34.393448,10.71466,58.072235
2026-03-01 12:00:00+00:00,66.68,64.246735,40.56795,87.92552
2026-03-01 13:00:00+00:00,64.95,82.10553,58.42674,105.78431
2026-03-01 14:00:00+00:00,69.57,57.509247,33.83046,81.188034
2026-03-01 15:00:00+00:00,70.06,55.78047,32.101685,79.45926
2026-03-01 16:00:00+00:00,50.92,51.812725,28.13394,75.491516
2026-03-01 17:00:00+00:00,41.27,56.391594,32.712807,80.07038
2026-03-01 18:00:00+00:00,47.63,69.40056,45.721767,93.07934
2026-03-01 19:00:00+00:00,51.76,68.06563,44.38684,91.744415
2026-03-01 20:00:00+00:00,50.18,64.740685,41.0619,88.41947
2026-03-01 21:00:00+00:00,45.0,53.31996,29.641172,76.99875
2026-03-01 22:00:00+00:00,45.53,68.85288,45.1741,92.53167
2026-03-01 23:00:00+00:00,60.43,62.67616,38.99737,86.35494
2026-03-02 00:00:00+00:00,65.31,50.82251,27.143723,74.5013
2026-03-02 01:00:00+00:00,57.49,48.34018,24.661392,72.01897
2026-03-02 02:00:00+00:00,62.83,44.071835,20.39305,67.75062
2026-03-02 03:00:00+00:00,78.65,48.767864,25.089075,72.44665
2026-03-02 04:00:00+00:00,90.18,59.90357,36.22478,83.58236
2026-03-02 05:00:00+00:00,102.18,65.72841,42.04962,89.407196
2026-03-02 06:00:00+00:00,106.21,61.47923,37.80044,85.15801
2026-03-02 07:00:00+00:00,116.43,75.28445,51.60566,98.963234
2026-03-02 08:00:00+00:00,82.69,89.707375,66.02859,113.38616
2026-03-02 09:00:00+00:00,46.45,51.31502,27.636234,74.993805
2026-03-02 10:00:00+00:00,30.86,32.827606,9.148822,56.506393
2026-03-02 11:00:00+00:00,33.78,34.79615,11.117362,58.474934
2026-03-02 12:00:00+00:00,33.95,29.568214,5.889426,53.247
2026-03-02 13:00:00+00:00,25.26,26.853506,3.1747196,50.532295
2026-03-02 14:00:00+00:00,20.9,25.322382,1.6435956,49.00117
2026-03-02 15:00:00+00:00,21.929998,23.469303,-0.20948137,47.14809
2026-03-02 16:00:00+00:00,24.47,27.334606,3.6558177,51.013393
2026-03-02 17:00:00+00:00,36.14,32.406612,8.727824,56.085396
2026-03-02 18:00:00+00:00,70.75,56.75973,33.080944,80.43852
2026-03-02 19:00:00+00:00,89.7,86.29319,62.614407,109.97198
2026-03-02 20:00:00+00:00,111.11,107.82881,84.150024,131.5076
2026-03-02 21:00:00+00:00,107.62,78.09341,54.414616,101.772194
2026-03-02 22:00:00+00:00,103.06,61.244263,37.565475,84.92305
2026-03-02 23:00:00+00:00,79.71,62.861156,39.18237,86.53994
2026-03-03 00:00:00+00:00,72.49,57.990143,34.311356,81.66893
2026-03-03 01:00:00+00:00,64.79,44.428837,20.75005,68.10762
2026-03-03 02:00:00+00:00,47.48,40.46542,16.78663,64.1442
2026-03-03 03:00:00+00:00,35.28,28.496613,4.8178244,52.1754
2026-03-03 04:00:00+00:00,26.22,25.589127,1.9103421,49.267914
2026-03-03 05:00:00+00:00,20.780003,19.588297,-4.0904894,43.267082
2026-03-03 06:00:00+00:00,16.249998,17.98673,-5.6920557,41.66552
2026-03-03 07:00:00+00:00,15.030002,14.63235,-9.046437,38.31114
2026-03-03 08:00:00+00:00,10.589999,23.143171,-0.5356151,46.82196
2026-03-03 09:00:00+00:00,2.8700016,16.525518,-7.153268,40.204304
2026-03-03 10:00:00+00:00,0.72000015,6.80297,-16.875814,30.481756
2026-03-03 11:00:00+00:00,3.5399997,6.0589933,-17.619795,29.737778
2026-03-03 12:00:00+00:00,3.8700016,6.5041227,-17.174665,30.18291
2026-03-03 13:00:00+00:00,2.72,9.283256,-14.395528,32.962044
2026-03-03 14:00:00+00:00,1.5199994,6.7256117,-16.953176,30.404396
2026-03-03 15:00:00+00:00,0.29000363,6.6003103,-17.078474,30.279097
2026-03-03 16:00:00+00:00,0.010001043,-1.0074359,-24.686224,22.671349
2026-03-03 17:00:00+00:00,0.010001043,-0.8618747,-24.540663,22.81691
2026-03-03 18:00:00+00:00,0.010001043,5.104541,-18.574247,28.783325
2026-03-03 19:00:00+00:00,-1.0931626e-06,5.5575933,-18.121199,29.236378
2026-03-03 20:00:00+00:00,0.109999515,5.124839,-18.553946,28.803625
2026-03-03 21:00:00+00:00,0.11999784,8.038566,-15.640225,31.717352
2026-03-03 22:00:00+00:00,0.10000119,10.449798,-13.228986,34.128586
2026-03-03 23:00:00+00:00,0.22000395,9.1496725,-14.529111,32.828457
2026-03-04 00:00:00+00:00,0.19999968,3.5803707,-19.326048,26.486795
2026-03-04 01:00:00+00:00,0.8199986,3.0492847,-19.857138,25.95571
2026-03-04 02:00:00+00:00,1.0299977,4.666789,-18.239637,27.573212
2026-03-04 03:00:00+00:00,0.7600049,6.4877615,-16.418661,29.394184
2026-03-04 04:00:00+00:00,0.9099988,3.7747676,-19.131659,26.68119
2026-03-04 05:00:00+00:00,0.25999722,7.8831472,-15.023274,30.78957
2026-03-04 06:00:00+00:00,0.29999432,6.564006,-16.34242,29.470428
2026-03-04 07:00:00+00:00,1.0800008,0.91511047,-21.991316,23.821533
2026-03-04 08:00:00+00:00,5.6500006,2.18455,-20.721876,25.090975
2026-03-04 09:00:00+00:00,6.7800016,2.5983493,-20.308073,25.504774
2026-03-04 10:00:00+00:00,2.8100002,2.617911,-20.288511,25.524334
2026-03-04 11:00:00+00:00,2.2400005,2.9630153,-19.94341,25.869438
2026-03-04 12:00:00+00:00,3.1700008,2.8620594,-20.044363,25.768482
2026-03-04 13:00:00+00:00,5.960002,6.354541,-16.551886,29.260963
2026-03-04 14:00:00+00:00,6.9700003,4.025359,-18.881063,26.931784
2026-03-04 15:00:00+00:00,8.760001,5.5463324,-17.36009,28.452757
2026-03-04 16:00:00+00:00,11.11,4.911422,-17.995008,27.817846
2026-03-04 17:00:00+00:00,27.12,15.851806,-7.05462,38.75823
2026-03-04 18:00:00+00:00,87.04,65.85668,42.95026,88.76311
2026-03-04 19:00:00+00:00,114.68,114.64328,91.736855,137.54971
2026-03-04 20:00:00+00:00,114.75,102.74778,79.84136,125.654205
2026-03-04 21:00:00+00:00,107.55,114.916626,92.0102,137.82306
2026-03-04 22:00:00+00:00,124.33,127.11543,104.20901,150.02187
2026-03-04 23:00:00+00:00,134.34,126.56705,103.66062,149.47348
2026-03-05 00:00:00+00:00,131.71,131.60829,108.70186,154.51471
2026-03-05 01:00:00+00:00,123.67,122.92293,100.0165,145.82936
2026-03-05 02:00:00+00:00,107.4,112.239784,89.33336,135.14621
2026-03-05 03:00:00+00:00,99.15,112.953445,90.04702,135.85988
2026-03-05 04:00:00+00:00,109.21,97.7066,74.80018,120.61302
2026-03-05 05:00:00+00:00,102.05,103.0649,80.158485,125.97133
2026-03-05 06:00:00+00:00,95.48,105.36312,82.456696,128.26955
2026-03-05 07:00:00+00:00,87.6,89.04031,66.13389,111.94673
2026-03-05 08:00:00+00:00,65.8,85.71565,62.80923,108.622086
2026-03-05 09:00:00+00:00,32.73,33.70516,10.798732,56.61158
2026-03-05 10:00:00+00:00,13.050002,17.619318,-5.2871065,40.52574
2026-03-05 11:00:00+00:00,6.1900015,16.428988,-6.477437,39.335415
2026-03-05 12:00:00+00:00,5.2800016,16.400877,-6.5055437,39.3073
2026-03-05 13:00:00+00:00,8.0199995,18.41791,-4.488515,41.324333
2026-03-05 14:00:00+00:00,7.7400007,19.442446,-3.463979,42.34887
2026-03-05 15:00:00+00:00,10.6900015,15.237922,-7.6685038,38.144344
2026-03-05 16:00:00+00:00,18.609999,11.660705,-11.245721,34.56713
2026-03-05 17:00:00+00:00,34.53,36.40428,13.497855,59.310707
2026-03-05 18:00:00+00:00,61.35,100.685104,77.77868,123.59153
2026-03-05 19:00:00+00:00,61.78,121.55004,98.64362,144.45648
2026-03-05 20:00:00+00:00,62.43,74.60663,51.700207,97.513054
2026-03-05 21:00:00+00:00,51.38,62.449905,39.54348,85.35633
2026-03-05 22:00:00+00:00,38.02,50.292637,27.386211,73.19906
2026-03-05 23:00:00+00:00,25.93,36.817146,13.910724,59.72357
2026-03-06 00:00:00+00:00,23.549997,25.888702,2.9822795,48.795128
2026-03-06 01:00:00+00:00,23.14,15.977969,-6.9284525,38.884396
2026-03-06 02:00:00+00:00,22.07,13.302867,-9.603559,36.209293
2026-03-06 03:00:00+00:00,14.140002,15.131854,-7.7745714,38.038277
2026-03-06 04:00:00+00:00,9.050002,11.989856,-10.916566,34.89628
2026-03-06 05:00:00+00:00,4.089999,8.455604,-14.450818,31.362026
2026-03-06 06:00:00+00:00,2.1200016,8.596808,-14.309621,31.503231
2026-03-06 07:00:00+00:00,3.1999996,1.8208112,-21.085615,24.727236
2026-03-06 08:00:00+00:00,3.6999996,2.9545696,-19.951849,25.860994
2026-03-06 09:00:00+00:00,3.0600002,1.756442,-21.149977,24.662865
2026-03-06 10:00:00+00:00,0.7400006,2.0604312,-20.845991,24.966856
2026-03-06 11:00:00+00:00,0.0699986,6.2828627,-16.623564,29.189285
2026-03-06 12:00:00+00:00,-1.0931626e-06,1.8436993,-21.062727,24.750122
2026-03-06 13:00:00+00:00,-1.0931626e-06,4.4949408,-18.411482,27.401365
2026-03-06 14:00:00+00:00,-1.0931626e-06,5.1272154,-17.779203,28.03364
2026-03-06 15:00:00+00:00,-1.0931626e-06,1.6052617,-21.30116,24.511686
2026-03-06 16:00:00+00:00,0.02000318,2.216788,-20.689634,25.12321
2026-03-06 17:00:00+00:00,0.4900044,0.88548934,-22.020933,23.791912
2026-03-06 18:00:00+00:00,3.2699993,2.1247928,-20.781637,25.031216
2026-03-06 19:00:00+00:00,10.63,-0.72528565,-23.631712,22.181137
2026-03-06 20:00:00+00:00,20.28,2.6127079,-20.293715,25.519133
2026-03-06 21:00:00+00:00,31.24,7.607707,-15.298718,30.51413
2026-03-06 22:00:00+00:00,28.08,36.672894,13.766471,59.57932
2026-03-06 23:00:00+00:00,16.539999,36.204453,13.29803,59.110878
2026-03-07 00:00:00+00:00,11.210002,33.5522,10.645778,56.458626
2026-03-07 01:00:00+00:00,11.240001,22.509146,-0.39727512,45.41557
2026-03-07 02:00:00+00:00,9.580001,14.711467,-8.194959,37.61789
2026-03-07 03:00:00+00:00,12.140002,19.527794,-3.3786328,42.43422
2026-03-07 04:00:00+00:00,15.620002,20.810734,-2.095689,43.71716
2026-03-07 05:00:00+00:00,15.710002,15.989337,-6.9170885,38.89576
2026-03-07 06:00:00+00:00,10.650001,26.117575,3.21115,49.024
2026-03-07 07:00:00+00:00,9.5199995,9.421546,-13.484876,32.32797
2026-03-07 08:00:00+00:00,11.670001,11.7910185,-11.115407,34.69744
2026-03-07 09:00:00+00:00,8.47,4.4191847,-18.487242,27.32561
2026-03-07 10:00:00+00:00,4.050002,4.674266,-18.23216,27.580688
2026-03-07 11:00:00+00:00,5.300002,6.3399954,-16.566427,29.24642
2026-03-07 12:00:00+00:00,5.2400007,7.346553,-15.559873,30.252975
2026-03-07 13:00:00+00:00,5.580001,8.164199,-14.742223,31.070621
2026-03-07 14:00:00+00:00,8.159999,8.4128065,-14.493619,31.319231
2026-03-07 15:00:00+00:00,13.030002,10.892959,-12.013467,33.79938
2026-03-07 16:00:00+00:00,20.290003,16.021933,-6.884492,38.928356
2026-03-07 17:00:00+00:00,41.49,20.956545,-1.949876,43.862972
2026-03-07 18:00:00+00:00,59.3,53.573143,30.66672,76.47957
2026-03-07 19:00:00+00:00,57.73,82.545074,59.638653,105.4515
2026-03-07 20:00:00+00:00,49.46,75.526024,52.6196,98.43245
2026-03-07 21:00:00+00:00,41.58,65.42035,42.513924,88.326775
2026-03-07 22:00:00+00:00,44.69,54.299633,31.39321,77.20606
2026-03-07 23:00:00+00:00,45.15,50.26101,27.354586,73.167435
2026-03-08 00:00:00+00:00,42.31,51.355778,28.449352,74.2622
2026-03-08 01:00:00+00:00,34.78,35.87595,12.969527,58.782375
2026-03-08 02:00:00+00:00,23.25,42.365322,19.458895,65.27174
2026-03-08 03:00:00+00:00,13.960002,28.01204,5.1056166,50.918465
2026-03-08 04:00:00+00:00,6.6099997,17.422205,-5.4842234,40.32863
2026-03-08 05:00:00+00:00,5.4700003,10.509391,-12.397035,33.415817
2026-03-08 06:00:00+00:00,5.6099997,9.479583,-13.426839,32.38601
2026-03-08 07:00:00+00:00,6.4900007,7.737006,-15.169415,30.643429
2026-03-08 08:00:00+00:00,5.050002,8.31269,-14.593732,31.219114
2026-03-08 09:00:00+00:00,3.5699985,2.9253833,-19.98104,25.831806
2026-03-08 10:00:00+00:00,2.5600002,2.8337848,-20.072638,25.740208
2026-03-08 11:00:00+00:00,2.1700008,3.2326763,-19.67375,26.1391
2026-03-08 12:00:00+00:00,2.4099987,5.7985563,-17.107862,28.70498
2026-03-08 13:00:00+00:00,3.22,5.156333,-17.75009,28.062757
2026-03-08 14:00:00+00:00,3.0699985,3.9324367,-18.97399,26.838861
2026-03-08 15:00:00+00:00,2.2100017,5.396407,-17.510015,28.302832
2026-03-08 16:00:00+00:00,1.7200001,8.614871,-14.291554,31.521294
2026-03-08 17:00:00+00:00,3.9000003,3.837588,-19.068838,26.74401
2026-03-08 18:00:00+00:00,5.339999,8.575526,-14.330899,31.48195
2026-03-08 19:00:00+00:00,4.9299994,7.013179,-15.893247,29.919601
2026-03-08 20:00:00+00:00,3.4400012,1.8888425,-21.017584,24.795265
2026-03-08 21:00:00+00:00,1.5499982,7.3061094,-15.600316,30.212532
2026-03-08 22:00:00+00:00,0.5199994,8.631324,-14.275098,31.537746
2026-03-08 23:00:00+00:00,1.0499982,7.44189,-15.464536,30.348314
2026-03-09 00:00:00+00:00,5.88,9.028167,-13.8782625,31.934591
2026-03-09 01:00:00+00:00,7.1099997,4.4307356,-18.47569,27.337158
2026-03-09 02:00:00+00:00,6.0699987,9.253699,-13.652722,32.160126
2026-03-09 03:00:00+00:00,3.2499988,10.979827,-11.926599,33.886253
2026-03-09 04:00:00+00:00,1.5600003,10.686149,-12.220277,33.592575
2026-03-09 05:00:00+00:00,2.4799984,9.081088,-13.825337,31.98751
2026-03-09 06:00:00+00:00,3.2699993,11.88293,-11.0234995,34.789352
2026-03-09 07:00:00+00:00,4.4900007,12.224509,-10.681916,35.130936
2026-03-09 08:00:00+00:00,3.850001,2.9825542,-19.923872,25.888977
2026-03-09 09:00:00+00:00,3.339999,4.4752073,-18.43122,27.38163
2026-03-09 10:00:00+00:00,0.5300015,3.2288196,-19.67761,26.135242
2026-03-09 11:00:00+00:00,0.8899983,0.34474835,-22.561674,23.251171
2026-03-09 12:00:00+00:00,2.600001,4.290103,-18.616323,27.196526
2026-03-09 13:00:00+00:00,2.7299984,5.50661,-17.399817,28.41303
2026-03-09 14:00:00+00:00,2.0699985,6.796916,-16.10951,29.703339
2026-03-09 15:00:00+00:00,1.0999974,3.4080036,-19.498426,26.314426
2026-03-09 16:00:00+00:00,0.97999847,-1.009164,-23.915586,21.89726
2026-03-09 17:00:00+00:00,1.0800008,8.094741,-14.811681,31.001163
2026-03-09 18:00:00+00:00,1.2800015,14.067466,-8.838952,36.973892
2026-03-09 19:00:00+00:00,5.499999,41.72853,18.822107,64.63496
2026-03-09 20:00:00+00:00,8.760001,15.394767,-7.5116587,38.301193
2026-03-09 21:00:00+00:00,4.2,11.326957,-11.579473,34.23338
2026-03-09 22:00:00+00:00,1.3599995,1.8283604,-21.078062,24.734785
2026-03-09 23:00:00+00:00,0.4299954,2.245177,-20.661245,25.151602
2026-03-10 00:00:00+00:00,0.010001043,3.396178,-19.510244,26.302603
2026-03-10 01:00:00+00:00,0.09000287,82.43879,59.53236,105.34521
2026-03-10 02:00:00+00:00,2.589999,32.533497,9.62707,55.43992
2026-03-10 03:00:00+00:00,11.210002,5.6390066,-17.267424,28.545431
2026-03-10 04:00:00+00:00,42.29,1.752261,-21.154165,24.658684
2026-03-10 05:00:00+00:00,61.74,2.9385173,-19.967909,25.844942
2026-03-10 06:00:00+00:00,23.34,17.094568,-5.8118525,40.00099
2026-03-10 07:00:00+00:00,30.97,30.08421,7.177787,52.990635
2026-03-10 08:00:00+00:00,45.74,19.81321,-3.0932133,42.719635
2026-03-10 09:00:00+00:00,20.580002,13.226897,-9.679528,36.13332
2026-03-10 10:00:00+00:00,23.35,26.287102,3.380679,49.193527
2026-03-10 11:00:00+00:00,58.05,44.187027,21.280603,67.09345
2026-03-10 12:00:00+00:00,64.48,60.175697,37.26927,83.082115
2026-03-10 13:00:00+00:00,32.72,55.515347,32.608925,78.42177
2026-03-10 14:00:00+00:00,36.95,71.09084,48.184418,93.99727
2026-03-10 15:00:00+00:00,42.85,62.01668,39.110256,84.9231
2026-03-10 16:00:00+00:00,43.09,40.628838,17.722414,63.535263
2026-03-10 17:00:00+00:00,53.68,56.159607,33.25318,79.06603
2026-03-10 18:00:00+00:00,75.2,58.216877,35.310455,81.1233
2026-03-10 19:00:00+00:00,96.19,62.357376,39.450954,85.2638
2026-03-10 20:00:00+00:00,115.64,96.48274,73.57632,119.38917
2026-03-10 21:00:00+00:00,111.66,93.439964,70.53354,116.34639
2026-03-10 22:00:00+00:00,118.15,95.7466,72.84017,118.65302
2026-03-10 23:00:00+00:00,134.0,93.538124,70.6317,116.44454
