date,solar_tran_actual,solar_tran_fitted,solar_tran_lower,solar_tran_upper
2026-04-26 00:00:00+00:00,-9.453079e-07,1.3793383089550844,-351.38970570459765,354.1483823225077
2026-04-26 01:00:00+00:00,-9.453079e-07,1.3793383089550844,-351.38970570459765,354.1483823225077
2026-04-26 02:00:00+00:00,-9.453079e-07,2.9225512631314814,-349.84649275042125,355.6915952766841
2026-04-26 03:00:00+00:00,-9.453079e-07,39.83693788272831,-312.9321061308244,392.6059818962809
2026-04-26 04:00:00+00:00,217.84003,256.67587293114264,-96.09317108240998,609.4449169446953
2026-04-26 05:00:00+00:00,1396.52,1363.6216501697045,1010.8526061561518,1716.390694183257
2026-04-26 06:00:00+00:00,3085.26,2531.0911333126396,2178.3220892990867,2883.8601773261917
2026-04-26 07:00:00+00:00,4813.7197,3835.795162944781,3483.0261189312287,4188.564206958334
2026-04-26 08:00:00+00:00,6131.5,5506.60110760932,5153.832063595767,5859.370151622873
2026-04-26 09:00:00+00:00,6204.8677,5562.449907134698,5209.680863121146,5915.218951148251
2026-04-26 10:00:00+00:00,6278.2354,5621.781563728018,5269.012519714465,5974.550607741571
2026-04-26 11:00:00+00:00,6351.6025,5523.806122913818,5171.037078900265,5876.575166927371
2026-04-26 12:00:00+00:00,6424.97,5561.359995751934,5208.590951738381,5914.129039765487
2026-04-26 13:00:00+00:00,5977.5,4995.263211157146,4642.494167143593,5348.032255170699
2026-04-26 14:00:00+00:00,5276.63,3657.689275708385,3304.9202316948326,4010.4583197219376
2026-04-26 15:00:00+00:00,3882.49,3038.1366272729783,2685.3675832594254,3390.9056712865304
2026-04-26 16:00:00+00:00,2153.45,2001.6359162735178,1648.866872259965,2354.4049602870705
2026-04-26 17:00:00+00:00,698.37,846.8631002652743,494.09405625172167,1199.632144278827
2026-04-26 18:00:00+00:00,18.949951,70.05268515510295,-282.71635885844967,422.8217291686557
2026-04-26 19:00:00+00:00,-9.453079e-07,11.973090166683278,-340.7959538468692,364.742134180236
2026-04-26 20:00:00+00:00,-9.453079e-07,0.6566561787358296,-352.1123878348169,353.42570019228833
2026-04-26 21:00:00+00:00,-9.453079e-07,1.0498730008891926,-351.7191710126633,353.8189170144419
2026-04-26 22:00:00+00:00,-9.453079e-07,-4.774966035036641,-357.54401004858937,347.994077978516
2026-04-26 23:00:00+00:00,-9.453079e-07,0.9399180813286421,-351.8291259322241,353.70896209488126
2026-04-27 00:00:00+00:00,-9.453079e-07,1.0721190124381792,-351.69692500111455,353.8411630259908
2026-04-27 01:00:00+00:00,-9.453079e-07,1.0721190124381792,-351.69692500111455,353.8411630259908
2026-04-27 02:00:00+00:00,-9.453079e-07,1.1237069006785987,-351.64533711287413,353.8927509142312
2026-04-27 03:00:00+00:00,-9.453079e-07,10.797017786760534,-341.9720262267922,363.56606180031315
2026-04-27 04:00:00+00:00,231.04004,181.39714314464402,-171.3719008689086,534.1661871581966
2026-04-27 05:00:00+00:00,1411.05,1293.7216310366773,940.9525870231247,1646.4906750502298
2026-04-27 06:00:00+00:00,3033.19,2450.7433102149616,2097.974266201409,2803.5123542285146
2026-04-27 07:00:00+00:00,4729.43,3764.416249628469,3411.6472056149164,4117.185293642022
2026-04-27 08:00:00+00:00,6231.93,4946.662332157943,4593.89328814439,5299.431376171496
2026-04-27 09:00:00+00:00,6159.912,5389.2075087100875,5036.4384646965345,5741.97655272364
2026-04-27 10:00:00+00:00,6087.894,5454.445340561914,5101.676296548361,5807.214384575467
2026-04-27 11:00:00+00:00,6015.876,5712.143272695388,5359.374228681835,6064.912316708941
2026-04-27 12:00:00+00:00,5943.858,5634.2320121018365,5281.462968088284,5987.0010561153895
2026-04-27 13:00:00+00:00,5871.84,4788.684447070038,4435.915403056485,5141.45349108359
2026-04-27 14:00:00+00:00,4474.96,3745.7758262660877,3393.0067822525352,4098.54487027964
2026-04-27 15:00:00+00:00,3030.19,2774.560631164854,2421.7915871513014,3127.3296751784064
2026-04-27 16:00:00+00:00,1696.79,1656.4378686522034,1303.6688246386507,2009.2069126657561
2026-04-27 17:00:00+00:00,554.86993,587.4724787678126,234.70343475426,940.2415227813652
2026-04-27 18:00:00+00:00,19.359985,43.71447454325914,-309.0545694702935,396.48351855681176
2026-04-27 19:00:00+00:00,-9.453079e-07,6.986165326319679,-345.78287868723305,359.7552093398723
2026-04-27 20:00:00+00:00,-9.453079e-07,0.015315217036913964,-352.7537287965156,352.78435923058964
2026-04-27 21:00:00+00:00,-9.453079e-07,0.015315217036913964,-352.7537287965156,352.78435923058964
2026-04-27 22:00:00+00:00,-9.453079e-07,0.015315217036913964,-352.7537287965156,352.78435923058964
2026-04-27 23:00:00+00:00,-9.453079e-07,0.015315217036913964,-352.7537287965156,352.78435923058964
2026-04-28 00:00:00+00:00,-9.453079e-07,0.42710495034702944,-352.3419390632055,353.19614896389976
2026-04-28 01:00:00+00:00,-9.453079e-07,0.7619547411802614,-352.00708927237224,353.530998754733
2026-04-28 02:00:00+00:00,-9.453079e-07,0.7619547411802614,-352.00708927237224,353.530998754733
2026-04-28 03:00:00+00:00,-9.453079e-07,4.851441606225535,-347.9176024073272,357.62048561977815
2026-04-28 04:00:00+00:00,175.02008,107.1453810724538,-245.62366294109893,459.9144250860064
2026-04-28 05:00:00+00:00,1215.63,585.2384997906959,232.46945577714314,938.0075438042484
2026-04-28 06:00:00+00:00,2824.52,1868.2503130234315,1515.4812690098788,2221.019357036984
2026-04-28 07:00:00+00:00,4546.03,3294.623441923596,2941.8543979100436,3647.3924859371486
2026-04-28 08:00:00+00:00,5848.96,4600.157106756359,4247.388062742806,4952.926150769912
2026-04-28 09:00:00+00:00,5765.7817,5435.583100141918,5082.814056128365,5788.352144155471
2026-04-28 10:00:00+00:00,5682.604,5720.99850980886,5368.229465795307,6073.767553822413
2026-04-28 11:00:00+00:00,5599.426,5725.7689733802745,5372.9999293667215,6078.538017393827
2026-04-28 12:00:00+00:00,5516.248,5608.917768448593,5256.14872443504,5961.686812462146
2026-04-28 13:00:00+00:00,5433.07,4749.050430231562,4396.28138621801,5101.819474245116
2026-04-28 14:00:00+00:00,3809.7,4201.493472859303,3848.7244288457505,4554.2625168728555
2026-04-28 15:00:00+00:00,2346.35,2852.322293636734,2499.553249623181,3205.091337650286
2026-04-28 16:00:00+00:00,1193.8,1529.5032226572966,1176.734178643744,1882.2722666708491
2026-04-28 17:00:00+00:00,402.40002,521.0265588822408,168.2575148686883,873.7956028957934
2026-04-28 18:00:00+00:00,26.579956,-4.844325651057488,-357.6133696646102,347.924718362495
2026-04-28 19:00:00+00:00,-9.453079e-07,7.887635887710076,-344.88140812584265,360.6566799012627
2026-04-28 20:00:00+00:00,-9.453079e-07,-0.01231527727941284,-352.7813592908319,352.7567287362733
2026-04-28 21:00:00+00:00,-9.453079e-07,0.3225345135538191,-352.4465094999987,353.09157852710655
2026-04-28 22:00:00+00:00,-9.453079e-07,1.0805752531982762,-351.68846876035445,353.8496192667509
2026-04-28 23:00:00+00:00,-9.453079e-07,1.0805752531982762,-351.68846876035445,353.8496192667509
2026-04-29 00:00:00+00:00,-9.453079e-07,0.7619547411802614,-352.00708927237224,353.530998754733
2026-04-29 01:00:00+00:00,-9.453079e-07,0.7619547411802614,-352.00708927237224,353.530998754733
2026-04-29 02:00:00+00:00,-9.453079e-07,12.04269524781921,-340.7263487657335,364.8117392613718
2026-04-29 03:00:00+00:00,-9.453079e-07,46.1167854699936,-306.6522585435591,398.8858294835462
2026-04-29 04:00:00+00:00,219.07007,279.5737289811592,-73.19531503239341,632.3427729947118
2026-04-29 05:00:00+00:00,1142.6,861.2846761202393,508.51563210668667,1214.0537201337918
2026-04-29 06:00:00+00:00,2610.17,2158.9621466449,1806.1931026313468,2511.731190658452
2026-04-29 07:00:00+00:00,4460.98,3525.3885394569193,3172.6194954433668,3878.1575834704718
2026-04-29 08:00:00+00:00,6116.49,5074.885428712232,4722.11638469868,5427.654472725785
2026-04-29 09:00:00+00:00,6003.2437,5611.479599178928,5258.710555165375,5964.24864319248
2026-04-29 10:00:00+00:00,5889.9966,5688.949907873218,5336.180863859665,6041.718951886771
2026-04-29 11:00:00+00:00,5776.75,5691.771106844874,5339.002062831321,6044.540150858427
2026-04-29 12:00:00+00:00,5663.5034,5609.748639499447,5256.979595485894,5962.517683513
2026-04-29 13:00:00+00:00,5550.2563,5362.647793418884,5009.878749405331,5715.416837432437
2026-04-29 14:00:00+00:00,5437.01,4610.054492084735,4257.285448071182,4962.823536098287
2026-04-29 15:00:00+00:00,3925.89,3437.114360070061,3084.3453160565086,3789.8834040836136
2026-04-29 16:00:00+00:00,2187.23,2159.3421273811446,1806.573083367592,2512.1111713946975
2026-04-29 17:00:00+00:00,747.5,885.1200747941981,532.3510307806455,1237.8891188077507
2026-04-29 18:00:00+00:00,39.650024,107.91715570551696,-244.85188830803577,460.6861997190696
2026-04-29 19:00:00+00:00,-9.453079e-07,8.817957630228875,-343.95108638332385,361.5870016437815
2026-04-29 20:00:00+00:00,-9.453079e-07,0.9399180813286421,-351.8291259322241,353.70896209488126
2026-04-29 21:00:00+00:00,-9.453079e-07,-11.66471028406977,-364.4337542976223,341.10433372948296
2026-04-29 22:00:00+00:00,-9.453079e-07,15.26275402491251,-337.5062899886402,368.0317980384651
2026-04-29 23:00:00+00:00,-9.453079e-07,12.034980102193003,-340.7340639113597,364.8040241157456
2026-04-30 00:00:00+00:00,-9.453079e-07,27.314909340917666,-325.45413467263506,380.0839533544703
2026-04-30 01:00:00+00:00,-9.453079e-07,20.117406596292994,-332.6516374172595,372.8864506098457
2026-04-30 02:00:00+00:00,-9.453079e-07,71.57869873114203,-281.1903452824106,424.34774274469464
2026-04-30 03:00:00+00:00,-9.453079e-07,93.5481551249701,-259.2208888885825,446.3171991385228
2026-04-30 04:00:00+00:00,284.58002,406.05634070351186,53.28729668995936,758.8253847170645
2026-04-30 05:00:00+00:00,1528.36,1409.1594517803464,1056.3904077667937,1761.928495793899
2026-04-30 06:00:00+00:00,3294.38,2885.8531608785734,2533.0841168650204,3238.6222048921254
2026-04-30 07:00:00+00:00,5116.19,4438.342035244732,4085.57299123118,4791.111079258286
2026-04-30 08:00:00+00:00,5187.9272,5564.6241141892415,5211.8550701756885,5917.393158202794
2026-04-30 09:00:00+00:00,5259.664,5637.497269726188,5284.728225712635,5990.266313739741
2026-04-30 10:00:00+00:00,5331.4014,5700.764458557795,5347.995414544242,6053.5335025713475
2026-04-30 11:00:00+00:00,5403.1387,5674.021820501473,5321.25277648792,6026.7908645150255
2026-04-30 12:00:00+00:00,5474.876,5672.717138454812,5319.948094441259,6025.486182468364
2026-04-30 13:00:00+00:00,5546.613,5591.021669159745,5238.252625146192,5943.790713173298
2026-04-30 14:00:00+00:00,5618.35,4689.978180385024,4337.209136371472,5042.747224398577
2026-04-30 15:00:00+00:00,4070.45,3615.2367121031193,3262.467668089567,3968.005756116672
2026-04-30 16:00:00+00:00,2292.9,2189.4458838441474,1836.6768398305949,2542.2149278577
2026-04-30 17:00:00+00:00,807.97,917.1273814836795,564.3583374701269,1269.896425497232
2026-04-30 18:00:00+00:00,49.150024,187.1081564784738,-165.66088753507893,539.8772004920264
2026-04-30 19:00:00+00:00,-9.453079e-07,22.877782260985896,-329.8912617525666,375.6468262745386
2026-04-30 20:00:00+00:00,-9.453079e-07,0.4506243754560728,-352.31841963809643,353.2196683890088
2026-04-30 21:00:00+00:00,-9.453079e-07,-12.492930351048244,-365.261974364601,340.2761136625044
2026-04-30 22:00:00+00:00,-9.453079e-07,4.569861161090785,-348.19918285246195,357.3389051746433
2026-04-30 23:00:00+00:00,-9.453079e-07,15.046361806211962,-337.72268220734054,367.8154058197647
2026-05-01 00:00:00+00:00,-9.453079e-07,1.9965623422954195,-350.7724816712571,354.76560635584815
2026-05-01 01:00:00+00:00,-9.453079e-07,7.721559987118098,-345.04748402643463,360.4906040006707
2026-05-01 02:00:00+00:00,-9.453079e-07,17.797491422731355,-334.97155259082115,370.5665354362841
2026-05-01 03:00:00+00:00,-9.453079e-07,60.30299114844456,-292.46605286510794,413.0720351619973
2026-05-01 04:00:00+00:00,301.7,331.0453094568327,-21.72373455671982,683.8143534703854
2026-05-01 05:00:00+00:00,1556.14,1425.9874697738214,1073.218425760269,1778.7565137873742
2026-05-01 06:00:00+00:00,3304.86,2823.2187745623796,2470.449730548827,3175.987818575932
2026-05-01 07:00:00+00:00,5047.53,4661.695128166633,4308.926084153081,5014.464172180186
2026-05-01 08:00:00+00:00,5105.511,5571.74844428944,5218.979400275887,5924.517488302993
2026-05-01 09:00:00+00:00,5163.4927,5696.200940389198,5343.431896375645,6048.969984402751
2026-05-01 10:00:00+00:00,5221.474,5802.518572643082,5449.749528629529,6155.287616656635
2026-05-01 11:00:00+00:00,5279.4556,5829.04362299871,5476.274578985158,6181.812667012263
2026-05-01 12:00:00+00:00,5337.437,5788.852290023853,5436.0832460103,6141.621334037406
2026-05-01 13:00:00+00:00,5395.4185,5638.317860661438,5285.548816647885,5991.086904674991
2026-05-01 14:00:00+00:00,5453.4,4748.8074909843135,4396.038446970761,5101.5765349978665
2026-05-01 15:00:00+00:00,3977.98,3478.181058133752,3125.4120141201993,3830.9501021473043
2026-05-01 16:00:00+00:00,2248.98,2125.2737137410577,1772.5046697275052,2478.0427577546106
2026-05-01 17:00:00+00:00,802.29,1109.6011455622995,756.832101548747,1462.3701895758522
2026-05-01 18:00:00+00:00,49.22998,189.85020647156387,-162.91883754198875,542.6192504851165
2026-05-01 19:00:00+00:00,-9.453079e-07,8.35794203882142,-344.4111019747313,361.12698605237404
2026-05-01 20:00:00+00:00,-9.453079e-07,0.5089914067764312,-352.2600526067763,353.27803542032905
2026-05-01 21:00:00+00:00,-9.453079e-07,6.233989051598883,-346.5350549619536,359.0030330651516
2026-05-01 22:00:00+00:00,-9.453079e-07,19.792494642728116,-332.9765493708246,372.56153865628073
2026-05-01 23:00:00+00:00,-9.453079e-07,19.792494642728116,-332.9765493708246,372.56153865628073
2026-05-02 00:00:00+00:00,-9.453079e-07,2.0033414853753584,-350.76570252817714,354.7723854989281
2026-05-02 01:00:00+00:00,-9.453079e-07,2.0033414853753584,-350.76570252817714,354.7723854989281
2026-05-02 02:00:00+00:00,-9.453079e-07,13.3121631512347,-339.4568808623178,366.08120716478743
2026-05-02 03:00:00+00:00,-9.453079e-07,55.81766287694802,-296.9513811366046,408.58670689050064
2026-05-02 04:00:00+00:00,347.58002,272.2456878794576,-80.52335613409491,625.0147318930102
2026-05-02 05:00:00+00:00,1590.84,1385.0464707604508,1032.2774267468983,1737.8155147740035
2026-05-02 06:00:00+00:00,3213.54,2817.2952290565145,2464.526185042962,3170.064273070067
2026-05-02 07:00:00+00:00,4914.89,4364.821937750967,4012.0528937374147,4717.590981764521
2026-05-02 08:00:00+00:00,6137.74,5458.20321752965,5105.434173516097,5810.972261543203
2026-05-02 09:00:00+00:00,6162.102,5564.762600071157,5211.993556057604,5917.53164408471
2026-05-02 10:00:00+00:00,6186.464,5541.337810438242,5188.568766424689,5894.106854451795
2026-05-02 11:00:00+00:00,6210.826,5503.762112462946,5150.993068449393,5856.531156476499
2026-05-02 12:00:00+00:00,6235.188,5458.955547794846,5106.186503781293,5811.724591808399
2026-05-02 13:00:00+00:00,6259.55,5312.396673135457,4959.627629121904,5665.16571714901
2026-05-02 14:00:00+00:00,5142.91,4320.652711640158,3967.883667626605,4673.42175565371
2026-05-02 15:00:00+00:00,3610.16,2999.154617234548,2646.385573220995,3351.9236612481004
2026-05-02 16:00:00+00:00,2056.78,1903.7524922834582,1550.9834482699055,2256.5215362970107
2026-05-02 17:00:00+00:00,707.4,863.934215324031,511.1651713104785,1216.7032593375836
2026-05-02 18:00:00+00:00,31.140015,96.29003151411007,-256.47901249944266,449.0590755276627
2026-05-02 19:00:00+00:00,-9.453079e-07,21.41391548562251,-331.35512852793,374.18295949917524
2026-05-02 20:00:00+00:00,-9.453079e-07,0.3809015448741775,-352.38814246867855,353.1499455584268
2026-05-02 21:00:00+00:00,-9.453079e-07,0.3809015448741775,-352.38814246867855,353.1499455584268
2026-05-02 22:00:00+00:00,-9.453079e-07,0.3809015448741775,-352.38814246867855,353.1499455584268
2026-05-02 23:00:00+00:00,-9.453079e-07,0.3809015448741775,-352.38814246867855,353.1499455584268
2026-05-03 00:00:00+00:00,-9.453079e-07,0.8203217725006198,-351.9487222410521,353.58936578605324
2026-05-03 01:00:00+00:00,-9.453079e-07,0.8203217725006198,-351.9487222410521,353.58936578605324
2026-05-03 02:00:00+00:00,-9.453079e-07,0.8203217725006198,-351.9487222410521,353.58936578605324
2026-05-03 03:00:00+00:00,-9.453079e-07,2.363534726677017,-350.4055092868757,355.13257874022963
2026-05-03 04:00:00+00:00,257.78003,112.11850953502903,-240.6505344785237,464.88755354858165
2026-05-03 05:00:00+00:00,1238.33,762.9196247088456,410.150580695293,1115.6886687223982
2026-05-03 06:00:00+00:00,2493.67,1869.3894380375127,1516.6203940239602,2222.158482051065
2026-05-03 07:00:00+00:00,3892.53,2855.244363590915,2502.4753195773624,3208.0134076044674
2026-05-03 08:00:00+00:00,5341.63,3554.8788162030723,3202.10977218952,3907.647860216625
2026-05-03 09:00:00+00:00,6172.01,4710.960207491926,4358.191163478373,5063.729251505479
2026-05-03 10:00:00+00:00,6205.5996,5005.002259443323,4652.23321542977,5357.771303456876
2026-05-03 11:00:00+00:00,6239.19,5273.876115682178,4921.107071668626,5626.645159695731
2026-05-03 12:00:00+00:00,5557.6,4948.738392487914,4595.969348474361,5301.507436501466
2026-05-03 13:00:00+00:00,4752.1294,4141.76211722038,3788.993073206828,4494.531161233932
2026-05-03 14:00:00+00:00,3550.21,3521.111948694051,3168.3429046804986,3873.880992707603
2026-05-03 15:00:00+00:00,2202.55,1750.3923712043875,1397.623327190835,2103.16141521794
2026-05-03 16:00:00+00:00,986.93,804.2004160628942,451.4313720493417,1156.969460076447
2026-05-03 17:00:00+00:00,363.02002,259.88663548206137,-92.88240853149136,612.655679495614
2026-05-03 18:00:00+00:00,21.28003,26.81943270979309,-325.94961130375964,379.5884767233456
2026-05-03 19:00:00+00:00,-9.453079e-07,7.933099244712821,-344.8359447688397,360.70214325826555
2026-05-03 20:00:00+00:00,-9.453079e-07,0.3809015448741775,-352.38814246867855,353.1499455584268
2026-05-03 21:00:00+00:00,-9.453079e-07,0.3809015448741775,-352.38814246867855,353.1499455584268
2026-05-03 22:00:00+00:00,-9.453079e-07,0.3809015448741775,-352.38814246867855,353.1499455584268
2026-05-03 23:00:00+00:00,-9.453079e-07,0.3809015448741775,-352.38814246867855,353.1499455584268
2026-05-04 00:00:00+00:00,-9.453079e-07,0.46035318862618624,-352.3086908249263,353.2293972021789
2026-05-04 01:00:00+00:00,-9.453079e-07,0.46035318862618624,-352.3086908249263,353.2293972021789
2026-05-04 02:00:00+00:00,-9.453079e-07,0.46035318862618624,-352.3086908249263,353.2293972021789
2026-05-04 03:00:00+00:00,-9.453079e-07,-3.1576264402172,-355.92667045376993,349.6114175733354
2026-05-04 04:00:00+00:00,299.04004,138.8462166164776,-213.92282739707503,491.6152606300302
2026-05-04 05:00:00+00:00,1340.72,974.5778111031813,621.8087670896286,1327.3468551167339
2026-05-04 06:00:00+00:00,2446.67,2217.1775513656853,1864.4085073521328,2569.946595379238
2026-05-04 07:00:00+00:00,3691.11,2703.38425141281,2350.615207399258,3056.153295426363
2026-05-04 08:00:00+00:00,4897.41,3234.955617847835,2882.186573834283,3587.7246618613876
2026-05-04 09:00:00+00:00,5502.86,3836.294829717476,3483.5257857039237,4189.063873731029
2026-05-04 10:00:00+00:00,5261.79,4360.354317001946,4007.585272988393,4713.123361015499
2026-05-04 11:00:00+00:00,4937.72,4853.929566618664,4501.160522605111,5206.6986106322165
2026-05-04 12:00:00+00:00,4511.16,3414.679015861485,3061.909971847932,3767.4480598750374
2026-05-04 13:00:00+00:00,3984.64,3284.333762057524,2931.564718043972,3637.1028060710764
2026-05-04 14:00:00+00:00,3067.3,2860.500987820571,2507.731943807018,3213.2700318341235
2026-05-04 15:00:00+00:00,1806.03,1735.5290032568828,1382.7599592433303,2088.2980472704357
2026-05-04 16:00:00+00:00,772.07,724.93737686973,372.16833285617736,1077.7064208832826
2026-05-04 17:00:00+00:00,276.13,469.26915022496485,116.50010621141212,822.0381942385175
2026-05-04 18:00:00+00:00,13.96997,63.55960083900527,-289.20944317454746,416.3286448525579
2026-05-04 19:00:00+00:00,-9.453079e-07,7.0481835345929085,-345.7208604789596,359.81722754814564
2026-05-04 20:00:00+00:00,-9.453079e-07,0.03702878313765723,-352.73201523041485,352.8060727966904
2026-05-04 21:00:00+00:00,-9.453079e-07,0.03702878313765723,-352.73201523041485,352.8060727966904
2026-05-04 22:00:00+00:00,-9.453079e-07,0.03702878313765723,-352.73201523041485,352.8060727966904
2026-05-04 23:00:00+00:00,-9.453079e-07,0.03702878313765723,-352.73201523041485,352.8060727966904
2026-05-05 00:00:00+00:00,-9.453079e-07,0.783668307281232,-351.9853757062715,353.55271232083373
2026-05-05 01:00:00+00:00,-9.453079e-07,0.783668307281232,-351.9853757062715,353.55271232083373
2026-05-05 02:00:00+00:00,-9.453079e-07,0.783668307281232,-351.9853757062715,353.55271232083373
2026-05-05 03:00:00+00:00,-9.453079e-07,4.493112517363215,-348.2759314961893,357.26215653091595
2026-05-05 04:00:00+00:00,305.76,174.2529325948724,-178.51611141868034,527.021976608425
2026-05-05 05:00:00+00:00,1118.26,749.7077240314658,396.93868001791316,1102.4767680450184
2026-05-05 06:00:00+00:00,2115.2,1461.4585380161782,1108.6894940026255,1814.2275820297307
2026-05-05 07:00:00+00:00,3165.11,2863.5182418400664,2510.749197826514,3216.287285853619
2026-05-05 08:00:00+00:00,4132.87,3628.4414850704475,3275.672441056895,3981.210529084
2026-05-05 09:00:00+00:00,4309.8794,3837.7179394086406,3484.948895395088,4190.486983422194
2026-05-05 10:00:00+00:00,3591.08,3640.4049727786714,3287.635928765119,3993.174016792224
2026-05-05 11:00:00+00:00,2813.73,3509.5759292060984,3156.806885192546,3862.344973219651
2026-05-05 12:00:00+00:00,2328.34,2962.8999437613875,2610.1308997478345,3315.6689877749395
2026-05-05 13:00:00+00:00,2099.57,1409.9528411463064,1057.1837971327536,1762.7218851598589
2026-05-05 14:00:00+00:00,1986.3198,1229.6788800215306,876.909836007978,1582.4479240350831
2026-05-05 15:00:00+00:00,1849.77,1505.3766358358168,1152.6075918222643,1858.1456798493696
2026-05-05 16:00:00+00:00,1133.02,1056.3874298000821,703.6183857865294,1409.1564738136346
2026-05-05 17:00:00+00:00,324.68,528.588487722594,175.81944370904137,881.3575317361466
2026-05-05 18:00:00+00:00,19.609985,81.40877946923024,-271.3602645443225,434.17782348278286
2026-05-05 19:00:00+00:00,-9.453079e-07,9.564202034558548,-343.2048419789942,362.33324604811116
2026-05-05 20:00:00+00:00,-9.453079e-07,0.34424807965478976,-352.42479593389794,353.1132920932073
2026-05-05 21:00:00+00:00,-9.453079e-07,0.34424807965478976,-352.42479593389794,353.1132920932073
2026-05-05 22:00:00+00:00,-9.453079e-07,0.34424807965478976,-352.42479593389794,353.1132920932073
2026-05-05 23:00:00+00:00,-9.453079e-07,0.34424807965478976,-352.42479593389794,353.1132920932073
2026-05-06 00:00:00+00:00,-9.453079e-07,0.783668307281232,-351.9853757062715,353.55271232083373
2026-05-06 01:00:00+00:00,-9.453079e-07,0.783668307281232,-351.9853757062715,353.55271232083373
2026-05-06 02:00:00+00:00,-9.453079e-07,0.783668307281232,-351.9853757062715,353.55271232083373
2026-05-06 03:00:00+00:00,-9.453079e-07,28.33264160664362,-324.4364024069091,381.10168562019624
2026-05-06 04:00:00+00:00,285.62,145.4960643248969,-207.27297968865582,498.2651083384495
2026-05-06 05:00:00+00:00,1253.33,737.4035452222445,384.63450120869186,1090.1725892357972
2026-05-06 06:00:00+00:00,2515.51,1190.7878921091444,838.0188480955918,1543.5569361226972
2026-05-06 07:00:00+00:00,3404.64,2284.7455868675006,1931.976542853948,2637.5146308810536
2026-05-06 08:00:00+00:00,4312.3794,3169.961686088278,2817.1926420747254,3522.7307301018304
2026-05-06 09:00:00+00:00,4528.04,3773.07542453336,3420.3063805198076,4125.844468546913
2026-05-06 10:00:00+00:00,4470.0693,3993.2305799097444,3640.461535896192,4345.999623923297
2026-05-06 11:00:00+00:00,3735.2,3068.1936978498175,2715.424653836265,3420.96274186337
2026-05-06 12:00:00+00:00,2671.93,2968.0827038817097,2615.3136598681567,3320.851747895262
2026-05-06 13:00:00+00:00,1959.19,2522.2639019042526,2169.4948578906997,2875.0329459178047
2026-05-06 14:00:00+00:00,1312.16,2296.1786909451603,1943.4096469316075,2648.9477349587128
2026-05-06 15:00:00+00:00,889.72,938.2977976676443,585.5287536540916,1291.0668416811968
2026-05-06 16:00:00+00:00,627.87,667.2163020496004,314.44725803604786,1019.985346063153
2026-05-06 17:00:00+00:00,247.89001,354.6743278532209,1.9052838396683,707.4433718667735
2026-05-06 18:00:00+00:00,12.540038,62.60995849596486,-290.15908551758776,415.3790025095175
2026-05-06 19:00:00+00:00,-9.453079e-07,1.1551559099159476,-351.6138881036368,353.92419992346856
2026-05-06 20:00:00+00:00,-9.453079e-07,0.34424807965478976,-352.42479593389794,353.1132920932073
2026-05-06 21:00:00+00:00,-9.453079e-07,0.34424807965478976,-352.42479593389794,353.1132920932073
2026-05-06 22:00:00+00:00,-9.453079e-07,0.34424807965478976,-352.42479593389794,353.1132920932073
2026-05-06 23:00:00+00:00,-9.453079e-07,0.34424807965478976,-352.42479593389794,353.1132920932073
2026-05-07 00:00:00+00:00,-9.453079e-07,0.783668307281232,-351.9853757062715,353.55271232083373
2026-05-07 01:00:00+00:00,-9.453079e-07,0.7675724851430914,-352.0014715284094,353.5366164986958
2026-05-07 02:00:00+00:00,-9.453079e-07,0.7675724851430914,-352.0014715284094,353.5366164986958
2026-05-07 03:00:00+00:00,-9.453079e-07,5.866471581934547,-346.9025724316182,358.63551559548716
2026-05-07 04:00:00+00:00,103.56,128.19435742906035,-224.57468658449216,480.9634014426131
2026-05-07 05:00:00+00:00,477.17004,390.9340318552738,38.164987841721086,743.7030758688263
2026-05-07 06:00:00+00:00,999.03,541.4552502244048,188.68620621085222,894.2242942379575
2026-05-07 07:00:00+00:00,1582.61,741.1630994638242,388.3940554502716,1093.9321434773767
2026-05-07 08:00:00+00:00,2332.89,1002.1107536238862,649.3417096103335,1354.8797976374387
2026-05-07 09:00:00+00:00,2851.1,1726.6704557535604,1373.901411740008,2079.439499767113
2026-05-07 10:00:00+00:00,3152.22,2397.427138707493,2044.6580946939403,2750.1961827210453
2026-05-07 11:00:00+00:00,3466.3,2426.883732761132,2074.114688747579,2779.652776774684
2026-05-07 12:00:00+00:00,3583.04,2624.7084294085053,2271.939385394953,2977.477473422058
2026-05-07 13:00:00+00:00,3536.68,2285.082299773434,1932.3132557598817,2637.851343786987
2026-05-07 14:00:00+00:00,3094.1,1684.306415205174,1331.5373711916216,2037.0754592187268
2026-05-07 15:00:00+00:00,2429.65,2068.1408080935657,1715.371764080013,2420.9098521071182
2026-05-07 16:00:00+00:00,1514.32,1418.703369946084,1065.9343259325312,1771.4724139596365
2026-05-07 17:00:00+00:00,657.72,735.1369609698843,382.36791695633167,1087.9060049834368
2026-05-07 18:00:00+00:00,68.95001,76.21885111267409,-276.5501929008785,428.9878951262268
2026-05-07 19:00:00+00:00,-9.453079e-07,14.415586908873138,-338.3534571046796,367.18463092242564
2026-05-07 20:00:00+00:00,-9.453079e-07,1.0498730008891926,-351.7191710126633,353.8189170144419
2026-05-07 21:00:00+00:00,-9.453079e-07,1.0498730008891926,-351.7191710126633,353.8189170144419
2026-05-07 22:00:00+00:00,-9.453079e-07,1.0498730008891926,-351.7191710126633,353.8189170144419
2026-05-07 23:00:00+00:00,-9.453079e-07,-7.158763107172035,-359.92780712072476,345.6102809063806
2026-05-08 00:00:00+00:00,-9.453079e-07,1.4892932285156348,-351.27975078503687,354.25833724206836
2026-05-08 01:00:00+00:00,-9.453079e-07,8.290020016177323,-344.4790239973754,361.05906402972994
2026-05-08 02:00:00+00:00,-9.453079e-07,8.290020016177323,-344.4790239973754,361.05906402972994
2026-05-08 03:00:00+00:00,-9.453079e-07,14.079776382759519,-338.689267630793,366.84882039631225
2026-05-08 04:00:00+00:00,324.64,324.19482922157556,-28.574214791977056,676.9638732351282
2026-05-08 05:00:00+00:00,1258.15,1236.5804000040084,883.8113559904558,1589.349444017561
2026-05-08 06:00:00+00:00,2621.4,2317.7500665787857,1964.9810225652332,2670.5191105923386
2026-05-08 07:00:00+00:00,4252.41,3128.9454144189262,2776.1763704053737,3481.7144584324788
2026-05-08 08:00:00+00:00,5773.11,4251.37578447663,3898.606740463077,4604.144828490183
2026-05-08 09:00:00+00:00,5847.51,4701.868406770476,4349.099362756922,5054.637450784028
2026-05-08 10:00:00+00:00,5921.9097,4667.47686455278,4314.707820539228,5020.245908566333
2026-05-08 11:00:00+00:00,5996.31,4873.978725490304,4521.209681476751,5226.747769503857
2026-05-08 12:00:00+00:00,6070.71,3765.1635264406004,3412.394482427048,4117.932570454153
2026-05-08 13:00:00+00:00,6145.11,3577.3929083229527,3224.6238643094007,3930.1619523365052
2026-05-08 14:00:00+00:00,5115.13,3665.421836969151,3312.6527929555987,4018.1908809827037
2026-05-08 15:00:00+00:00,3730.8,2496.4483670629097,2143.6793230493577,2849.2174110764627
2026-05-08 16:00:00+00:00,2154.6,1498.5279383513696,1145.7588943378169,1851.2969823649223
2026-05-08 17:00:00+00:00,813.09,665.3445221248883,312.57547811133577,1018.1135661384409
2026-05-08 18:00:00+00:00,95.54999,38.01331199360129,-314.75573201995144,390.7823560071539
2026-05-08 19:00:00+00:00,-9.453079e-07,6.0057116645073165,-346.7633323490454,358.7747556780598
2026-05-08 20:00:00+00:00,-9.453079e-07,0.3809015448741775,-352.38814246867855,353.1499455584268
2026-05-08 21:00:00+00:00,-9.453079e-07,0.3809015448741775,-352.38814246867855,353.1499455584268
2026-05-08 22:00:00+00:00,-9.453079e-07,0.3809015448741775,-352.38814246867855,353.1499455584268
2026-05-08 23:00:00+00:00,-9.453079e-07,10.745492536288566,-342.02355147726394,363.5145365498413
2026-05-09 00:00:00+00:00,-9.453079e-07,1.4892932285156348,-351.27975078503687,354.25833724206836
2026-05-09 01:00:00+00:00,-9.453079e-07,1.0268462217102297,-351.7421977918425,353.79589023526285
2026-05-09 02:00:00+00:00,-9.453079e-07,-6.133577219298559,-358.9026212328513,346.63546679425394
2026-05-09 03:00:00+00:00,-9.453079e-07,-6.133577219298559,-358.9026212328513,346.63546679425394
2026-05-09 04:00:00+00:00,323.04004,184.2401291699506,-168.52891484360202,537.0091731835032
2026-05-09 05:00:00+00:00,1364.89,1097.7697067614806,745.0006627479279,1450.5387507750331
2026-05-09 06:00:00+00:00,2975.69,2232.2607433328967,1879.491699319344,2585.029787346449
2026-05-09 07:00:00+00:00,4771.32,3627.246095858452,3274.4770518448995,3980.0151398720045
2026-05-09 08:00:00+00:00,6309.2,4833.6189974375975,4480.849953424044,5186.38804145115
2026-05-09 09:00:00+00:00,6296.136,5713.166586735129,5360.397542721576,6065.935630748682
2026-05-09 10:00:00+00:00,6283.0723,5704.83921853288,5352.070174519328,6057.608262546433
2026-05-09 11:00:00+00:00,6270.008,5452.605747148334,5099.836703134781,5805.374791161887
2026-05-09 12:00:00+00:00,6256.944,5205.119813015058,4852.350769001505,5557.888857028611
2026-05-09 13:00:00+00:00,6243.88,4879.446580314019,4526.677536300467,5232.215624327572
2026-05-09 14:00:00+00:00,5141.44,3729.4698886255087,3376.700844611956,4082.238932639061
2026-05-09 15:00:00+00:00,3820.65,3082.1553234267276,2729.3862794131755,3434.92436744028
2026-05-09 16:00:00+00:00,2269.77,1889.0195322608752,1536.2504882473227,2241.788576274428
2026-05-09 17:00:00+00:00,879.49,813.8502108448517,461.08116683129913,1166.6192548584042
2026-05-09 18:00:00+00:00,82.44,133.35786036533523,-219.4111836482175,486.12690437888784
2026-05-09 19:00:00+00:00,-9.453079e-07,13.98172561617298,-338.7873183973795,366.7507696297257
2026-05-09 20:00:00+00:00,-9.453079e-07,0.3281522575166491,-352.44089175603585,353.0971962710694
2026-05-09 21:00:00+00:00,-9.453079e-07,0.7905992643220543,-351.97844474923045,353.5596432778748
2026-05-09 22:00:00+00:00,-9.453079e-07,0.534676706726259,-352.23436730682624,353.303720720279
2026-05-09 23:00:00+00:00,-9.453079e-07,0.3281522575166491,-352.44089175603585,353.0971962710694
2026-05-10 00:00:00+00:00,-9.453079e-07,0.7675724851430914,-352.0014715284094,353.5366164986958
2026-05-10 01:00:00+00:00,-9.453079e-07,0.7675724851430914,-352.0014715284094,353.5366164986958
2026-05-10 02:00:00+00:00,-9.453079e-07,0.7675724851430914,-352.0014715284094,353.5366164986958
2026-05-10 03:00:00+00:00,-9.453079e-07,28.29189471959876,-324.47714929395374,381.0609387331515
2026-05-10 04:00:00+00:00,481.86,375.7105654194039,22.94152140585129,728.4796094329565
2026-05-10 05:00:00+00:00,1651.21,1191.3277946426756,838.558750629123,1544.096838656228
2026-05-10 06:00:00+00:00,3217.39,2144.220813359865,1791.4517693463122,2496.989857373417
2026-05-10 07:00:00+00:00,4754.7197,3316.173967656334,2963.404923642782,3668.9430116698863
2026-05-10 08:00:00+00:00,5940.17,4173.923323411829,3821.1542793982762,4526.692367425381
2026-05-10 09:00:00+00:00,6015.6367,4785.692244214168,4432.923200200616,5138.4612882277215
2026-05-10 10:00:00+00:00,6091.103,4916.60611518898,4563.837071175427,5269.375159202533
2026-05-10 11:00:00+00:00,6166.57,4851.882734117395,4499.113690103841,5204.651778130947
2026-05-10 12:00:00+00:00,5287.82,4708.122943063045,4355.353899049491,5060.891987076597
2026-05-10 13:00:00+00:00,3983.0,3650.9776849841965,3298.208640970644,4003.746728997749
2026-05-10 14:00:00+00:00,2815.72,3060.3312329913615,2707.5621889778095,3413.100277004914
2026-05-10 15:00:00+00:00,1841.65,2007.1333658627082,1654.3643218491557,2359.902409876261
2026-05-10 16:00:00+00:00,918.15,859.4427014339735,506.6736574204209,1212.211745447526
2026-05-10 17:00:00+00:00,279.14,302.6817626474025,-50.08728136615014,655.4508066609551
2026-05-10 18:00:00+00:00,28.95996,-7.130019849602604,-359.89906386315533,345.63902416395
2026-05-10 19:00:00+00:00,-9.453079e-07,8.680159716824392,-344.0888842967281,361.4492037303771
2026-05-10 20:00:00+00:00,-9.453079e-07,1.0752127296282197,-351.6938312839243,353.84425674318095
2026-05-10 21:00:00+00:00,-9.453079e-07,1.0752127296282197,-351.6938312839243,353.84425674318095
2026-05-10 22:00:00+00:00,-9.453079e-07,1.0752127296282197,-351.6938312839243,353.84425674318095
2026-05-10 23:00:00+00:00,-9.453079e-07,1.0752127296282197,-351.6938312839243,353.84425674318095
2026-05-11 00:00:00+00:00,-9.453079e-07,0.4764490107643269,-352.2925950027884,353.24549302431683
2026-05-11 01:00:00+00:00,-9.453079e-07,0.4764490107643269,-352.2925950027884,353.24549302431683
2026-05-11 02:00:00+00:00,-9.453079e-07,0.4764490107643269,-352.2925950027884,353.24549302431683
2026-05-11 03:00:00+00:00,-9.453079e-07,0.4764490107643269,-352.2925950027884,353.24549302431683
2026-05-11 04:00:00+00:00,345.02002,148.7705182667388,-203.9985257468138,501.5395622802914
2026-05-11 05:00:00+00:00,1186.67,751.260702312177,398.49165829862443,1104.0297463257295
2026-05-11 06:00:00+00:00,1998.8,1300.9445458583752,948.1755018448227,1653.713589871928
2026-05-11 07:00:00+00:00,2674.35,2125.3528600152486,1772.5838160016956,2478.121904028801
2026-05-11 08:00:00+00:00,3071.58,2298.816543477172,1946.0474994636195,2651.5855874907247
2026-05-11 09:00:00+00:00,3153.94,2468.624808439108,2115.855764425555,2821.39385245266
2026-05-11 10:00:00+00:00,3541.35,3162.0018062650893,2809.2327622515368,3514.770850278642
2026-05-11 11:00:00+00:00,3963.45,2796.312470558792,2443.5434265452395,3149.0815145723445
2026-05-11 12:00:00+00:00,3161.49,2966.762359558939,2613.9933155453864,3319.5314035724914
2026-05-11 13:00:00+00:00,2474.04,3011.744563706568,2658.9755196930155,3364.5136077201205
2026-05-11 14:00:00+00:00,1651.25,2346.7988177519464,1994.029773738394,2699.5678617654994
2026-05-11 15:00:00+00:00,957.66,1207.0176106808822,854.2485666673296,1559.7866546944347
2026-05-11 16:00:00+00:00,494.41003,535.3251925487672,182.55614853521467,888.0942365623198
2026-05-11 17:00:00+00:00,213.41003,311.50501910952414,-41.264024904028474,664.2740631230768
2026-05-11 18:00:00+00:00,49.849976,57.63437054902272,-295.1346734645299,410.40341456257534
2026-05-11 19:00:00+00:00,-9.453079e-07,22.746851802485935,-330.0221922110668,375.51589581603855
2026-05-11 20:00:00+00:00,-9.453079e-07,0.07368224835727233,-352.69536176519546,352.8427262619099
2026-05-11 21:00:00+00:00,-9.453079e-07,0.07368224835727233,-352.69536176519546,352.8427262619099
2026-05-11 22:00:00+00:00,-9.453079e-07,0.07368224835727233,-352.69536176519546,352.8427262619099
2026-05-11 23:00:00+00:00,-9.453079e-07,0.07368224835727233,-352.69536176519546,352.8427262619099
2026-05-12 00:00:00+00:00,-9.453079e-07,0.8203217725006198,-351.9487222410521,353.58936578605324
2026-05-12 01:00:00+00:00,-9.453079e-07,0.8203217725006198,-351.9487222410521,353.58936578605324
2026-05-12 02:00:00+00:00,-9.453079e-07,0.8203217725006198,-351.9487222410521,353.58936578605324
2026-05-12 03:00:00+00:00,-9.453079e-07,10.819077365706562,-341.94996664784594,363.5881213792593
2026-05-12 04:00:00+00:00,422.35004,159.68478797604314,-193.08425603750948,512.4538319895958
2026-05-12 05:00:00+00:00,1567.74,917.6357359192236,564.8666919056711,1270.4047799327764
2026-05-12 06:00:00+00:00,3051.4,2324.010386057214,1971.2413420436615,2676.7794300707665
2026-05-12 07:00:00+00:00,4208.04,3477.1231729834362,3124.3541289698837,3829.8922169969887
2026-05-12 08:00:00+00:00,4654.98,3604.7824817014193,3252.013437687867,3957.551525714972
2026-05-12 09:00:00+00:00,4795.2197,3678.4865561649917,3325.7175121514397,4031.2556001785442
2026-05-12 10:00:00+00:00,5178.45,4570.472121948558,4217.703077935005,4923.24116596211
2026-05-12 11:00:00+00:00,5523.01,4418.019520387053,4065.2504763735,4770.7885644006055
2026-05-12 12:00:00+00:00,5365.4,4806.243575618183,4453.47453160463,5159.012619631736
2026-05-12 13:00:00+00:00,4761.8,3957.9534798811824,3605.18443586763,4310.722523894736
2026-05-12 14:00:00+00:00,4086.4,3214.27577272765,2861.5067287140973,3567.0448167412023
2026-05-12 15:00:00+00:00,3269.06,2097.7659125450928,1744.9968685315403,2450.5349565586457
2026-05-12 16:00:00+00:00,2060.63,1253.8521004772215,901.0830564636689,1606.621144490774
2026-05-12 17:00:00+00:00,822.32,1049.4229208787324,696.6538768651799,1402.191964892285
2026-05-12 18:00:00+00:00,80.52002,142.5520561020263,-210.2169879115263,495.32110011557893
2026-05-12 19:00:00+00:00,-9.453079e-07,11.290350762636535,-341.4786932509162,364.05939477618915
2026-05-12 20:00:00+00:00,-9.453079e-07,0.45013172952599234,-352.3189122840265,353.2191757430787
2026-05-12 21:00:00+00:00,-9.453079e-07,0.6566561787358296,-352.1123878348169,353.42570019228833
2026-05-12 22:00:00+00:00,-9.453079e-07,0.6566561787358296,-352.1123878348169,353.42570019228833
2026-05-12 23:00:00+00:00,-9.453079e-07,0.6566561787358296,-352.1123878348169,353.42570019228833
2026-05-13 00:00:00+00:00,-9.453079e-07,0.6336293995566393,-352.13541461399586,353.40267341310937
2026-05-13 01:00:00+00:00,-9.453079e-07,0.42710495034702944,-352.3419390632055,353.19614896389976
2026-05-13 02:00:00+00:00,-9.453079e-07,-0.07185023369879673,-352.8408942472513,352.69719377985393
2026-05-13 03:00:00+00:00,0.07995511,4.311082996319556,-348.45796101723295,357.0801270098723
2026-05-13 04:00:00+00:00,400.92004,238.66735069520848,-114.10169331834413,591.4363947087611
2026-05-13 05:00:00+00:00,1392.68,1418.2618974500674,1065.4928534365147,1771.03094146362
2026-05-13 06:00:00+00:00,2630.84,2400.6523941561018,2047.8833501425488,2753.421438169654
2026-05-13 07:00:00+00:00,3675.52,3320.1261050488215,2967.357061035269,3672.895149062374
2026-05-13 08:00:00+00:00,4373.81,4321.520861193369,3968.751817179816,4674.2899052069215
2026-05-13 09:00:00+00:00,4509.15,4030.1510888742987,3677.382044860746,4382.920132887851
2026-05-13 10:00:00+00:00,4085.21,3125.15844241137,2772.389398397817,3477.9274864249223
2026-05-13 11:00:00+00:00,3607.74,3500.4357860798896,3147.666742066337,3853.204830093442
2026-05-13 12:00:00+00:00,3183.96,3496.2473501196932,3143.4783061061407,3849.0163941332457
2026-05-13 13:00:00+00:00,3090.55,3166.228670495356,2813.4596264818038,3518.9977145089083
2026-05-13 14:00:00+00:00,2783.13,3026.424692271731,2673.6556482581786,3379.1937362852836
2026-05-13 15:00:00+00:00,2054.3,2262.1651677361942,1909.3961237226417,2614.934211749747
2026-05-13 16:00:00+00:00,1088.37,834.3578134509752,481.58876943742257,1187.1268574645278
2026-05-13 17:00:00+00:00,361.99,543.71246910674,190.94342509318744,896.4815131202926
2026-05-13 18:00:00+00:00,41.140015,75.83256767129706,-276.9364763422557,428.6016116848497
2026-05-13 19:00:00+00:00,-9.453079e-07,-8.769023445248422,-361.5380674588009,344.0000205683043
2026-05-13 20:00:00+00:00,-9.453079e-07,0.3809015448741775,-352.38814246867855,353.1499455584268
2026-05-13 21:00:00+00:00,-9.453079e-07,0.3809015448741775,-352.38814246867855,353.1499455584268
2026-05-13 22:00:00+00:00,-9.453079e-07,0.3809015448741775,-352.38814246867855,353.1499455584268
2026-05-13 23:00:00+00:00,-9.453079e-07,0.3809015448741775,-352.38814246867855,353.1499455584268
2026-05-14 00:00:00+00:00,-9.453079e-07,0.8203217725006198,-351.9487222410521,353.58936578605324
2026-05-14 01:00:00+00:00,-9.453079e-07,1.282768779306025,-351.4862752342467,354.05181279285864
2026-05-14 02:00:00+00:00,-9.453079e-07,1.4892932285156348,-351.27975078503687,354.25833724206836
2026-05-14 03:00:00+00:00,1.0500479,1.4892932285156348,-351.27975078503687,354.25833724206836
2026-05-14 04:00:00+00:00,333.36,269.8895411464679,-82.87950286708474,622.6585851600205
2026-05-14 05:00:00+00:00,1111.48,1172.2227494900797,819.4537054765269,1524.9917935036322
2026-05-14 06:00:00+00:00,2020.19,2032.7358120898489,1679.9667680762964,2385.504856103402
2026-05-14 07:00:00+00:00,2791.31,2325.357069033506,1972.5880250199534,2678.1261130470584
2026-05-14 08:00:00+00:00,3746.5,3623.365831145501,3270.5967871319485,3976.1348751590535
2026-05-14 09:00:00+00:00,4847.5493,3676.747392871993,3323.9783488584403,4029.5164368855453
2026-05-14 10:00:00+00:00,5452.15,4020.2921806471613,3667.523136633609,4373.061224660714
2026-05-14 11:00:00+00:00,5482.65,3755.419391981386,3402.6503479678336,4108.188435994938
2026-05-14 12:00:00+00:00,5503.95,4640.276388112032,4287.507344098479,4993.045432125584
2026-05-14 13:00:00+00:00,5074.87,4069.864156757959,3717.0951127444064,4422.633200771512
2026-05-14 14:00:00+00:00,3994.18,3880.8201025523404,3528.051058538788,4233.589146565893
2026-05-14 15:00:00+00:00,2798.37,2735.683106745193,2382.91406273164,3088.452150758745
2026-05-14 16:00:00+00:00,1819.33,1856.3250742556404,1503.556030242088,2209.094118269193
2026-05-14 17:00:00+00:00,822.64,1125.6927413349524,772.9236973213999,1478.4617853485051
2026-05-14 18:00:00+00:00,120.859985,64.57096253904308,-288.19808147450954,417.3400065525958
2026-05-14 19:00:00+00:00,-9.453079e-07,1.1295485019079479,-351.6394955116448,353.89859251546056
2026-05-14 20:00:00+00:00,-9.453079e-07,0.8433485516795827,-351.92569546187315,353.6123925652322
2026-05-14 21:00:00+00:00,-9.453079e-07,0.5874259940837874,-352.18161801946894,353.3564700076364
2026-05-14 22:00:00+00:00,-9.453079e-07,0.3809015448741775,-352.38814246867855,353.1499455584268
2026-05-14 23:00:00+00:00,-9.453079e-07,0.3809015448741775,-352.38814246867855,353.1499455584268
2026-05-15 00:00:00+00:00,-9.453079e-07,0.8203217725006198,-351.9487222410521,353.58936578605324
2026-05-15 01:00:00+00:00,-9.453079e-07,0.8203217725006198,-351.9487222410521,353.58936578605324
2026-05-15 02:00:00+00:00,-9.453079e-07,0.8203217725006198,-351.9487222410521,353.58936578605324
2026-05-15 03:00:00+00:00,1.3900137,9.601573880840078,-343.16747013271265,362.3706178943926
2026-05-15 04:00:00+00:00,317.57,220.45389758601937,-132.31514642753336,573.2229415995721
2026-05-15 05:00:00+00:00,992.48,1082.3932837516104,729.6242397380578,1435.162327765163
2026-05-15 06:00:00+00:00,1894.97,2211.0569894677337,1858.287945454181,2563.8260334812862
2026-05-15 07:00:00+00:00,2946.2197,2293.161989285938,1940.3929452723855,2645.931033299491
2026-05-15 08:00:00+00:00,3947.02,2840.5476981274956,2487.778654113943,3193.316742141048
2026-05-15 09:00:00+00:00,4548.97,3441.6323000519333,3088.863256038381,3794.401344065486
2026-05-15 10:00:00+00:00,4760.28,3442.1761173212367,3089.407073307684,3794.9451613347887
2026-05-15 11:00:00+00:00,4487.96,2807.2828129487616,2454.5137689352086,3160.051856962314
2026-05-15 12:00:00+00:00,4073.69,2335.582087993612,1982.8130439800593,2688.351132007165
2026-05-15 13:00:00+00:00,4091.87,2049.842099415788,1697.0730554022357,2402.6111434293407
2026-05-15 14:00:00+00:00,3407.93,2856.265992132019,2503.496948118466,3209.0350361455717
2026-05-15 15:00:00+00:00,2586.65,2176.9016050883465,1824.132561074794,2529.6706491018995
2026-05-15 16:00:00+00:00,1802.56,1416.4428417789918,1063.6737977654393,1769.2118857925445
2026-05-15 17:00:00+00:00,871.14,679.6423208610856,326.873276847533,1032.4113648746384
2026-05-15 18:00:00+00:00,147.06006,97.72133678796558,-255.04770722558715,450.4903808015182
2026-05-15 19:00:00+00:00,-9.453079e-07,6.0057116645073165,-346.7633323490454,358.7747556780598
2026-05-15 20:00:00+00:00,-9.453079e-07,0.3809015448741775,-352.38814246867855,353.1499455584268
2026-05-15 21:00:00+00:00,-9.453079e-07,0.8433485516795827,-351.92569546187315,353.6123925652322
2026-05-15 22:00:00+00:00,-9.453079e-07,1.0498730008891926,-351.7191710126633,353.8189170144419
2026-05-15 23:00:00+00:00,-9.453079e-07,0.5874259940837874,-352.18161801946894,353.3564700076364
2026-05-16 00:00:00+00:00,-9.453079e-07,0.8203217725006198,-351.9487222410521,353.58936578605324
2026-05-16 01:00:00+00:00,-9.453079e-07,0.8203217725006198,-351.9487222410521,353.58936578605324
2026-05-16 02:00:00+00:00,-9.453079e-07,1.282768779306025,-351.4862752342467,354.05181279285864
2026-05-16 03:00:00+00:00,4.9799795,1.4892932285156348,-351.27975078503687,354.25833724206836
2026-05-16 04:00:00+00:00,365.69,229.46723308886237,-123.30181092469024,582.236277102415
2026-05-16 05:00:00+00:00,1112.52,1395.9023335652296,1043.1332895516769,1748.671377578782
2026-05-16 06:00:00+00:00,2085.13,2361.9593052144955,2009.1902612009428,2714.728349228048
2026-05-16 07:00:00+00:00,2869.9697,3241.5943313130833,2888.825287299531,3594.363375326636
2026-05-16 08:00:00+00:00,3542.89,3788.827300905234,3436.0582568916816,4141.596344918787
2026-05-16 09:00:00+00:00,4619.16,3979.9794653711015,3627.2104213575494,4332.748509384654
2026-05-16 10:00:00+00:00,5182.07,3390.1068482434844,3037.337804229932,3742.875892257037
2026-05-16 11:00:00+00:00,5252.98,3139.152732678296,2786.3836886647437,3491.9217766918487
2026-05-16 12:00:00+00:00,4850.9097,3235.8779240444997,2883.108880030947,3588.646968058052
2026-05-16 13:00:00+00:00,4338.8994,3175.240926683518,2822.4718826699655,3528.0099706970705
2026-05-16 14:00:00+00:00,4043.95,3728.8626976486903,3376.093653635138,4081.631741662243
2026-05-16 15:00:00+00:00,3139.71,3171.0903652650995,2818.3213212515475,3523.859409278652
2026-05-16 16:00:00+00:00,1968.51,2124.037408109247,1771.268364095694,2476.8064521227993
2026-05-16 17:00:00+00:00,827.49,996.7394391919772,643.9703951784246,1349.5084832055297
2026-05-16 18:00:00+00:00,122.46008,140.19851698989373,-212.570527023659,492.96756100344635
2026-05-16 19:00:00+00:00,-9.453079e-07,0.9686075893291672,-351.80043642422356,353.73765160288167
2026-05-16 20:00:00+00:00,-9.453079e-07,1.0498730008891926,-351.7191710126633,353.8189170144419
2026-05-16 21:00:00+00:00,-9.453079e-07,1.0498730008891926,-351.7191710126633,353.8189170144419
2026-05-16 22:00:00+00:00,-9.453079e-07,4.8242019545321,-347.9448420590204,357.59324596808483
2026-05-16 23:00:00+00:00,-9.453079e-07,17.576966912696435,-335.19207710085607,370.34601092624916
2026-05-17 00:00:00+00:00,-9.453079e-07,6.952992405904979,-345.8160516076475,359.7220364194577
2026-05-17 01:00:00+00:00,-9.453079e-07,1.0268462217102297,-351.7421977918425,353.79589023526285
2026-05-17 02:00:00+00:00,-9.453079e-07,6.348028160708282,-346.42101585284445,359.1170721742609
2026-05-17 03:00:00+00:00,10.880004,33.334158226260115,-319.4348857872924,386.10320223981284
2026-05-17 04:00:00+00:00,624.08,330.711094865747,-22.05794914780563,683.4801388792996
2026-05-17 05:00:00+00:00,1927.59,1707.0989274732349,1354.3298834596822,2059.8679714867876
2026-05-17 06:00:00+00:00,3594.54,2824.364212029026,2471.5951680154735,3177.1332560425785
2026-05-17 07:00:00+00:00,5110.04,4222.751972679787,3869.9829286662343,4575.521016693339
2026-05-17 08:00:00+00:00,5833.94,4908.503612257964,4555.734568244412,5261.272656271517
2026-05-17 09:00:00+00:00,5978.77,5081.9146360413,4729.145592027747,5434.683680054852
2026-05-17 10:00:00+00:00,6036.18,5428.806013937482,5076.036969923929,5781.575057951034
2026-05-17 11:00:00+00:00,5790.68,5269.211049640954,4916.442005627401,5621.980093654507
2026-05-17 12:00:00+00:00,5354.9,4225.925411462256,3873.1563674487043,4578.694455475809
2026-05-17 13:00:00+00:00,4738.7695,4102.316096375138,3749.547052361585,4455.08514038869
2026-05-17 14:00:00+00:00,3934.86,3538.9211820452206,3186.152138031668,3891.690226058773
2026-05-17 15:00:00+00:00,3118.64,2712.4913612304003,2359.722317216848,3065.260405243953
2026-05-17 16:00:00+00:00,2079.4,1797.6556272717003,1444.8865832581478,2150.4246712852528
2026-05-17 17:00:00+00:00,1025.47,1207.2395047338366,854.470460720284,1560.008548747389
2026-05-17 18:00:00+00:00,149.91003,196.71380438484687,-156.05523962870575,549.4828483983995
2026-05-17 19:00:00+00:00,-9.453079e-07,0.9838237333190136,-351.7852202802337,353.7528677468715
2026-05-17 20:00:00+00:00,-9.453079e-07,0.5874259940837874,-352.18161801946894,353.3564700076364
2026-05-17 21:00:00+00:00,-9.453079e-07,0.3809015448741775,-352.38814246867855,353.1499455584268
2026-05-17 22:00:00+00:00,-9.453079e-07,0.3809015448741775,-352.38814246867855,353.1499455584268
2026-05-17 23:00:00+00:00,-9.453079e-07,0.8433485516795827,-351.92569546187315,353.6123925652322
2026-05-18 00:00:00+00:00,-9.453079e-07,0.7196269251933245,-352.0494170883594,353.48867093874594
2026-05-18 01:00:00+00:00,-9.453079e-07,0.5131024759837146,-352.255941537569,353.28214648953633
2026-05-18 02:00:00+00:00,-9.453079e-07,0.5131024759837146,-352.255941537569,353.28214648953633
2026-05-18 03:00:00+00:00,16.27002,10.511858069189657,-342.2571859443631,363.2809020827423
2026-05-18 04:00:00+00:00,451.75,381.2737453806558,28.50470136710328,734.0427893942084
2026-05-18 05:00:00+00:00,1201.32,1366.8371371669148,1014.0680931533623,1719.6061811804675
2026-05-18 06:00:00+00:00,2136.53,2209.187665837086,1856.4186218235336,2561.9567098506386
2026-05-18 07:00:00+00:00,3120.76,2525.7832845047697,2173.0142404912176,2878.5523285183226
2026-05-18 08:00:00+00:00,4002.33,3305.567789032568,2952.7987450190153,3658.3368330461203
2026-05-18 09:00:00+00:00,4688.1,3323.7290590888374,2970.960015075285,3676.4981031023895
2026-05-18 10:00:00+00:00,4771.72,3155.6985640755524,2802.929520062,3508.4676080891045
2026-05-18 11:00:00+00:00,4779.84,3147.2076586640956,2794.438614650543,3499.976702677648
2026-05-18 12:00:00+00:00,4623.98,3426.628383471091,3073.859339457538,3779.3974274846437
2026-05-18 13:00:00+00:00,4202.55,3260.8546198853746,2908.0855758718226,3613.623663898927
2026-05-18 14:00:00+00:00,3310.52,3198.1714499876152,2845.402405974063,3550.9404940011677
2026-05-18 15:00:00+00:00,2669.85,2338.845922732864,1986.0768787193115,2691.6149667464165
2026-05-18 16:00:00+00:00,1811.43,1404.754974489822,1051.9859304762695,1757.5240185033747
2026-05-18 17:00:00+00:00,851.42,603.9775946403781,251.2085506268255,956.7466386539307
2026-05-18 18:00:00+00:00,169.7201,83.41681463074985,-269.35222938280276,436.18585864430247
2026-05-18 19:00:00+00:00,-9.453079e-07,6.287228064893952,-346.48181594865855,359.0562720784467
2026-05-18 20:00:00+00:00,-9.453079e-07,0.020932960999743955,-352.74811105255276,352.7899769745525
2026-05-18 21:00:00+00:00,-9.453079e-07,0.07368224835727233,-352.69536176519546,352.8427262619099
2026-05-18 22:00:00+00:00,-9.453079e-07,0.07368224835727233,-352.69536176519546,352.8427262619099
2026-05-18 23:00:00+00:00,-9.453079e-07,-1.393368543018596,-354.1624125565713,351.375675470534
2026-05-19 00:00:00+00:00,-9.453079e-07,1.0268462217102297,-351.7421977918425,353.79589023526285
2026-05-19 01:00:00+00:00,-9.453079e-07,1.282768779306025,-351.4862752342467,354.05181279285864
2026-05-19 02:00:00+00:00,-9.453079e-07,1.4892932285156348,-351.27975078503687,354.25833724206836
2026-05-19 03:00:00+00:00,14.930053,0.6644232852283949,-352.10462072832433,353.433467298781
2026-05-19 04:00:00+00:00,573.18,310.24430814153516,-42.524735872017345,663.0133521550879
2026-05-19 05:00:00+00:00,1780.95,1357.6959810987482,1004.9269370851956,1710.4650251123007
2026-05-19 06:00:00+00:00,3313.84,2898.213515492066,2545.444471478513,3250.982559505618
2026-05-19 07:00:00+00:00,4939.97,3895.2909491232876,3542.521905109735,4248.05999313684
2026-05-19 08:00:00+00:00,6017.98,4905.151333350555,4552.382289337003,5257.920377364108
2026-05-19 09:00:00+00:00,6344.16,5035.387371547806,4682.618327534252,5388.156415561358
2026-05-19 10:00:00+00:00,6197.35,5261.596127727763,4908.82708371421,5614.365171741316
2026-05-19 11:00:00+00:00,5726.46,5127.540691018287,4774.771647004734,5480.30973503184
2026-05-19 12:00:00+00:00,5103.2793,4544.966023014744,4192.196979001192,4897.735067028297
2026-05-19 13:00:00+00:00,4755.36,3987.433906013281,3634.6648619997286,4340.2029500268345
2026-05-19 14:00:00+00:00,3991.61,3751.2532825155736,3398.4842385020215,4104.022326529126
2026-05-19 15:00:00+00:00,2861.41,2669.328461010542,2316.5594169969895,3022.097505024095
2026-05-19 16:00:00+00:00,1623.75,1609.9955369043341,1257.2264928907814,1962.7645809178866
2026-05-19 17:00:00+00:00,684.97,1156.2255315353987,803.4564875218462,1508.9945755489514
2026-05-19 18:00:00+00:00,95.58002,227.67814202030718,-125.09090199324555,580.4471860338599
2026-05-19 19:00:00+00:00,-9.453079e-07,0.9310744459614853,-351.83796956759124,353.7001184595141
2026-05-19 20:00:00+00:00,-9.453079e-07,0.534676706726259,-352.23436730682624,353.303720720279
2026-05-19 21:00:00+00:00,-9.453079e-07,0.3281522575166491,-352.44089175603585,353.0971962710694
2026-05-19 22:00:00+00:00,-9.453079e-07,0.3281522575166491,-352.44089175603585,353.0971962710694
2026-05-19 23:00:00+00:00,-9.453079e-07,0.3281522575166491,-352.44089175603585,353.0971962710694
2026-05-20 00:00:00+00:00,-9.453079e-07,0.7675724851430914,-352.0014715284094,353.5366164986958
2026-05-20 01:00:00+00:00,-9.453079e-07,0.783668307281232,-351.9853757062715,353.55271232083373
2026-05-20 02:00:00+00:00,-9.453079e-07,6.024408620347913,-346.7446353932046,358.79345263390064
2026-05-20 03:00:00+00:00,3.8199453,4.493112517363215,-348.2759314961893,357.26215653091595
2026-05-20 04:00:00+00:00,261.64,258.95302840992645,-93.81601560362606,611.7220724234792
2026-05-20 05:00:00+00:00,877.69,885.3907727145186,532.6217287009661,1238.1598167280713
2026-05-20 06:00:00+00:00,1640.31,2028.5627099041412,1675.7936658905885,2381.3317539176937
2026-05-20 07:00:00+00:00,2521.65,2453.844821017886,2101.0757770043333,2806.6138650314388
2026-05-20 08:00:00+00:00,3176.48,3242.170334742264,2889.4012907287115,3594.9393787558165
2026-05-20 09:00:00+00:00,3497.76,3798.2665850822486,3445.497541068696,4151.035629095801
2026-05-20 10:00:00+00:00,3312.32,3837.692219456696,3484.9231754431435,4190.461263470248
2026-05-20 11:00:00+00:00,3479.12,4014.9434315663434,3662.174387552791,4367.712475579896
2026-05-20 12:00:00+00:00,3876.15,3996.201256834471,3643.4322128209187,4348.970300848024
2026-05-20 13:00:00+00:00,3873.38,3702.3804953811627,3349.6114513676102,4055.1495393947152
2026-05-20 14:00:00+00:00,3410.38,3151.8778988025533,2799.108854789001,3504.646942816106
2026-05-20 15:00:00+00:00,2987.49,2767.75970524918,2414.990661235627,3120.528749262732
2026-05-20 16:00:00+00:00,1863.89,1823.5087883798092,1470.7397443662564,2176.2778323933617
2026-05-20 17:00:00+00:00,797.7,1092.4071130806335,739.638069067081,1445.1761570941862
2026-05-20 18:00:00+00:00,144.04993,148.46021535607736,-204.30882865747526,501.2292593696301
2026-05-20 19:00:00+00:00,-9.453079e-07,0.9471702680993985,-351.8218737454531,353.7162142816521
2026-05-20 20:00:00+00:00,-9.453079e-07,1.0132195356698048,-351.7558244778829,353.7822635492224
2026-05-20 21:00:00+00:00,-9.453079e-07,1.0132195356698048,-351.7558244778829,353.7822635492224
2026-05-20 22:00:00+00:00,-9.453079e-07,1.0132195356698048,-351.7558244778829,353.7822635492224
2026-05-20 23:00:00+00:00,-9.453079e-07,1.8337022174816866,-350.9353417960708,354.6027462310344
2026-05-21 00:00:00+00:00,-9.453079e-07,1.452639763296247,-351.3164042502565,354.22168377684886
2026-05-21 01:00:00+00:00,-9.453079e-07,12.349053880721385,-340.4199901328311,365.1180978942741
2026-05-21 02:00:00+00:00,-9.453079e-07,12.349053880721385,-340.4199901328311,365.1180978942741
2026-05-21 03:00:00+00:00,15.520019,31.422601999897324,-321.3464420136552,384.19164601345005
2026-05-21 04:00:00+00:00,429.65002,338.8574760162943,-13.911567997258317,691.6265200298469
2026-05-21 05:00:00+00:00,1331.78,1235.7838940336394,883.0148500200868,1588.5529380471921
2026-05-21 06:00:00+00:00,2902.32,2695.0130823184495,2342.244038304897,3047.782126332002
2026-05-21 07:00:00+00:00,4723.87,4056.925030902796,3704.1559868892436,4409.69407491635
2026-05-21 08:00:00+00:00,5999.56,5019.89849864609,4667.129454632537,5372.667542659643
2026-05-21 09:00:00+00:00,6369.51,5653.8946426679995,5301.125598654447,6006.6636866815525
2026-05-21 10:00:00+00:00,6343.2334,5424.320439390855,5071.5513953773025,5777.089483404408
2026-05-21 11:00:00+00:00,6316.9565,5715.785723673818,5363.016679660265,6068.554767687371
2026-05-21 12:00:00+00:00,6290.68,5134.239991720695,4781.470947707141,5487.009035734247
2026-05-21 13:00:00+00:00,5760.03,5038.6621375746245,4685.8930935610715,5391.431181588177
2026-05-21 14:00:00+00:00,4782.1,3837.115836390115,3484.3467923765625,4189.884880403668
2026-05-21 15:00:00+00:00,3561.72,2772.374898280469,2419.605854266917,3125.1439422940216
2026-05-21 16:00:00+00:00,2209.74,1199.651135820949,846.8820918073966,1552.4201798345018
2026-05-21 17:00:00+00:00,1071.37,801.6683286758113,448.89928466225865,1154.4373726893639
2026-05-21 18:00:00+00:00,252.43,156.20261899190643,-196.56642502164618,508.97166300545916
2026-05-21 19:00:00+00:00,0.07995511,2.2930070511176837,-350.4760369624348,355.0620510646704
2026-05-21 20:00:00+00:00,-9.453079e-07,0.34424807965478976,-352.42479593389794,353.1132920932073
2026-05-21 21:00:00+00:00,-9.453079e-07,0.34424807965478976,-352.42479593389794,353.1132920932073
2026-05-21 22:00:00+00:00,-9.453079e-07,0.8066950864601949,-351.96234892709253,353.5757391000128
2026-05-21 23:00:00+00:00,-9.453079e-07,1.0132195356698048,-351.7558244778829,353.7822635492224
2026-05-22 00:00:00+00:00,-9.453079e-07,2.1836044132699044,-350.5854396002828,354.9526484268225
2026-05-22 01:00:00+00:00,-9.453079e-07,1.4365439411583338,-351.3325000723944,354.20558795471084
2026-05-22 02:00:00+00:00,-9.453079e-07,32.4111068010825,-320.35793721247023,385.1801508146351
2026-05-22 03:00:00+00:00,29.089966,50.54139427185828,-302.22764974169445,403.3104382854109
2026-05-22 04:00:00+00:00,638.33,354.91201045398634,2.142966440433838,707.6810544675391
2026-05-22 05:00:00+00:00,1900.54,1341.8062101745866,989.0371661610341,1694.5752541881393
2026-05-22 06:00:00+00:00,3548.06,3145.290744375066,2792.5217003615135,3498.0597883886185
2026-05-22 07:00:00+00:00,5246.37,4904.444728050335,4551.675684036782,5257.2137720638875
2026-05-22 08:00:00+00:00,5314.6846,5697.549486026408,5344.780442012855,6050.318530039961
2026-05-22 09:00:00+00:00,5382.9985,5820.364866179731,5467.595822166178,6173.133910193284
2026-05-22 10:00:00+00:00,5451.313,5633.545243838596,5280.7761998250435,5986.314287852149
2026-05-22 11:00:00+00:00,5519.627,5829.823215675024,5477.054171661471,6182.592259688577
2026-05-22 12:00:00+00:00,5587.9414,5789.803422832215,5437.034378818663,6142.572466845768
2026-05-22 13:00:00+00:00,5656.2554,5560.388002348255,5207.618958334702,5913.157046361808
2026-05-22 14:00:00+00:00,5724.57,4709.887555757245,4357.118511743692,5062.656599770797
2026-05-22 15:00:00+00:00,4174.17,3849.577256418011,3496.8082124044586,4202.346300431564
2026-05-22 16:00:00+00:00,2525.98,2326.6537489301872,1973.8847049166343,2679.4227929437398
2026-05-22 17:00:00+00:00,1132.31,1058.3566352170658,705.5875912035133,1411.1256792306185
2026-05-22 18:00:00+00:00,215.77997,300.73327219312966,-52.03577182042295,653.5023162066823
2026-05-22 19:00:00+00:00,0.11999417,1.6629187740832094,-351.1061252394695,354.4319627876358
2026-05-22 20:00:00+00:00,-9.453079e-07,1.7441841856434621,-351.02485982790927,354.51322819919596
2026-05-22 21:00:00+00:00,-9.453079e-07,1.7441841856434621,-351.02485982790927,354.51322819919596
2026-05-22 22:00:00+00:00,-9.453079e-07,2.5130789792149244,-350.2559650343378,355.28212299276754
2026-05-22 23:00:00+00:00,-9.453079e-07,-4.803385122647114,-357.5724291361996,347.9656588909056
2026-05-23 00:00:00+00:00,-9.453079e-07,2.132016525029485,-350.63702748852324,354.9010605385821
2026-05-23 01:00:00+00:00,-9.453079e-07,2.132016525029485,-350.63702748852324,354.9010605385821
2026-05-23 02:00:00+00:00,-9.453079e-07,6.474545634067226,-346.2944983794855,359.24358964761984
2026-05-23 03:00:00+00:00,31.52002,47.15620078619861,-305.612843227354,399.92524479975134
2026-05-23 04:00:00+00:00,654.88,467.08312366571045,114.31407965215783,819.852167679263
2026-05-23 05:00:00+00:00,1898.54,1431.5395041948323,1078.7704601812798,1784.3085482083848
2026-05-23 06:00:00+00:00,3521.85,3141.447321484906,2788.6782774713533,3494.2163654984583
2026-05-23 07:00:00+00:00,5191.49,4731.660904996052,4378.891860982499,5084.429949009605
2026-05-23 08:00:00+00:00,5239.123,5661.101977682726,5308.332933669173,6013.871021696279
2026-05-23 09:00:00+00:00,5286.756,5727.385950898224,5374.616906884671,6080.154994911777
2026-05-23 10:00:00+00:00,5334.3887,5693.218923710388,5340.4498796968355,6045.9879677239405
2026-05-23 11:00:00+00:00,5382.0215,5733.380059954259,5380.611015940707,6086.149103967812
2026-05-23 12:00:00+00:00,5429.6543,5714.049758708472,5361.28071469492,6066.818802722025
2026-05-23 13:00:00+00:00,5477.287,5567.7676587575315,5214.998614743979,5920.5367027710845
2026-05-23 14:00:00+00:00,5524.92,4706.176058543371,4353.407014529819,5058.945102556925
2026-05-23 15:00:00+00:00,4084.24,3847.567110038919,3494.7980660253666,4200.336154052471
2026-05-23 16:00:00+00:00,2451.84,2466.8886922341053,2114.1196482205523,2819.6577362476582
2026-05-23 17:00:00+00:00,1124.33,1174.6620390933008,821.8929950797483,1527.4310831068535
2026-05-23 18:00:00+00:00,218.47998,236.7463647639372,-116.02267924961552,589.5154087774898
2026-05-23 19:00:00+00:00,0.109984405,8.48624034046702,-344.2828036730857,361.2552843540195
2026-05-23 20:00:00+00:00,-9.453079e-07,1.2548904797708929,-351.51415353378184,354.0239344933235
2026-05-23 21:00:00+00:00,-9.453079e-07,1.2548904797708929,-351.51415353378184,354.0239344933235
2026-05-23 22:00:00+00:00,-9.453079e-07,-0.003537392925181848,-352.7725814064779,352.76550662062743
2026-05-23 23:00:00+00:00,-9.453079e-07,20.871432300065862,-331.89761171348664,373.6404763136186
2026-05-24 00:00:00+00:00,-9.453079e-07,2.697652670129628,-350.0713913434231,355.46669668368213
2026-05-24 01:00:00+00:00,-9.453079e-07,3.569723240181929,-349.1993207733708,356.33876725373455
2026-05-24 02:00:00+00:00,-9.453079e-07,8.587911116118676,-344.18113289743405,361.3569551296712
2026-05-24 03:00:00+00:00,30.390015,45.49286298837478,-307.27618102517795,398.2619070019274
2026-05-24 04:00:00+00:00,618.12,356.3716713071782,3.6026272936255737,709.1407153207308
2026-05-24 05:00:00+00:00,1813.39,1416.093958772564,1063.3249147590113,1768.8630027861168
2026-05-24 06:00:00+00:00,3370.57,3025.750762683594,2672.981718670041,3378.5198066971466
2026-05-24 07:00:00+00:00,4843.31,4507.586510928216,4154.817466914663,4860.355554941769
2026-05-24 08:00:00+00:00,6134.8,5579.550406587078,5226.781362573525,5932.319450600631
2026-05-24 09:00:00+00:00,6170.112,5621.917948616929,5269.148904603376,5974.686992630482
2026-05-24 10:00:00+00:00,6205.424,5610.502772371929,5257.733728358376,5963.271816385481
2026-05-24 11:00:00+00:00,6240.736,5606.789580682901,5254.020536669348,5959.558624696454
2026-05-24 12:00:00+00:00,6276.048,5635.001801512951,5282.232757499398,5987.770845526503
2026-05-24 13:00:00+00:00,6311.36,5362.236472783754,5009.467428770201,5715.005516797307
2026-05-24 14:00:00+00:00,5077.04,4558.749959685994,4205.980915672441,4911.519003699546
2026-05-24 15:00:00+00:00,3686.79,3158.24535042773,2805.476306414177,3511.0143944412825
2026-05-24 16:00:00+00:00,2100.57,2240.933667624906,1888.1646236113531,2593.7027116384584
2026-05-24 17:00:00+00:00,891.3,1134.890156992667,782.1211129791145,1487.6592010062195
2026-05-24 18:00:00+00:00,170.07,87.1095314544308,-265.6595125591218,439.8785754679835
2026-05-24 19:00:00+00:00,0.01000882,-3.6544191372272508,-356.42346315077975,349.1146248763255
2026-05-24 20:00:00+00:00,-9.453079e-07,1.0752127296282197,-351.6938312839243,353.84425674318095
2026-05-24 21:00:00+00:00,-9.453079e-07,1.0752127296282197,-351.6938312839243,353.84425674318095
2026-05-24 22:00:00+00:00,-9.453079e-07,1.8956954114403288,-350.8733486021124,354.66473942499283
2026-05-24 23:00:00+00:00,-9.453079e-07,5.588654298806432,-347.1803897147463,358.35769831235893
2026-05-25 00:00:00+00:00,-9.453079e-07,0.4764490107643269,-352.2925950027884,353.24549302431683
2026-05-25 01:00:00+00:00,-9.453079e-07,0.4764490107643269,-352.2925950027884,353.24549302431683
2026-05-25 02:00:00+00:00,-9.453079e-07,5.281425126607473,-347.48761888694526,358.05046914016
2026-05-25 03:00:00+00:00,36.48999,11.527845230915773,-341.24119878263696,364.2968892444684
2026-05-25 04:00:00+00:00,630.02,308.8981600883367,-43.87088392521582,661.6672041018892
2026-05-25 05:00:00+00:00,1800.11,1472.5132492535868,1119.744205240034,1825.2822932671393
2026-05-25 06:00:00+00:00,3362.39,2996.1520384804912,2643.3829944669387,3348.9210824940437
2026-05-25 07:00:00+00:00,4888.88,4152.552047117575,3799.7830031040226,4505.321091131127
2026-05-25 08:00:00+00:00,6174.18,5500.456716515663,5147.68767250211,5853.225760529216
2026-05-25 09:00:00+00:00,6031.205,5781.686372932973,5428.9173289194205,6134.455416946526
2026-05-25 10:00:00+00:00,5888.23,5791.602854273679,5438.8338102601265,6144.371898287232
2026-05-25 11:00:00+00:00,5745.255,5838.942223882462,5486.17317986891,6191.711267896015
2026-05-25 12:00:00+00:00,5602.2803,5733.949600171287,5381.180556157735,6086.71864418484
2026-05-25 13:00:00+00:00,5459.305,5514.452792059892,5161.683748046339,5867.221836073445
2026-05-25 14:00:00+00:00,5316.33,4732.5490045077295,4379.779960494177,5085.318048521282
2026-05-25 15:00:00+00:00,3983.4,3645.7297412948546,3292.960697281302,3998.498785308407
2026-05-25 16:00:00+00:00,2424.38,2429.4097130114224,2076.64066899787,2782.1787570249753
2026-05-25 17:00:00+00:00,1101.11,1094.1910770870522,741.4220330734995,1446.9601211006047
2026-05-25 18:00:00+00:00,229.98004,207.93735535968688,-144.83168865386574,560.7063993732395
2026-05-25 19:00:00+00:00,0.20996,-4.009948703898544,-356.77899271745105,348.7590953096542
2026-05-25 20:00:00+00:00,-9.453079e-07,-2.573361571807027,-355.34240558535976,350.1956824417456
2026-05-25 21:00:00+00:00,-9.453079e-07,-2.573361571807027,-355.34240558535976,350.1956824417456
2026-05-25 22:00:00+00:00,-9.453079e-07,-6.271675119496422,-359.0407191330489,346.4973688940563
2026-05-25 23:00:00+00:00,-9.453079e-07,8.045036408522265,-344.72400760503047,360.8140804220749
2026-05-26 00:00:00+00:00,-9.453079e-07,2.2215345568677094,-350.5475094566848,354.99057857042044
2026-05-26 01:00:00+00:00,-9.453079e-07,5.743580984093569,-347.02546302945916,358.5126249976462
2026-05-26 02:00:00+00:00,-9.453079e-07,28.341401909789738,-324.427642103763,381.11044592334224
2026-05-26 03:00:00+00:00,38.839966,68.72611214097628,-284.04293187257645,421.4951561545289
2026-05-26 04:00:00+00:00,649.35,369.8870582873775,17.118014273824883,722.6561023009301
2026-05-26 05:00:00+00:00,1834.16,1704.7928817672991,1352.0238377537466,2057.5619257808517
2026-05-26 06:00:00+00:00,3398.01,3016.014099571443,2663.2450555578903,3368.7831435849953
2026-05-26 07:00:00+00:00,5007.05,4621.3250946910375,4268.5560506774855,4974.094138704591
2026-05-26 08:00:00+00:00,6396.69,5525.700314770644,5172.931270757091,5878.469358784197
2026-05-26 09:00:00+00:00,6239.115,5760.340762352229,5407.571718338676,6113.109806365782
2026-05-26 10:00:00+00:00,6081.54,5758.1817874791805,5405.4127434656275,6110.950831492733
2026-05-26 11:00:00+00:00,5923.965,5771.863356366553,5419.094312353,6124.6324003801055
2026-05-26 12:00:00+00:00,5766.39,5696.596979125219,5343.827935111666,6049.366023138772
2026-05-26 13:00:00+00:00,5608.8154,5520.2445517817,5167.475507768147,5873.013595795252
2026-05-26 14:00:00+00:00,5451.24,4597.117589459829,4244.348545446277,4949.886633473382
2026-05-26 15:00:00+00:00,3947.47,3621.5512480448447,3268.782204031292,3974.320292058397
2026-05-26 16:00:00+00:00,2370.94,2322.646806575936,1969.8777625623832,2675.4158505894884
2026-05-26 17:00:00+00:00,1066.45,1053.4131316714186,700.6440876578658,1406.182175684971
2026-05-26 18:00:00+00:00,225.29999,243.32360582044942,-109.4454381931032,596.092649834002
2026-05-26 19:00:00+00:00,0.43005276,-5.334748941265843,-358.1037929548186,347.4342950722868
2026-05-26 20:00:00+00:00,-9.453079e-07,-2.214554387049702,-354.98359840060243,350.5544896265029
2026-05-26 21:00:00+00:00,-9.453079e-07,-2.5215961590756706,-355.2906401726282,350.24744785447706
2026-05-26 22:00:00+00:00,-9.453079e-07,-0.8739671511821143,-353.6430111647346,351.8950768623706
2026-05-26 23:00:00+00:00,-9.453079e-07,-5.482761884380352,-358.25180589793285,347.2862821291724
2026-05-27 00:00:00+00:00,-9.453079e-07,1.452639763296247,-351.3164042502565,354.22168377684886
2026-05-27 01:00:00+00:00,-9.453079e-07,1.452639763296247,-351.3164042502565,354.22168377684886
2026-05-27 02:00:00+00:00,-9.453079e-07,5.7951688723339885,-346.97387514121874,358.5642128858866
2026-05-27 03:00:00+00:00,39.03003,33.002920962198914,-319.7661230513536,385.77196497575164
2026-05-27 04:00:00+00:00,610.81,383.7281915891888,30.95914757563628,736.4972356027414
2026-05-27 05:00:00+00:00,1738.9,1348.3042950341319,995.5352510205793,1701.0733390476844
2026-05-27 06:00:00+00:00,3265.38,2667.6107824573455,2314.8417384437926,3020.3798264708976
2026-05-27 07:00:00+00:00,4869.61,4433.434852463149,4080.665808449596,4786.203896476702
2026-05-27 08:00:00+00:00,6214.8,5343.108355213645,4990.339311200092,5695.877399227198
2026-05-27 09:00:00+00:00,6174.272,5791.4781936252675,5438.7091496117155,6144.2472376388205
2026-05-27 10:00:00+00:00,6133.744,5643.755985952637,5290.986941939084,5996.52502996619
2026-05-27 11:00:00+00:00,6093.216,5720.440065937442,5367.671021923889,6073.209109950995
2026-05-27 12:00:00+00:00,6052.688,5568.7254119605,5215.9563679469475,5921.494455974053
2026-05-27 13:00:00+00:00,6012.16,5536.775371727885,5184.006327714332,5889.544415741438
2026-05-27 14:00:00+00:00,5091.15,3984.4987213535574,3631.729677340005,4337.26776536711
2026-05-27 15:00:00+00:00,3818.66,3050.1554355708377,2697.386391557285,3402.92447958439
2026-05-27 16:00:00+00:00,2320.2,2196.797790130682,1844.0287461171292,2549.5668341442342
2026-05-27 17:00:00+00:00,1081.87,1101.20096810625,748.4319240926974,1453.9700121198025
2026-05-27 18:00:00+00:00,240.78998,185.31435309099675,-167.45469092255576,538.0833971045495
2026-05-27 19:00:00+00:00,0.48998928,-5.334748941265843,-358.1037929548186,347.4342950722868
2026-05-27 20:00:00+00:00,-9.453079e-07,6.480296507598496,-346.28874750595423,359.2493405211511
2026-05-27 21:00:00+00:00,-9.453079e-07,1.0132195356698048,-351.7558244778829,353.7822635492224
2026-05-27 22:00:00+00:00,-9.453079e-07,-5.14383552327422,-357.9128795368267,347.6252084902785
2026-05-27 23:00:00+00:00,-9.453079e-07,22.004942384639662,-330.76410162891307,374.7739863981923
2026-05-28 00:00:00+00:00,-9.453079e-07,5.763692383294938,-347.0053516302578,358.53273639684755
2026-05-28 01:00:00+00:00,-9.453079e-07,5.763692383294938,-347.0053516302578,358.53273639684755
2026-05-28 02:00:00+00:00,-9.453079e-07,32.885097212606524,-319.8839468009462,385.65414122615914
2026-05-28 03:00:00+00:00,45.580017,73.26980744379307,-279.49923656975966,426.0388514573458
2026-05-28 04:00:00+00:00,669.05,577.8569657069165,225.0879216933638,930.626009720469
2026-05-28 05:00:00+00:00,1853.88,1783.80556797059,1431.0365239570374,2136.5746119841424
2026-05-28 06:00:00+00:00,3409.02,3215.4614526808273,2862.6924086672743,3568.2304966943793
2026-05-28 07:00:00+00:00,5031.97,4922.454598411132,4569.685554397578,5275.223642424684
2026-05-28 08:00:00+00:00,5112.1343,5682.408296055075,5329.639252041522,6035.177340068628
2026-05-28 09:00:00+00:00,5192.299,5748.941959715911,5396.172915702358,6101.711003729463
2026-05-28 10:00:00+00:00,5272.463,5681.981095849019,5329.212051835466,6034.750139862571
2026-05-28 11:00:00+00:00,5352.6274,5658.531876730434,5305.762832716881,6011.300920743987
2026-05-28 12:00:00+00:00,5432.7915,5709.534040292185,5356.764996278632,6062.303084305738
2026-05-28 13:00:00+00:00,5512.956,5572.186529423509,5219.417485409956,5924.9555734370615
2026-05-28 14:00:00+00:00,5593.12,4628.451692472248,4275.682648458695,4981.2207364858
2026-05-28 15:00:00+00:00,4075.27,3701.947571372282,3349.1785273587293,4054.7166153858343
2026-05-28 16:00:00+00:00,2532.72,2492.253878860226,2139.4848348466735,2845.022922873779
2026-05-28 17:00:00+00:00,1179.99,1480.0913146953274,1127.3222706817749,1832.86035870888
2026-05-28 18:00:00+00:00,260.99,288.5103286788544,-64.25871533469808,641.2793726924072
2026-05-28 19:00:00+00:00,0.5799551,-11.016943853012435,-363.78598786656494,341.7521001605403
2026-05-28 20:00:00+00:00,-9.453079e-07,7.806063362850864,-344.96298065070164,360.5751073764036
2026-05-28 21:00:00+00:00,-9.453079e-07,1.0498730008891926,-351.7191710126633,353.8189170144419
2026-05-28 22:00:00+00:00,-9.453079e-07,-0.2542549832844543,-353.0232989968372,352.51478903026816
2026-05-28 23:00:00+00:00,-9.453079e-07,20.277353273607332,-332.49169073994517,373.04639728716006
2026-05-29 00:00:00+00:00,-9.453079e-07,20.190470576115786,-332.5785734374367,372.9595145896685
2026-05-29 01:00:00+00:00,-9.453079e-07,44.53544066779568,-308.23360334575705,397.3044846813483
2026-05-29 02:00:00+00:00,-9.453079e-07,65.01989611144029,-287.7491479021123,417.7889401249929
2026-05-29 03:00:00+00:00,49.659973,125.03222560059805,-227.73681841295456,477.80126961415067
2026-05-29 04:00:00+00:00,689.08,681.346403043789,328.5773590302364,1034.1154470573415
2026-05-29 05:00:00+00:00,1880.31,2231.2121836088713,1878.4431395953188,2583.981227622424
2026-05-29 06:00:00+00:00,3468.06,3302.704739302559,2949.9356952890066,3655.4737833161116
2026-05-29 07:00:00+00:00,5097.65,4863.126578354873,4510.357534341321,5215.895622368427
2026-05-29 08:00:00+00:00,5184.3057,5683.265024742502,5330.495980728949,6036.034068756055
2026-05-29 09:00:00+00:00,5270.9614,5753.0525437210035,5400.283499707451,6105.821587734556
2026-05-29 10:00:00+00:00,5357.617,5707.988693814342,5355.219649800789,6060.757737827895
2026-05-29 11:00:00+00:00,5444.273,5765.687793308658,5412.918749295105,6118.45683732221
2026-05-29 12:00:00+00:00,5530.9287,5761.673185899369,5408.904141885816,6114.442229912922
2026-05-29 13:00:00+00:00,5617.5845,5579.453233071482,5226.684189057929,5932.222277085035
2026-05-29 14:00:00+00:00,5704.24,4755.830844249052,4403.061800235499,5108.5998882626045
2026-05-29 15:00:00+00:00,4150.73,3889.3538096076168,3536.5847655940643,4242.122853621169
2026-05-29 16:00:00+00:00,2519.43,2337.1385575480795,1984.369513534527,2689.907601561632
2026-05-29 17:00:00+00:00,1095.73,1255.5079956241143,902.7389516105616,1608.2770396376668
2026-05-29 18:00:00+00:00,174.85004,278.18545219576004,-74.5835918177927,630.9544962093127
2026-05-29 19:00:00+00:00,0.109984405,6.052576386799274,-346.71646762675346,358.8216204003519
2026-05-29 20:00:00+00:00,-9.453079e-07,-17.572384880930713,-370.34142889448344,335.1966591326218
2026-05-29 21:00:00+00:00,-9.453079e-07,1.0752127296282197,-351.6938312839243,353.84425674318095
2026-05-29 22:00:00+00:00,-9.453079e-07,-6.591657200960299,-359.3607012145128,346.17738681259243
2026-05-29 23:00:00+00:00,-9.453079e-07,32.85671672376702,-319.9123272897857,385.62576073731964
2026-05-30 00:00:00+00:00,-9.453079e-07,1.514632957254662,-351.25441105629784,354.2836769708074
2026-05-30 01:00:00+00:00,-9.453079e-07,1.514632957254662,-351.25441105629784,354.2836769708074
2026-05-30 02:00:00+00:00,-9.453079e-07,2.335115639066771,-350.43392837448596,355.1041596526193
2026-05-30 03:00:00+00:00,26.53003,11.788814902591184,-340.9802291109613,364.5578589161439
2026-05-30 04:00:00+00:00,455.67004,292.82372190194747,-59.945322111605265,645.5927659155001
2026-05-30 05:00:00+00:00,1240.69,910.3819011289598,557.6128571154072,1263.1509451425125
2026-05-30 06:00:00+00:00,2250.55,1704.9744929335252,1352.2054489199725,2057.7435369470777
2026-05-30 07:00:00+00:00,3535.1,2626.8464214251508,2274.077377411598,2979.6154654387033
2026-05-30 08:00:00+00:00,5107.76,3193.3385561218206,2840.569512108268,3546.107600135373
2026-05-30 09:00:00+00:00,6198.39,4947.914180176603,4595.14513616305,5300.683224190156
2026-05-30 10:00:00+00:00,6244.177,4773.911279550985,4421.1422355374325,5126.6803235645375
2026-05-30 11:00:00+00:00,6289.9634,5642.101021815194,5289.331977801641,5994.870065828747
2026-05-30 12:00:00+00:00,6335.75,5181.134775268143,4828.365731254591,5533.903819281696
2026-05-30 13:00:00+00:00,5810.88,4747.953174743037,4395.184130729484,5100.72221875659
2026-05-30 14:00:00+00:00,4902.58,3979.361674441087,3626.592630427535,4332.13071845464
2026-05-30 15:00:00+00:00,3602.65,2828.8752120470904,2476.106168033538,3181.644256060643
2026-05-30 16:00:00+00:00,2180.34,1938.831822105164,1586.0627780916116,2291.600866118717
2026-05-30 17:00:00+00:00,1035.45,1001.7164962975512,648.9474522839986,1354.4855403111037
2026-05-30 18:00:00+00:00,207.14996,247.31275429877064,-105.45628971478209,600.0817983123233
2026-05-30 19:00:00+00:00,0.109984405,1.82385968666199,-350.9451843268905,354.5929037002147
2026-05-30 20:00:00+00:00,-9.453079e-07,9.166238880823357,-343.6028051327294,361.93528289437586
2026-05-30 21:00:00+00:00,-9.453079e-07,1.0752127296282197,-351.6938312839243,353.84425674318095
2026-05-30 22:00:00+00:00,-9.453079e-07,1.0752127296282197,-351.6938312839243,353.84425674318095
2026-05-30 23:00:00+00:00,-9.453079e-07,1.8956954114403288,-350.8733486021124,354.66473942499283
