date,wind_onshore_tenn_actual,wind_onshore_tenn_fitted,wind_onshore_tenn_lower,wind_onshore_tenn_upper
2026-02-15 00:00:00+00:00,796.14996,746.17096,-309.47598,1801.8175
2026-02-15 01:00:00+00:00,915.3902,2152.5176,1096.8712,3208.1643
2026-02-15 02:00:00+00:00,1058.2101,2340.5657,1284.9191,3396.2124
2026-02-15 03:00:00+00:00,1378.1,2282.0725,1226.4259,3337.7192
2026-02-15 04:00:00+00:00,1701.2401,2732.8186,1677.1722,3788.4656
2026-02-15 05:00:00+00:00,2174.0,3178.431,2122.7842,4234.0776
2026-02-15 06:00:00+00:00,3019.17,4526.197,3470.5503,5581.8438
2026-02-15 07:00:00+00:00,3770.81,4301.887,3246.2405,5357.534
2026-02-15 08:00:00+00:00,4098.66,3603.2507,2547.604,4658.8975
2026-02-15 09:00:00+00:00,3851.84,4897.9053,3842.2588,5953.5522
2026-02-15 10:00:00+00:00,4043.84,5046.7437,3991.097,6102.39
2026-02-15 11:00:00+00:00,4432.9,4165.3584,3109.7114,5221.005
2026-02-15 12:00:00+00:00,5011.69,4827.8716,3772.2246,5883.518
2026-02-15 13:00:00+00:00,6265.26,5656.0474,4600.401,6711.6943
2026-02-15 14:00:00+00:00,8231.18,7596.436,6540.7896,8652.083
2026-02-15 15:00:00+00:00,10273.9,10304.242,9248.596,11359.889
2026-02-15 16:00:00+00:00,12714.43,11238.302,10182.655,12293.948
2026-02-15 17:00:00+00:00,15197.55,12755.433,11699.786,13811.079
2026-02-15 18:00:00+00:00,17153.84,14356.065,13300.419,15411.713
2026-02-15 19:00:00+00:00,17759.84,14659.743,13604.097,15715.391
2026-02-15 20:00:00+00:00,16643.32,14635.598,13579.951,15691.244
2026-02-15 21:00:00+00:00,14116.7,14735.8955,13680.249,15791.543
2026-02-15 22:00:00+00:00,13948.86,14069.747,13014.101,15125.394
2026-02-15 23:00:00+00:00,13983.96,13579.46,12523.813,14635.105
2026-02-16 00:00:00+00:00,13492.87,11825.071,10769.424,12880.718
2026-02-16 01:00:00+00:00,13045.89,11261.103,10205.456,12316.749
2026-02-16 02:00:00+00:00,12602.59,10186.071,9130.425,11241.719
2026-02-16 03:00:00+00:00,11751.4,11038.067,9982.42,12093.714
2026-02-16 04:00:00+00:00,10519.9,10337.644,9281.997,11393.29
2026-02-16 05:00:00+00:00,9957.27,9045.244,7989.597,10100.891
2026-02-16 06:00:00+00:00,9720.7,7567.4634,6511.817,8623.11
2026-02-16 07:00:00+00:00,9862.24,7491.0366,6435.39,8546.684
2026-02-16 08:00:00+00:00,9363.48,7035.192,5979.5454,8090.8384
2026-02-16 09:00:00+00:00,8360.23,6939.477,5883.8306,7995.124
2026-02-16 10:00:00+00:00,7701.31,6140.7524,5085.106,7196.3994
2026-02-16 11:00:00+00:00,7108.02,4847.9497,3792.3032,5903.5967
2026-02-16 12:00:00+00:00,6196.23,3694.1165,2638.47,4749.763
2026-02-16 13:00:00+00:00,5414.54,5311.0723,4255.4253,6366.7188
2026-02-16 14:00:00+00:00,5196.95,4531.298,3475.651,5586.9443
2026-02-16 15:00:00+00:00,5280.58,6001.309,4945.6626,7056.956
2026-02-16 16:00:00+00:00,5611.09,5531.0767,4475.43,6586.7236
2026-02-16 17:00:00+00:00,5783.32,4888.618,3832.9712,5944.2646
2026-02-16 18:00:00+00:00,5891.29,5058.3438,4002.697,6113.99
2026-02-16 19:00:00+00:00,5839.86,4946.3687,3890.7222,6002.0156
2026-02-16 20:00:00+00:00,5354.69,4419.3184,3363.6714,5474.965
2026-02-16 21:00:00+00:00,4773.32,5171.6445,4115.998,6227.2915
2026-02-16 22:00:00+00:00,4185.9,3804.215,2748.5684,4859.862
2026-02-16 23:00:00+00:00,3717.08,3814.4758,2758.829,4870.1226
2026-02-17 00:00:00+00:00,3486.73,2829.0774,1773.4308,3884.724
2026-02-17 01:00:00+00:00,3667.88,3358.9998,2303.353,4414.6465
2026-02-17 02:00:00+00:00,4223.45,3887.9282,2832.2815,4943.5747
2026-02-17 03:00:00+00:00,4694.52,3085.525,2029.8783,4141.172
2026-02-17 04:00:00+00:00,4890.35,2024.6244,968.9776,3080.271
2026-02-17 05:00:00+00:00,5150.35,1935.8292,880.1827,2991.4756
2026-02-17 06:00:00+00:00,4880.45,4020.4,2964.753,5076.0464
2026-02-17 07:00:00+00:00,4511.91,4360.1094,3304.4626,5415.756
2026-02-17 08:00:00+00:00,4203.68,4160.339,3104.6924,5215.986
2026-02-17 09:00:00+00:00,3909.42,2694.2922,1638.6456,3749.939
2026-02-17 10:00:00+00:00,3500.51,1922.7196,867.0733,2978.3662
2026-02-17 11:00:00+00:00,3794.27,2317.2795,1261.6329,3372.9263
2026-02-17 12:00:00+00:00,3959.23,1952.9215,897.2745,3008.568
2026-02-17 13:00:00+00:00,4162.03,2660.6191,1604.9725,3716.2659
2026-02-17 14:00:00+00:00,4315.77,1703.516,647.8697,2759.1626
2026-02-17 15:00:00+00:00,4767.96,2664.6714,1609.0248,3720.318
2026-02-17 16:00:00+00:00,5633.69,1452.6459,396.99863,2508.2922
2026-02-17 17:00:00+00:00,6602.07,2223.8286,1168.1823,3279.4753
2026-02-17 18:00:00+00:00,6946.23,2372.3894,1316.7428,3428.0361
2026-02-17 19:00:00+00:00,6982.08,2443.0422,1387.3956,3498.689
2026-02-17 20:00:00+00:00,6919.29,1749.3324,693.6856,2804.979
2026-02-17 21:00:00+00:00,6671.37,1629.3519,573.70514,2684.9985
2026-02-17 22:00:00+00:00,6500.47,3060.6763,2005.0297,4116.323
2026-02-17 23:00:00+00:00,6188.8,2737.8608,1682.2142,3793.5076
2026-02-18 00:00:00+00:00,5845.4,4216.307,3160.6606,5271.954
2026-02-18 01:00:00+00:00,5870.51,3149.7275,2094.0808,4205.374
2026-02-18 02:00:00+00:00,5451.38,3113.5771,2057.9307,4169.224
2026-02-18 03:00:00+00:00,4711.23,2995.6516,1940.005,4051.2983
2026-02-18 04:00:00+00:00,3743.15,3354.6265,2298.9797,4410.273
2026-02-18 05:00:00+00:00,3067.36,3191.036,2135.3892,4246.6826
2026-02-18 06:00:00+00:00,2301.33,3674.447,2618.8003,4730.0938
2026-02-18 07:00:00+00:00,1636.8002,2759.2217,1703.5753,3814.8687
2026-02-18 08:00:00+00:00,989.29987,2440.8984,1385.2518,3496.5452
2026-02-18 09:00:00+00:00,565.5201,2305.703,1250.0565,3361.3499
2026-02-18 10:00:00+00:00,344.94003,2303.547,1247.9008,3359.194
2026-02-18 11:00:00+00:00,234.12997,1029.2921,-26.35489,2084.9387
2026-02-18 12:00:00+00:00,254.12021,-307.89102,-1363.5375,747.7559
2026-02-18 13:00:00+00:00,412.19003,45.393158,-1010.25385,1101.0397
2026-02-18 14:00:00+00:00,879.0699,346.05966,-709.58685,1401.7067
2026-02-18 15:00:00+00:00,1587.61,905.9942,-149.65225,1961.641
2026-02-18 16:00:00+00:00,2665.32,1605.972,550.32574,2661.6187
2026-02-18 17:00:00+00:00,3986.98,4323.028,3267.3813,5378.675
2026-02-18 18:00:00+00:00,5411.7,2407.0305,1351.3839,3462.6772
2026-02-18 19:00:00+00:00,6882.87,5190.6353,4134.989,6246.2817
2026-02-18 20:00:00+00:00,8293.34,5680.9736,4625.3267,6736.62
2026-02-18 21:00:00+00:00,9063.49,5944.5054,4888.859,7000.152
2026-02-18 22:00:00+00:00,9425.7,7791.0864,6735.4395,8846.733
2026-02-18 23:00:00+00:00,9555.66,9582.806,8527.159,10638.453
2026-02-19 00:00:00+00:00,10099.91,9051.014,7995.367,10106.661
2026-02-19 01:00:00+00:00,10514.0,9012.204,7956.557,10067.851
2026-02-19 02:00:00+00:00,11102.08,9790.377,8734.73,10846.023
2026-02-19 03:00:00+00:00,11763.38,9713.616,8657.97,10769.263
2026-02-19 04:00:00+00:00,12153.89,10367.603,9311.956,11423.249
2026-02-19 05:00:00+00:00,12518.72,11908.813,10853.167,12964.46
2026-02-19 06:00:00+00:00,12379.95,10773.0625,9717.415,11828.709
2026-02-19 07:00:00+00:00,12052.91,10418.217,9362.569,11473.863
2026-02-19 08:00:00+00:00,11197.09,10832.831,9777.185,11888.478
2026-02-19 09:00:00+00:00,10308.03,11205.556,10149.909,12261.203
2026-02-19 10:00:00+00:00,9909.21,9503.211,8447.564,10558.857
2026-02-19 11:00:00+00:00,10072.21,9707.421,8651.774,10763.068
2026-02-19 12:00:00+00:00,11274.15,9529.062,8473.415,10584.709
2026-02-19 13:00:00+00:00,11483.04,10178.49,9122.843,11234.137
2026-02-19 14:00:00+00:00,11340.13,10310.324,9254.677,11365.971
2026-02-19 15:00:00+00:00,11093.31,9420.74,8365.094,10476.387
2026-02-19 16:00:00+00:00,11835.48,11989.211,10933.564,13044.858
2026-02-19 17:00:00+00:00,12354.2,10708.504,9652.857,11764.15
2026-02-19 18:00:00+00:00,12730.37,10995.468,9939.82,12051.114
2026-02-19 19:00:00+00:00,12289.76,11269.202,10213.555,12324.849
2026-02-19 20:00:00+00:00,11477.52,10002.049,8946.402,11057.696
2026-02-19 21:00:00+00:00,11196.84,11399.977,10344.33,12455.623
2026-02-19 22:00:00+00:00,11415.77,10451.815,9396.169,11507.462
2026-02-19 23:00:00+00:00,11563.74,10855.6,9799.953,11911.247
2026-02-20 00:00:00+00:00,10499.88,10509.761,9454.114,11565.407
2026-02-20 01:00:00+00:00,9339.73,10043.274,8987.628,11098.922
2026-02-20 02:00:00+00:00,8875.04,10140.135,9084.487,11195.781
2026-02-20 03:00:00+00:00,9220.81,11310.085,10254.438,12365.731
2026-02-20 04:00:00+00:00,9881.18,10625.246,9569.6,11680.893
2026-02-20 05:00:00+00:00,11153.4,9598.594,8542.946,10654.24
2026-02-20 06:00:00+00:00,11524.13,11210.71,10155.0625,12266.356
2026-02-20 07:00:00+00:00,11274.58,11306.463,10250.816,12362.109
2026-02-20 08:00:00+00:00,10951.86,10567.903,9512.257,11623.55
2026-02-20 09:00:00+00:00,10749.01,10279.008,9223.361,11334.654
2026-02-20 10:00:00+00:00,10496.27,9091.457,8035.811,10147.1045
2026-02-20 11:00:00+00:00,9319.85,7247.081,6191.4346,8302.728
2026-02-20 12:00:00+00:00,8937.53,7325.1562,6269.51,8380.803
2026-02-20 13:00:00+00:00,8384.96,6216.547,5160.9004,7272.194
2026-02-20 14:00:00+00:00,8704.85,8299.353,7243.706,9355.0
2026-02-20 15:00:00+00:00,9117.42,8219.785,7164.1387,9275.432
2026-02-20 16:00:00+00:00,9550.58,8620.648,7565.0015,9676.295
2026-02-20 17:00:00+00:00,10704.68,9378.823,8323.176,10434.47
2026-02-20 18:00:00+00:00,12104.44,10029.516,8973.869,11085.162
2026-02-20 19:00:00+00:00,13201.7,12230.51,11174.863,13286.156
2026-02-20 20:00:00+00:00,14275.2,13289.412,12233.766,14345.059
2026-02-20 21:00:00+00:00,14499.29,12806.26,11750.613,13861.906
2026-02-20 22:00:00+00:00,15878.87,13331.08,12275.434,14386.727
2026-02-20 23:00:00+00:00,16726.63,15018.245,13962.6,16073.892
2026-02-21 00:00:00+00:00,16900.11,14844.136,13788.49,15899.782
2026-02-21 01:00:00+00:00,16978.03,14972.243,13916.597,16027.891
2026-02-21 02:00:00+00:00,16784.8,14077.854,13022.207,15133.501
2026-02-21 03:00:00+00:00,16805.08,14301.362,13245.716,15357.009
2026-02-21 04:00:00+00:00,17262.39,14139.865,13084.219,15195.512
2026-02-21 05:00:00+00:00,17409.65,15904.246,14848.599,16959.893
2026-02-21 06:00:00+00:00,16968.67,15670.869,14615.223,16726.516
2026-02-21 07:00:00+00:00,16719.63,15071.343,14015.696,16126.989
2026-02-21 08:00:00+00:00,16220.06,14375.097,13319.45,15430.744
2026-02-21 09:00:00+00:00,15150.53,12053.443,10997.797,13109.09
2026-02-21 10:00:00+00:00,14738.83,12520.348,11464.701,13575.994
2026-02-21 11:00:00+00:00,14216.98,13244.298,12188.651,14299.945
2026-02-21 12:00:00+00:00,13563.04,14080.639,13024.992,15136.284
2026-02-21 13:00:00+00:00,12987.85,13123.984,12068.338,14179.631
2026-02-21 14:00:00+00:00,11453.61,12344.066,11288.42,13399.714
2026-02-21 15:00:00+00:00,10464.26,11556.725,10501.077,12612.371
2026-02-21 16:00:00+00:00,9298.33,10370.128,9314.481,11425.774
2026-02-21 17:00:00+00:00,8291.75,9854.229,8798.582,10909.875
2026-02-21 18:00:00+00:00,7973.75,8071.205,7015.5586,9126.852
2026-02-21 19:00:00+00:00,8315.48,5268.8354,4213.189,6324.4824
2026-02-21 20:00:00+00:00,8819.38,5337.1826,4281.5356,6392.829
2026-02-21 21:00:00+00:00,8611.79,4934.939,3879.292,5990.5854
2026-02-21 22:00:00+00:00,8295.82,5503.7476,4448.101,6559.3945
2026-02-21 23:00:00+00:00,8284.12,6166.9644,5111.318,7222.6113
2026-02-22 00:00:00+00:00,8863.49,7994.7285,6928.464,9060.993
2026-02-22 01:00:00+00:00,9763.94,7140.8423,6074.5776,8207.106
2026-02-22 02:00:00+00:00,10449.62,8491.799,7425.534,9558.063
2026-02-22 03:00:00+00:00,11524.35,7700.2407,6633.976,8766.505
2026-02-22 04:00:00+00:00,12838.52,8462.307,7396.042,9528.571
2026-02-22 05:00:00+00:00,14009.93,8956.507,7890.2427,10022.771
2026-02-22 06:00:00+00:00,14987.47,9846.554,8780.289,10912.818
2026-02-22 07:00:00+00:00,15212.13,9617.777,8551.513,10684.043
2026-02-22 08:00:00+00:00,14628.21,8825.08,7758.8154,9891.345
2026-02-22 09:00:00+00:00,13756.39,8247.746,7181.482,9314.011
2026-02-22 10:00:00+00:00,14376.81,7577.742,6511.4775,8644.007
2026-02-22 11:00:00+00:00,14985.4,8629.8545,7563.5903,9696.12
2026-02-22 12:00:00+00:00,14957.79,10261.195,9194.931,11327.461
2026-02-22 13:00:00+00:00,15716.85,12505.699,11439.435,13571.964
2026-02-22 14:00:00+00:00,16877.94,10255.923,9189.658,11322.187
2026-02-22 15:00:00+00:00,17016.037,13838.79,12772.525,14905.054
2026-02-22 16:00:00+00:00,17154.133,16335.778,15269.515,17402.043
2026-02-22 17:00:00+00:00,17292.23,15116.132,14049.868,16182.396
2026-02-22 18:00:00+00:00,15366.92,13477.222,12410.957,14543.485
2026-02-22 19:00:00+00:00,14647.48,10029.655,8963.391,11095.919
2026-02-22 20:00:00+00:00,14413.81,10046.254,8979.989,11112.519
2026-02-22 21:00:00+00:00,12883.8,9701.445,8635.181,10767.71
2026-02-22 22:00:00+00:00,12271.77,9620.971,8554.706,10687.235
2026-02-22 23:00:00+00:00,12743.61,10925.536,9859.272,11991.801
2026-02-23 00:00:00+00:00,13632.33,10168.92,9102.655,11235.185
2026-02-23 01:00:00+00:00,14022.31,12136.454,11070.189,13202.718
2026-02-23 02:00:00+00:00,13926.15,12475.801,11409.536,13542.064
2026-02-23 03:00:00+00:00,13972.16,11337.848,10271.583,12404.112
2026-02-23 04:00:00+00:00,14948.09,12181.442,11115.178,13247.707
2026-02-23 05:00:00+00:00,16357.3,12453.006,11386.741,13519.27
2026-02-23 06:00:00+00:00,16015.52,13593.375,12527.11,14659.64
2026-02-23 07:00:00+00:00,15356.09,12280.8955,11214.631,13347.159
2026-02-23 08:00:00+00:00,15621.54,10186.078,9119.813,11252.343
2026-02-23 09:00:00+00:00,16015.63,11401.69,10335.426,12467.954
2026-02-23 10:00:00+00:00,16118.56,11775.36,10709.096,12841.625
2026-02-23 11:00:00+00:00,16178.66,13101.749,12035.484,14168.014
2026-02-23 12:00:00+00:00,16907.66,11816.069,10749.805,12882.333
2026-02-23 13:00:00+00:00,17246.07,14309.417,13243.153,15375.682
2026-02-23 14:00:00+00:00,16999.57,13713.693,12647.43,14779.958
2026-02-23 15:00:00+00:00,17023.09,13299.244,12232.9795,14365.508
2026-02-23 16:00:00+00:00,16345.96,14253.072,13186.809,15319.337
2026-02-23 17:00:00+00:00,16293.7,11477.69,10411.427,12543.955
2026-02-23 18:00:00+00:00,15658.19,10689.8,9623.534,11756.064
2026-02-23 19:00:00+00:00,13977.1,11428.816,10362.552,12495.082
2026-02-23 20:00:00+00:00,12399.9,10543.106,9476.842,11609.37
2026-02-23 21:00:00+00:00,11010.69,9951.761,8885.496,11018.025
2026-02-23 22:00:00+00:00,10634.76,9499.736,8433.472,10566.001
2026-02-23 23:00:00+00:00,9614.79,8670.396,7604.1323,9736.661
2026-02-24 00:00:00+00:00,7984.01,8736.334,7670.0693,9802.599
2026-02-24 01:00:00+00:00,6469.07,8383.949,7317.6846,9450.214
2026-02-24 02:00:00+00:00,5205.41,6317.3633,5251.0986,7383.628
2026-02-24 03:00:00+00:00,3806.91,5237.0703,4170.8057,6303.335
2026-02-24 04:00:00+00:00,3161.92,3718.1628,2651.8982,4784.4272
2026-02-24 05:00:00+00:00,2580.17,3607.8176,2541.553,4674.082
2026-02-24 06:00:00+00:00,1791.13,2989.844,1923.5795,4056.1086
2026-02-24 07:00:00+00:00,1029.1202,2788.991,1722.7264,3855.2554
2026-02-24 08:00:00+00:00,565.94,1401.4271,335.1627,2467.6914
2026-02-24 09:00:00+00:00,360.21982,966.8306,-99.43399,2033.0951
2026-02-24 10:00:00+00:00,312.87997,826.2823,-239.98233,1892.547
2026-02-24 11:00:00+00:00,387.54013,1150.9835,84.71884,2217.2478
2026-02-24 12:00:00+00:00,447.6202,1264.0194,197.75497,2330.284
2026-02-24 13:00:00+00:00,431.67978,936.4649,-129.79971,2002.7294
2026-02-24 14:00:00+00:00,316.1202,1122.9498,56.68515,2189.2144
2026-02-24 15:00:00+00:00,247.23984,321.1451,-745.11957,1387.4098
2026-02-24 16:00:00+00:00,336.06992,1575.7382,509.47372,2642.0027
2026-02-24 17:00:00+00:00,744.0098,1386.0282,319.76376,2452.2925
2026-02-24 18:00:00+00:00,1187.2399,2206.6897,1140.4254,3272.9543
2026-02-24 19:00:00+00:00,1688.7701,2710.7332,1644.4686,3776.9978
2026-02-24 20:00:00+00:00,2023.83,1742.2963,676.0318,2808.5605
2026-02-24 21:00:00+00:00,2028.82,1480.619,414.3541,2546.8833
2026-02-24 22:00:00+00:00,2312.9,2284.3477,1218.0831,3350.6123
2026-02-24 23:00:00+00:00,2238.79,2664.4146,1598.1503,3730.6792
2026-02-25 00:00:00+00:00,2041.09,2264.8,1198.5358,3331.0647
2026-02-25 01:00:00+00:00,1794.36,2381.4326,1315.1681,3447.697
2026-02-25 02:00:00+00:00,1639.7101,2328.3447,1262.0804,3394.6094
2026-02-25 03:00:00+00:00,1627.9401,2104.2983,1038.0338,3170.563
2026-02-25 04:00:00+00:00,1704.18,2044.8951,978.63043,3111.1594
2026-02-25 05:00:00+00:00,1911.7902,2603.4575,1537.193,3669.722
2026-02-25 06:00:00+00:00,2313.88,3094.6467,2028.3822,4160.911
2026-02-25 07:00:00+00:00,2738.8901,3019.24,1952.9757,4085.5046
2026-02-25 08:00:00+00:00,2661.74,3159.2288,2092.964,4225.493
2026-02-25 09:00:00+00:00,2194.08,2744.8308,1678.5663,3811.0955
2026-02-25 10:00:00+00:00,1955.4501,1934.8263,868.5621,3001.0908
2026-02-25 11:00:00+00:00,2247.62,2660.972,1594.7076,3727.2366
2026-02-25 12:00:00+00:00,2457.76,3134.5237,2068.259,4200.788
2026-02-25 13:00:00+00:00,2640.87,3713.5867,2647.3223,4779.8516
2026-02-25 14:00:00+00:00,2763.23,3152.7576,2086.4932,4219.0225
2026-02-25 15:00:00+00:00,2660.51,3183.2903,2117.0256,4249.5547
2026-02-25 16:00:00+00:00,3261.68,2915.8394,1849.5748,3982.104
2026-02-25 17:00:00+00:00,5152.61,4628.1025,3561.838,5694.367
2026-02-25 18:00:00+00:00,6720.91,5340.0806,4273.816,6406.3447
2026-02-25 19:00:00+00:00,7880.28,7324.2627,6257.998,8390.527
2026-02-25 20:00:00+00:00,8977.96,8474.805,7408.54,9541.069
2026-02-25 21:00:00+00:00,9143.51,8340.875,7274.611,9407.14
2026-02-25 22:00:00+00:00,9465.25,7397.021,6330.7563,8463.285
2026-02-25 23:00:00+00:00,9972.87,8763.163,7696.898,9829.428
2026-02-26 00:00:00+00:00,10117.52,7642.3945,6576.13,8708.659
2026-02-26 01:00:00+00:00,10167.13,7816.36,6750.095,8882.624
2026-02-26 02:00:00+00:00,10239.76,7775.1367,6708.872,8841.401
2026-02-26 03:00:00+00:00,10340.98,7613.927,6547.662,8680.191
2026-02-26 04:00:00+00:00,10285.54,8367.547,7301.2827,9433.812
2026-02-26 05:00:00+00:00,10659.25,9161.99,8095.7256,10228.254
2026-02-26 06:00:00+00:00,10593.07,8765.617,7699.3525,9831.882
2026-02-26 07:00:00+00:00,9485.59,9091.476,8025.2104,10157.739
2026-02-26 08:00:00+00:00,8645.82,7251.5117,6185.247,8317.776
2026-02-26 09:00:00+00:00,7238.25,7470.877,6404.6123,8537.142
2026-02-26 10:00:00+00:00,6042.3,6247.703,5181.439,7313.968
2026-02-26 11:00:00+00:00,5118.97,6579.8984,5513.634,7646.163
2026-02-26 12:00:00+00:00,5154.15,4868.11,3801.8455,5934.3745
2026-02-26 13:00:00+00:00,6061.41,5802.9507,4736.6865,6869.2153
2026-02-26 14:00:00+00:00,7072.18,7423.032,6356.7676,8489.297
2026-02-26 15:00:00+00:00,6888.78,8017.3184,6951.0537,9083.583
2026-02-26 16:00:00+00:00,7329.68,7008.3716,5942.107,8074.636
2026-02-26 17:00:00+00:00,8198.89,6379.372,5313.1074,7445.6367
2026-02-26 18:00:00+00:00,9328.49,4927.1797,3860.9155,5993.4443
2026-02-26 19:00:00+00:00,10505.23,6224.9985,5158.734,7291.2627
2026-02-26 20:00:00+00:00,11373.88,6333.926,5267.661,7400.1904
2026-02-26 21:00:00+00:00,11940.51,8439.864,7373.599,9506.128
2026-02-26 22:00:00+00:00,12253.21,7182.1313,6115.867,8248.396
2026-02-26 23:00:00+00:00,11877.75,11907.906,10841.642,12974.171
2026-02-27 00:00:00+00:00,11197.34,13109.216,12042.951,14175.4795
2026-02-27 01:00:00+00:00,10981.66,11451.909,10385.645,12518.174
2026-02-27 02:00:00+00:00,11295.01,10242.923,9176.658,11309.1875
2026-02-27 03:00:00+00:00,11802.77,9717.556,8651.291,10783.82
2026-02-27 04:00:00+00:00,12039.28,10128.416,9062.151,11194.681
2026-02-27 05:00:00+00:00,12916.65,10727.276,9661.012,11793.541
2026-02-27 06:00:00+00:00,12452.82,11114.129,10047.863,12180.394
2026-02-27 07:00:00+00:00,11767.06,9469.692,8403.428,10535.957
2026-02-27 08:00:00+00:00,10520.01,9430.925,8364.66,10497.189
2026-02-27 09:00:00+00:00,8703.88,7865.46,6799.1953,8931.725
2026-02-27 10:00:00+00:00,7646.89,8864.841,7798.576,9931.105
2026-02-27 11:00:00+00:00,6212.87,8354.425,7288.16,9420.689
2026-02-27 12:00:00+00:00,5158.03,7804.141,6737.8765,8870.405
2026-02-27 13:00:00+00:00,5344.78,7033.547,5967.282,8099.8115
2026-02-27 14:00:00+00:00,5251.76,6809.4316,5743.167,7875.6963
2026-02-27 15:00:00+00:00,4751.94,4253.294,3187.0293,5319.5586
2026-02-27 16:00:00+00:00,4611.38,3604.3374,2538.0728,4670.602
2026-02-27 17:00:00+00:00,5772.79,5212.116,4145.8516,6278.381
2026-02-27 18:00:00+00:00,5770.76,5348.2397,4281.975,6414.504
2026-02-27 19:00:00+00:00,5731.06,6528.2173,5461.953,7594.482
2026-02-27 20:00:00+00:00,5588.23,6141.3667,5075.102,7207.631
2026-02-27 21:00:00+00:00,5424.83,4218.7407,3152.4758,5285.005
2026-02-27 22:00:00+00:00,4883.01,3805.6714,2739.4065,4871.936
2026-02-27 23:00:00+00:00,4858.39,4066.7092,3000.4448,5132.9736
2026-02-28 00:00:00+00:00,5166.18,6783.6543,5717.3896,7849.919
2026-02-28 01:00:00+00:00,4906.8,4822.9937,3756.729,5889.2583
2026-02-28 02:00:00+00:00,4819.32,3558.0144,2491.7498,4624.279
2026-02-28 03:00:00+00:00,5134.22,3495.784,2429.5193,4562.0483
2026-02-28 04:00:00+00:00,5838.35,4080.6213,3014.3564,5146.8857
2026-02-28 05:00:00+00:00,6506.12,5334.276,4268.011,6400.54
2026-02-28 06:00:00+00:00,7477.82,7094.256,6027.991,8160.5205
2026-02-28 07:00:00+00:00,8213.72,5901.8726,4835.608,6968.137
2026-02-28 08:00:00+00:00,7708.79,8507.793,7441.529,9574.058
2026-02-28 09:00:00+00:00,7186.82,8323.307,7257.0415,9389.57
2026-02-28 10:00:00+00:00,8005.94,7914.7485,6848.484,8981.013
2026-02-28 11:00:00+00:00,8161.4,8395.33,7329.065,9461.595
2026-02-28 12:00:00+00:00,8685.85,9361.545,8295.28,10427.81
2026-02-28 13:00:00+00:00,9368.31,10370.925,9304.66,11437.188
2026-02-28 14:00:00+00:00,12241.01,11001.6875,9935.423,12067.952
2026-02-28 15:00:00+00:00,13320.83,12980.905,11914.641,14047.169
2026-02-28 16:00:00+00:00,14268.87,11322.512,10256.247,12388.777
2026-02-28 17:00:00+00:00,16816.39,12339.437,11273.172,13405.701
2026-02-28 18:00:00+00:00,16880.408,15359.541,14293.276,16425.805
2026-02-28 19:00:00+00:00,16944.426,15364.827,14298.563,16431.092
2026-02-28 20:00:00+00:00,17008.443,15599.654,14533.391,16665.92
2026-02-28 21:00:00+00:00,17072.46,14634.627,13568.363,15700.892
2026-02-28 22:00:00+00:00,15973.76,14975.803,13909.538,16042.067
2026-02-28 23:00:00+00:00,15226.88,15645.407,14579.143,16711.672
2026-03-01 00:00:00+00:00,13290.37,11973.804,10896.726,13050.882
2026-03-01 01:00:00+00:00,11378.87,12567.594,11490.515,13644.672
2026-03-01 02:00:00+00:00,9718.08,10449.012,9371.934,11526.09
2026-03-01 03:00:00+00:00,8094.61,7367.2617,6290.1836,8444.34
2026-03-01 04:00:00+00:00,7233.37,6574.828,5497.75,7651.9067
2026-03-01 05:00:00+00:00,7400.62,5655.054,4577.976,6732.1323
2026-03-01 06:00:00+00:00,6859.12,6197.54,5120.462,7274.6187
2026-03-01 07:00:00+00:00,6160.44,6027.262,4950.184,7104.341
2026-03-01 08:00:00+00:00,5791.83,5758.8374,4681.7593,6835.916
2026-03-01 09:00:00+00:00,5284.2,4712.0156,3634.9373,5789.0938
2026-03-01 10:00:00+00:00,4823.9,4890.9023,3813.824,5967.9805
2026-03-01 11:00:00+00:00,4715.53,3279.469,2202.3906,4356.5474
2026-03-01 12:00:00+00:00,4590.71,4355.2944,3278.2158,5432.3726
2026-03-01 13:00:00+00:00,4748.62,4120.4106,3043.3323,5197.489
2026-03-01 14:00:00+00:00,5428.56,5175.544,4098.4653,6252.622
2026-03-01 15:00:00+00:00,5173.63,6065.297,4988.2188,7142.3755
2026-03-01 16:00:00+00:00,4881.36,6299.4272,5222.349,7376.5054
2026-03-01 17:00:00+00:00,5820.46,6913.142,5836.064,7990.2207
2026-03-01 18:00:00+00:00,7534.04,7560.298,6483.219,8637.376
2026-03-01 19:00:00+00:00,8745.93,7243.2026,6166.1245,8320.281
2026-03-01 20:00:00+00:00,9241.78,7453.8784,6376.8003,8530.957
2026-03-01 21:00:00+00:00,9011.77,6583.626,5506.548,7660.704
2026-03-01 22:00:00+00:00,8985.78,6700.328,5623.25,7777.4062
2026-03-01 23:00:00+00:00,8273.95,7474.704,6397.6255,8551.782
2026-03-02 00:00:00+00:00,7069.56,6894.9766,5817.8984,7972.055
2026-03-02 01:00:00+00:00,6811.88,5246.59,4169.511,6323.668
2026-03-02 02:00:00+00:00,6093.53,5688.954,4611.876,6766.032
2026-03-02 03:00:00+00:00,5668.5,4578.847,3501.769,5655.9253
2026-03-02 04:00:00+00:00,6053.53,3427.2646,2350.1863,4504.343
2026-03-02 05:00:00+00:00,6254.78,3708.844,2631.7656,4785.9224
2026-03-02 06:00:00+00:00,6192.0,4310.5337,3233.4553,5387.612
2026-03-02 07:00:00+00:00,5442.52,4403.2305,3326.1523,5480.309
2026-03-02 08:00:00+00:00,3772.36,4611.3267,3534.2485,5688.4053
2026-03-02 09:00:00+00:00,2869.75,3545.155,2468.077,4622.2334
2026-03-02 10:00:00+00:00,2709.71,2490.9734,1413.8954,3568.0518
2026-03-02 11:00:00+00:00,2868.49,2542.4854,1465.4073,3619.5637
2026-03-02 12:00:00+00:00,2982.05,2058.5142,981.4361,3135.5925
2026-03-02 13:00:00+00:00,2864.77,2404.3508,1327.2728,3481.4292
2026-03-02 14:00:00+00:00,2414.28,2486.459,1409.381,3563.5374
2026-03-02 15:00:00+00:00,1856.63,1999.5963,922.5181,3076.6746
2026-03-02 16:00:00+00:00,1914.42,2027.3846,950.3062,3104.463
2026-03-02 17:00:00+00:00,3146.0,3571.6802,2494.6018,4648.7583
2026-03-02 18:00:00+00:00,4593.28,4343.5176,3266.4392,5420.5957
2026-03-02 19:00:00+00:00,6058.04,5729.601,4652.523,6806.6797
2026-03-02 20:00:00+00:00,6904.27,7059.715,5982.6367,8136.793
2026-03-02 21:00:00+00:00,7034.1,7196.792,6119.714,8273.87
2026-03-02 22:00:00+00:00,7150.62,6965.0957,5888.017,8042.174
2026-03-02 23:00:00+00:00,7260.12,7949.4316,6872.3535,9026.51
2026-03-03 00:00:00+00:00,6904.15,6773.3735,5696.295,7850.4517
2026-03-03 01:00:00+00:00,6233.58,6294.8574,5217.779,7371.9355
2026-03-03 02:00:00+00:00,5631.24,5204.4907,4127.412,6281.569
2026-03-03 03:00:00+00:00,5040.39,4551.9365,3474.858,5629.0146
2026-03-03 04:00:00+00:00,4525.02,4570.046,3492.9675,5647.124
2026-03-03 05:00:00+00:00,3973.28,4881.054,3803.9758,5958.1323
2026-03-03 06:00:00+00:00,3033.07,3668.8108,2591.7327,4745.889
2026-03-03 07:00:00+00:00,2351.35,3187.4712,2110.393,4264.55
2026-03-03 08:00:00+00:00,1455.57,3011.5,1934.4218,4088.5781
2026-03-03 09:00:00+00:00,590.89996,2145.1838,1068.1056,3222.262
2026-03-03 10:00:00+00:00,636.1597,1506.1561,429.07773,2583.2344
2026-03-03 11:00:00+00:00,846.17,1256.7311,179.65244,2333.809
2026-03-03 12:00:00+00:00,1071.6202,1189.3517,112.27353,2266.4297
2026-03-03 13:00:00+00:00,1254.36,1670.503,593.42487,2747.581
2026-03-03 14:00:00+00:00,1424.2101,1718.1251,641.04694,2795.2034
2026-03-03 15:00:00+00:00,1546.5402,1762.7267,685.6485,2839.805
2026-03-03 16:00:00+00:00,1998.61,2055.6914,978.61334,3132.7695
2026-03-03 17:00:00+00:00,2904.46,3082.5898,2005.5116,4159.668
2026-03-03 18:00:00+00:00,3399.61,5990.4907,4913.412,7067.569
2026-03-03 19:00:00+00:00,3537.16,6083.562,5006.484,7160.6406
2026-03-03 20:00:00+00:00,3442.98,5376.3584,4299.2803,6453.4365
2026-03-03 21:00:00+00:00,3124.68,5376.0776,4298.9995,6453.156
2026-03-03 22:00:00+00:00,2763.2,4671.2554,3594.1772,5748.334
2026-03-03 23:00:00+00:00,2323.31,4600.7314,3523.6533,5677.81
2026-03-04 00:00:00+00:00,2061.8,3879.599,2802.5208,4956.6777
2026-03-04 01:00:00+00:00,1969.5402,3567.104,2490.0256,4644.182
2026-03-04 02:00:00+00:00,1830.7201,3015.5325,1938.4545,4092.6108
2026-03-04 03:00:00+00:00,1844.93,2466.7903,1389.712,3543.8687
2026-03-04 04:00:00+00:00,1807.2802,2619.1384,1542.0602,3696.2168
2026-03-04 05:00:00+00:00,1715.65,2381.9834,1304.9052,3459.0615
2026-03-04 06:00:00+00:00,1676.86,2399.218,1322.1398,3476.2964
2026-03-04 07:00:00+00:00,1539.17,2036.2238,959.1451,3113.302
2026-03-04 08:00:00+00:00,960.8702,1767.4552,690.3765,2844.5332
2026-03-04 09:00:00+00:00,543.46,846.44635,-230.63223,1923.5245
2026-03-04 10:00:00+00:00,485.67,134.64511,-942.43353,1211.7233
2026-03-04 11:00:00+00:00,466.19003,312.5875,-764.49066,1389.6659
2026-03-04 12:00:00+00:00,424.5499,1123.6271,46.54843,2200.705
2026-03-04 13:00:00+00:00,400.50986,1042.6876,-34.390533,2119.7659
2026-03-04 14:00:00+00:00,394.3702,1035.5245,-41.554108,2112.6025
2026-03-04 15:00:00+00:00,402.98984,1058.8473,-18.230867,2135.9253
2026-03-04 16:00:00+00:00,605.35016,1294.9017,217.82382,2371.9797
2026-03-04 17:00:00+00:00,1324.87,3583.4692,2506.3909,4660.5474
2026-03-04 18:00:00+00:00,2438.3,4544.888,3467.81,5621.967
2026-03-04 19:00:00+00:00,3464.55,5079.3286,4002.2502,6156.4067
2026-03-04 20:00:00+00:00,4353.41,4800.0225,3722.944,5877.1006
2026-03-04 21:00:00+00:00,4617.14,5493.071,4415.9927,6570.1494
2026-03-04 22:00:00+00:00,4728.37,5497.6416,4420.563,6574.7197
2026-03-04 23:00:00+00:00,4857.8,5159.677,4082.5986,6236.7554
2026-03-05 00:00:00+00:00,4944.6,5078.5205,4001.4421,6155.5986
2026-03-05 01:00:00+00:00,5075.38,5476.256,4399.1777,6553.334
2026-03-05 02:00:00+00:00,5193.83,6379.722,5302.644,7456.8003
2026-03-05 03:00:00+00:00,5508.78,5957.206,4880.1274,7034.284
2026-03-05 04:00:00+00:00,5862.75,5752.7764,4675.6978,6829.8545
2026-03-05 05:00:00+00:00,6196.73,6186.7437,5109.6655,7263.822
2026-03-05 06:00:00+00:00,6068.08,6664.3545,5587.2764,7741.4326
2026-03-05 07:00:00+00:00,5632.25,4478.1133,3401.035,5555.1914
2026-03-05 08:00:00+00:00,3934.61,5142.8467,4065.7683,6219.925
2026-03-05 09:00:00+00:00,2143.81,3499.8447,2422.7664,4576.923
2026-03-05 10:00:00+00:00,1639.5404,1820.462,743.38385,2897.5403
2026-03-05 11:00:00+00:00,1658.11,1378.1627,301.08456,2455.2407
2026-03-05 12:00:00+00:00,1849.18,1148.6266,71.54794,2225.7046
2026-03-05 13:00:00+00:00,2191.57,1235.2404,158.1622,2312.3186
2026-03-05 14:00:00+00:00,2463.85,1423.3861,346.3077,2500.4644
2026-03-05 15:00:00+00:00,2745.44,2775.793,1698.715,3852.8713
2026-03-05 16:00:00+00:00,3650.97,3391.891,2314.813,4468.969
2026-03-05 17:00:00+00:00,6246.85,5050.7573,3973.679,6127.8354
2026-03-05 18:00:00+00:00,8942.37,7780.559,6703.4805,8857.638
2026-03-05 19:00:00+00:00,10135.16,8877.333,7800.255,9954.412
2026-03-05 20:00:00+00:00,10191.9,9060.942,7983.8647,10138.0205
2026-03-05 21:00:00+00:00,9196.32,8243.832,7166.754,9320.91
2026-03-05 22:00:00+00:00,7962.57,7962.202,6885.124,9039.28
2026-03-05 23:00:00+00:00,6960.27,7979.776,6902.6978,9056.8545
2026-03-06 00:00:00+00:00,6224.81,7692.085,6615.0063,8769.163
2026-03-06 01:00:00+00:00,5470.83,6342.499,5265.421,7419.577
2026-03-06 02:00:00+00:00,4931.0,4876.0146,3798.9365,5953.0933
2026-03-06 03:00:00+00:00,4480.69,4793.324,3716.2458,5870.4023
2026-03-06 04:00:00+00:00,4199.57,4818.764,3741.6858,5895.8423
2026-03-06 05:00:00+00:00,3866.71,4990.4565,3913.3782,6067.5347
2026-03-06 06:00:00+00:00,3295.88,4266.8633,3189.7852,5343.942
2026-03-06 07:00:00+00:00,2859.49,3357.9238,2280.8457,4435.0024
2026-03-06 08:00:00+00:00,1806.2601,2418.943,1341.8649,3496.0212
2026-03-06 09:00:00+00:00,718.8199,2754.707,1677.6288,3831.7852
2026-03-06 10:00:00+00:00,319.1002,1347.463,270.38486,2424.541
2026-03-06 11:00:00+00:00,271.5201,596.3975,-480.68057,1673.476
2026-03-06 12:00:00+00:00,288.64023,734.8824,-342.1962,1811.9608
2026-03-06 13:00:00+00:00,278.7501,1110.774,33.695404,2187.8523
2026-03-06 14:00:00+00:00,268.33017,1010.2276,-66.85098,2087.306
2026-03-06 15:00:00+00:00,240.06015,1144.024,66.945404,2221.1023
2026-03-06 16:00:00+00:00,385.44003,375.83945,-701.2387,1452.9176
2026-03-06 17:00:00+00:00,783.4097,533.0484,-544.0297,1610.1266
2026-03-06 18:00:00+00:00,1301.58,698.9102,-378.16788,1775.9886
2026-03-06 19:00:00+00:00,1664.6901,1026.8038,-50.274323,2103.8818
2026-03-06 20:00:00+00:00,1771.8004,1142.4567,65.37851,2219.5347
2026-03-06 21:00:00+00:00,1643.6901,698.6036,-378.47403,1775.6823
2026-03-06 22:00:00+00:00,1341.0402,1209.8082,132.73056,2286.8865
2026-03-06 23:00:00+00:00,1015.6202,1586.288,509.20956,2663.366
2026-03-07 00:00:00+00:00,767.6099,878.6944,-198.3837,1955.7726
2026-03-07 01:00:00+00:00,570.25006,933.5391,-143.53897,2010.6173
2026-03-07 02:00:00+00:00,439.0499,980.98444,-96.09366,2058.0627
2026-03-07 03:00:00+00:00,351.25986,1298.1898,221.11142,2375.2678
2026-03-07 04:00:00+00:00,298.7701,1124.921,47.843353,2201.9993
2026-03-07 05:00:00+00:00,315.6998,640.73883,-436.33926,1717.817
2026-03-07 06:00:00+00:00,367.4498,992.5743,-84.503815,2069.6526
2026-03-07 07:00:00+00:00,373.6202,1145.3038,68.22519,2222.382
2026-03-07 08:00:00+00:00,285.31015,1353.2887,276.21054,2430.367
2026-03-07 09:00:00+00:00,165.19003,1157.6246,80.54648,2234.7031
2026-03-07 10:00:00+00:00,74.96982,674.919,-402.1591,1751.9972
2026-03-07 11:00:00+00:00,59.67978,557.6407,-519.43744,1634.7189
2026-03-07 12:00:00+00:00,86.50009,813.24664,-263.83194,1890.3251
2026-03-07 13:00:00+00:00,140.92978,1119.6295,42.55136,2196.7075
2026-03-07 14:00:00+00:00,252.77988,890.77106,-186.30753,1967.8492
2026-03-07 15:00:00+00:00,441.4,1076.6832,-0.3954181,2153.7612
2026-03-07 16:00:00+00:00,620.9097,1054.4884,-22.589266,2131.5667
2026-03-07 17:00:00+00:00,926.17975,2416.142,1339.0641,3493.2205
2026-03-07 18:00:00+00:00,1259.11,1208.464,131.38583,2285.542
2026-03-07 19:00:00+00:00,1574.2701,572.88043,-504.19815,1649.9586
2026-03-07 20:00:00+00:00,1602.9701,257.91855,-819.1601,1334.997
2026-03-07 21:00:00+00:00,1444.0302,1707.609,630.5308,2784.6873
2026-03-07 22:00:00+00:00,1333.32,2133.7874,1056.7091,3210.8657
2026-03-07 23:00:00+00:00,1324.42,1433.1927,356.11435,2510.2708
2026-03-08 00:00:00+00:00,1528.37,782.0411,-301.49405,1865.576
2026-03-08 01:00:00+00:00,1634.11,1007.6197,-75.915436,2091.1545
2026-03-08 02:00:00+00:00,1397.84,2366.838,1283.3029,3450.373
2026-03-08 03:00:00+00:00,1267.15,2946.4326,1862.8976,4029.9675
2026-03-08 04:00:00+00:00,1266.5502,4778.548,3695.0127,5862.0825
2026-03-08 05:00:00+00:00,1289.0201,3232.3528,2148.8176,4315.8877
2026-03-08 06:00:00+00:00,1682.4601,2226.2515,1142.7164,3309.7864
2026-03-08 07:00:00+00:00,2000.4801,2020.7213,937.1866,3104.256
2026-03-08 08:00:00+00:00,2025.62,1087.5675,4.032316,2171.1028
2026-03-08 09:00:00+00:00,1470.67,2334.5132,1250.9781,3418.0483
2026-03-08 10:00:00+00:00,962.4898,1384.3905,300.85556,2467.9253
2026-03-08 11:00:00+00:00,866.2598,1081.6779,-1.8573321,2165.2126
2026-03-08 12:00:00+00:00,868.0201,284.77353,-798.76166,1368.3085
2026-03-08 13:00:00+00:00,1139.5802,295.29306,-788.2421,1378.828
2026-03-08 14:00:00+00:00,1454.5201,2227.3994,1143.8649,3310.9346
2026-03-08 15:00:00+00:00,1552.5502,2221.8293,1138.2946,3305.3645
2026-03-08 16:00:00+00:00,1932.1,1207.4376,123.90292,2290.9724
2026-03-08 17:00:00+00:00,3101.63,2157.8892,1074.3541,3241.424
2026-03-08 18:00:00+00:00,4346.15,2637.4392,1553.9042,3720.9744
2026-03-08 19:00:00+00:00,5065.17,2905.0476,1821.5128,3988.5828
2026-03-08 20:00:00+00:00,5382.55,3326.5369,2243.002,4410.072
2026-03-08 21:00:00+00:00,5255.72,4921.932,3838.397,6005.467
2026-03-08 22:00:00+00:00,4916.64,4904.935,3821.4001,5988.47
2026-03-08 23:00:00+00:00,4400.03,4736.5024,3652.9675,5820.0376
2026-03-09 00:00:00+00:00,3736.15,4217.1694,3133.634,5300.704
2026-03-09 01:00:00+00:00,3089.36,3194.4646,2110.9297,4277.9995
2026-03-09 02:00:00+00:00,2559.17,2455.6365,1372.1014,3539.1716
2026-03-09 03:00:00+00:00,2215.67,3139.105,2055.5698,4222.64
2026-03-09 04:00:00+00:00,2020.4501,3059.779,1976.2443,4143.314
2026-03-09 05:00:00+00:00,1810.57,2528.457,1444.922,3611.992
2026-03-09 06:00:00+00:00,1513.9401,1371.0209,287.48544,2454.556
2026-03-09 07:00:00+00:00,1213.42,1176.1295,92.59433,2259.6646
2026-03-09 08:00:00+00:00,627.69977,1224.1471,140.61191,2307.6816
2026-03-09 09:00:00+00:00,197.98007,211.49765,-872.03754,1295.0328
2026-03-09 10:00:00+00:00,102.23007,179.84726,-903.6879,1263.3822
2026-03-09 11:00:00+00:00,142.17001,298.4327,-785.1025,1381.9677
2026-03-09 12:00:00+00:00,225.83017,529.3038,-554.2314,1612.839
2026-03-09 13:00:00+00:00,299.4,245.54794,-837.98724,1329.0834
2026-03-09 14:00:00+00:00,290.6202,327.1666,-756.3686,1410.7015
2026-03-09 15:00:00+00:00,220.62021,361.13242,-722.4028,1444.6678
2026-03-09 16:00:00+00:00,249.62997,455.6959,-627.8393,1539.2311
2026-03-09 17:00:00+00:00,416.91025,630.3829,-453.15225,1713.9178
2026-03-09 18:00:00+00:00,532.58014,827.00934,-256.5258,1910.5446
2026-03-09 19:00:00+00:00,581.2701,933.77155,-149.76358,2017.3065
2026-03-09 20:00:00+00:00,577.69,1047.9181,-35.617096,2131.4531
2026-03-09 21:00:00+00:00,549.39996,1408.327,324.79208,2491.8618
2026-03-09 22:00:00+00:00,555.39996,1698.924,615.38873,2782.459
2026-03-09 23:00:00+00:00,485.5001,1563.7662,480.23105,2647.301
2026-03-10 00:00:00+00:00,466.33017,621.52203,-462.0131,1705.057
2026-03-10 01:00:00+00:00,454.7999,1006.73346,-76.80167,2090.2686
2026-03-10 02:00:00+00:00,478.89023,873.149,-210.38614,1956.6842
2026-03-10 03:00:00+00:00,515.2198,1112.7448,29.209562,2196.28
2026-03-10 04:00:00+00:00,590.17975,463.5206,-620.0146,1547.0558
2026-03-10 05:00:00+00:00,690.2901,437.3033,-646.2319,1520.8385
2026-03-10 06:00:00+00:00,754.9898,633.45856,-450.07657,1716.9938
2026-03-10 07:00:00+00:00,995.10016,-216.76212,-1300.2972,866.773
2026-03-10 08:00:00+00:00,982.6202,-276.0956,-1359.6307,807.4395
2026-03-10 09:00:00+00:00,586.46,524.7369,-558.7983,1608.2719
2026-03-10 10:00:00+00:00,493.23984,403.5743,-679.9609,1487.1095
2026-03-10 11:00:00+00:00,733.39996,824.21686,-259.31827,1907.7523
2026-03-10 12:00:00+00:00,1314.91,840.16364,-243.37149,1923.6986
2026-03-10 13:00:00+00:00,2053.79,893.54156,-189.99356,1977.0768
2026-03-10 14:00:00+00:00,2194.91,564.3414,-519.1938,1647.8766
2026-03-10 15:00:00+00:00,1760.09,3841.4807,2757.9453,4925.0156
2026-03-10 16:00:00+00:00,2174.45,2192.7798,1109.2448,3276.3147
2026-03-10 17:00:00+00:00,2683.66,1252.316,168.78085,2335.851
2026-03-10 18:00:00+00:00,3134.15,821.1475,-262.3876,1904.683
2026-03-10 19:00:00+00:00,3693.75,2224.5398,1141.005,3308.075
2026-03-10 20:00:00+00:00,4403.1,2191.6567,1108.1217,3275.1917
2026-03-10 21:00:00+00:00,5105.16,2754.376,1670.8412,3837.9111
2026-03-10 22:00:00+00:00,5952.13,3942.936,2859.401,5026.471
2026-03-10 23:00:00+00:00,6107.96,4288.376,3204.8408,5371.911
2026-03-11 00:00:00+00:00,6431.71,3261.7288,2178.1938,4345.2637
2026-03-11 01:00:00+00:00,7138.91,3266.261,2182.7258,4349.796
2026-03-11 02:00:00+00:00,7885.86,5958.998,4875.4634,7042.533
2026-03-11 03:00:00+00:00,8994.37,7541.2227,6457.6875,8624.758
2026-03-11 04:00:00+00:00,10264.07,7842.362,6758.8267,8925.896
2026-03-11 05:00:00+00:00,10666.09,9291.791,8208.256,10375.326
2026-03-11 06:00:00+00:00,10716.19,9033.375,7949.84,10116.91
2026-03-11 07:00:00+00:00,10419.19,9256.88,8173.345,10340.415
2026-03-11 08:00:00+00:00,10490.82,9204.63,8121.0947,10288.165
2026-03-11 09:00:00+00:00,11718.19,9317.887,8234.353,10401.422
2026-03-11 10:00:00+00:00,12532.38,10596.191,9512.656,11679.727
2026-03-11 11:00:00+00:00,12747.76,10340.077,9256.542,11423.612
2026-03-11 12:00:00+00:00,13238.07,9678.696,8595.16,10762.231
2026-03-11 13:00:00+00:00,13275.27,11691.59,10608.055,12775.125
2026-03-11 14:00:00+00:00,13291.69,12196.768,11113.232,13280.303
2026-03-11 15:00:00+00:00,12692.18,12057.782,10974.247,13141.317
2026-03-11 16:00:00+00:00,11237.43,9587.595,8504.06,10671.13
2026-03-11 17:00:00+00:00,9270.76,9502.614,8419.078,10586.149
2026-03-11 18:00:00+00:00,8545.07,8318.396,7234.8613,9401.932
2026-03-11 19:00:00+00:00,8659.61,7484.595,6401.06,8568.131
2026-03-11 20:00:00+00:00,8177.4,8699.632,7616.0967,9783.167
2026-03-11 21:00:00+00:00,7525.27,8276.417,7192.882,9359.952
2026-03-11 22:00:00+00:00,7593.9,7378.263,6294.7285,8461.799
2026-03-11 23:00:00+00:00,7452.18,7929.122,6845.5874,9012.657
2026-03-12 00:00:00+00:00,7483.7,6467.125,5383.59,7550.6597
2026-03-12 01:00:00+00:00,8000.25,7132.057,6048.522,8215.592
2026-03-12 02:00:00+00:00,7778.21,7073.0894,5989.5547,8156.6245
2026-03-12 03:00:00+00:00,7186.58,7144.6533,6061.1187,8228.188
2026-03-12 04:00:00+00:00,7589.23,7599.2324,6515.6973,8682.768
2026-03-12 05:00:00+00:00,8715.57,7161.323,6077.788,8244.858
2026-03-12 06:00:00+00:00,8319.83,7249.695,6166.1597,8333.2295
2026-03-12 07:00:00+00:00,7788.72,8257.659,7174.124,9341.193
2026-03-12 08:00:00+00:00,7248.53,8265.835,7182.3003,9349.37
2026-03-12 09:00:00+00:00,8308.78,9926.471,8842.936,11010.006
2026-03-12 10:00:00+00:00,9171.16,9975.719,8892.184,11059.254
2026-03-12 11:00:00+00:00,10131.99,10758.483,9674.948,11842.019
2026-03-12 12:00:00+00:00,10400.48,11820.541,10737.006,12904.076
2026-03-12 13:00:00+00:00,10800.9,12456.744,11373.209,13540.279
2026-03-12 14:00:00+00:00,12269.77,12442.427,11358.892,13525.962
2026-03-12 15:00:00+00:00,13625.47,12770.133,11686.598,13853.667
2026-03-12 16:00:00+00:00,13492.27,14470.449,13386.915,15553.984
2026-03-12 17:00:00+00:00,13456.57,14781.585,13698.05,15865.12
2026-03-12 18:00:00+00:00,14433.7,15028.278,13944.743,16111.813
2026-03-12 19:00:00+00:00,15357.9,15352.803,14269.268,16436.338
2026-03-12 20:00:00+00:00,15653.14,15799.588,14716.053,16883.123
2026-03-12 21:00:00+00:00,15108.95,14615.068,13531.533,15698.604
2026-03-12 22:00:00+00:00,15929.92,14356.827,13273.293,15440.362
2026-03-12 23:00:00+00:00,15518.81,14129.806,13046.271,15213.341
2026-03-13 00:00:00+00:00,15266.57,13872.476,12788.94,14956.011
2026-03-13 01:00:00+00:00,15300.56,14047.22,12963.685,15130.755
2026-03-13 02:00:00+00:00,15354.13,14802.686,13719.15,15886.221
2026-03-13 03:00:00+00:00,15665.81,15405.59,14322.055,16489.125
2026-03-13 04:00:00+00:00,16263.45,15948.609,14865.074,17032.145
2026-03-13 05:00:00+00:00,16778.643,15611.5205,14527.985,16695.057
2026-03-13 06:00:00+00:00,17293.836,15395.152,14311.617,16478.688
2026-03-13 07:00:00+00:00,17809.03,15593.703,14510.168,16677.238
2026-03-13 08:00:00+00:00,15093.13,16998.69,15915.153,18082.225
2026-03-13 09:00:00+00:00,11710.05,17047.46,15963.925,18130.996
2026-03-13 10:00:00+00:00,9365.3,16436.287,15352.752,17519.822
2026-03-13 11:00:00+00:00,8173.14,13406.628,12323.093,14490.162
2026-03-13 12:00:00+00:00,4627.154,9905.1455,8821.61,10988.681
2026-03-13 13:00:00+00:00,4627.154,10215.776,9132.24,11299.312
2026-03-13 14:00:00+00:00,4627.154,7937.0566,6853.522,9020.592
2026-03-13 15:00:00+00:00,4627.154,7694.78,6611.2446,8778.314
2026-03-13 16:00:00+00:00,4627.154,8729.432,7645.8965,9812.966
2026-03-13 17:00:00+00:00,4627.154,8833.924,7750.3887,9917.459
2026-03-13 18:00:00+00:00,4627.154,8369.817,7286.282,9453.353
2026-03-13 19:00:00+00:00,4627.154,8752.334,7668.7993,9835.869
2026-03-13 20:00:00+00:00,4627.154,7272.5107,6188.9756,8356.046
2026-03-13 21:00:00+00:00,4627.154,7139.3394,6055.804,8222.874
2026-03-13 22:00:00+00:00,4627.154,5641.409,4557.874,6724.9443
2026-03-13 23:00:00+00:00,4627.154,3742.9473,2659.4124,4826.4824
2026-03-14 00:00:00+00:00,4627.154,3428.6243,2345.089,4512.1597
2026-03-14 01:00:00+00:00,4627.154,3091.7441,2008.2096,4175.2793
2026-03-14 02:00:00+00:00,4627.154,2486.6711,1403.1361,3570.2063
2026-03-14 03:00:00+00:00,4627.154,2197.9785,1114.444,3281.5137
2026-03-14 04:00:00+00:00,4627.154,1870.7404,787.20514,2954.2754
2026-03-14 05:00:00+00:00,4627.154,1863.4298,779.8946,2946.9646
2026-03-14 06:00:00+00:00,4627.154,1376.8124,293.27744,2460.3472
2026-03-14 07:00:00+00:00,4627.154,1053.9005,-29.634676,2137.4358
2026-03-14 08:00:00+00:00,4627.154,984.1114,-99.42374,2067.6465
2026-03-14 09:00:00+00:00,4627.154,563.4371,-520.0981,1646.972
2026-03-14 10:00:00+00:00,4627.154,626.05524,-457.4799,1709.5905
2026-03-14 11:00:00+00:00,4627.154,2978.6602,1895.1251,4062.1953
2026-03-14 12:00:00+00:00,4627.154,3008.5334,1924.9984,4092.0684
2026-03-14 13:00:00+00:00,4627.154,2612.494,1528.9589,3696.0288
2026-03-14 14:00:00+00:00,4627.154,3417.295,2333.7598,4500.83
2026-03-14 15:00:00+00:00,4627.154,2741.1174,1657.5824,3824.6523
2026-03-14 16:00:00+00:00,4627.154,3259.8386,2176.3037,4343.374
2026-03-14 17:00:00+00:00,4627.154,4532.733,3449.1975,5616.2676
2026-03-14 18:00:00+00:00,4627.154,3044.48,1960.9452,4128.015
2026-03-14 19:00:00+00:00,4627.154,2541.5005,1457.9655,3625.0356
2026-03-14 20:00:00+00:00,4627.154,3332.4944,2248.9592,4416.0293
2026-03-14 21:00:00+00:00,4627.154,3339.4038,2255.8687,4422.939
2026-03-14 22:00:00+00:00,4627.154,1999.5309,915.99567,3083.066
2026-03-14 23:00:00+00:00,4627.154,2122.994,1039.4591,3206.529
2026-03-15 00:00:00+00:00,4627.154,3311.3076,2256.6587,4365.9565
2026-03-15 01:00:00+00:00,4627.154,2919.934,1865.2853,3974.5833
2026-03-15 02:00:00+00:00,4627.154,2644.739,1590.0902,3699.3882
2026-03-15 03:00:00+00:00,4627.154,2794.5608,1739.9117,3849.2097
2026-03-15 04:00:00+00:00,4627.154,1825.6051,770.9561,2880.254
2026-03-15 05:00:00+00:00,4627.154,1735.2997,680.65094,2789.9485
2026-03-15 06:00:00+00:00,4627.154,1717.3915,662.74225,2772.0403
2026-03-15 07:00:00+00:00,4627.154,1082.5314,27.882902,2137.1804
2026-03-15 08:00:00+00:00,4627.154,1590.0529,535.4039,2644.7017
2026-03-15 09:00:00+00:00,4627.154,1355.4491,300.7999,2410.098
2026-03-15 10:00:00+00:00,4627.154,1246.1915,191.54257,2300.8406
2026-03-15 11:00:00+00:00,4627.154,1019.8726,-34.776764,2074.5215
2026-03-15 12:00:00+00:00,4627.154,1840.6041,785.95514,2895.253
2026-03-15 13:00:00+00:00,4627.154,2360.5247,1305.8759,3415.1738
2026-03-15 14:00:00+00:00,4627.154,2965.0378,1910.3888,4019.6868
2026-03-15 15:00:00+00:00,4627.154,3655.2083,2600.559,4709.8574
2026-03-15 16:00:00+00:00,4627.154,3371.9136,2317.2646,4426.5625
2026-03-15 17:00:00+00:00,4627.154,5852.175,4797.526,6906.8237
2026-03-15 18:00:00+00:00,4627.154,8591.885,7537.2363,9646.534
2026-03-15 19:00:00+00:00,4627.154,10318.624,9263.976,11373.273
2026-03-15 20:00:00+00:00,4627.154,11653.027,10598.379,12707.676
2026-03-15 21:00:00+00:00,4627.154,12101.003,11046.3545,13155.651
2026-03-15 22:00:00+00:00,4627.154,12177.837,11123.1875,13232.485
2026-03-15 23:00:00+00:00,4627.154,11851.266,10796.616,12905.914
2026-03-16 00:00:00+00:00,4627.154,11987.251,10932.603,13041.9
2026-03-16 01:00:00+00:00,4627.154,10291.514,9236.864,11346.163
2026-03-16 02:00:00+00:00,4627.154,10961.91,9907.261,12016.559
2026-03-16 03:00:00+00:00,4627.154,10581.318,9526.67,11635.968
2026-03-16 04:00:00+00:00,4627.154,10147.988,9093.339,11202.637
2026-03-16 05:00:00+00:00,4627.154,9184.932,8130.2827,10239.581
2026-03-16 06:00:00+00:00,4627.154,10843.345,9788.696,11897.994
2026-03-16 07:00:00+00:00,4627.154,11753.784,10699.135,12808.433
2026-03-16 08:00:00+00:00,4627.154,9286.396,8231.747,10341.045
2026-03-16 09:00:00+00:00,4627.154,6559.2075,5504.5586,7613.8564
2026-03-16 10:00:00+00:00,4627.154,8730.185,7675.535,9784.834
2026-03-16 11:00:00+00:00,4627.154,9079.077,8024.428,10133.727
2026-03-16 12:00:00+00:00,4627.154,8604.533,7549.884,9659.182
2026-03-16 13:00:00+00:00,4627.154,8269.54,7214.8916,9324.189
2026-03-16 14:00:00+00:00,4627.154,8727.468,7672.8193,9782.117
2026-03-16 15:00:00+00:00,4627.154,9322.46,8267.812,10377.109
2026-03-16 16:00:00+00:00,4627.154,7848.266,6793.617,8902.915
2026-03-16 17:00:00+00:00,4627.154,6083.327,5028.6777,7137.976
2026-03-16 18:00:00+00:00,4627.154,4230.624,3175.9753,5285.2734
2026-03-16 19:00:00+00:00,4627.154,2788.5095,1733.8607,3843.1584
2026-03-16 20:00:00+00:00,4627.154,2787.4841,1732.8353,3842.133
2026-03-16 21:00:00+00:00,4627.154,2546.6936,1492.0448,3601.3425
2026-03-16 22:00:00+00:00,4627.154,3310.592,2255.9429,4365.241
2026-03-16 23:00:00+00:00,4627.154,3599.9575,2545.3086,4654.6064
2026-03-17 00:00:00+00:00,4627.154,4289.0156,3234.3665,5343.6646
2026-03-17 01:00:00+00:00,4627.154,4341.9175,3287.2686,5396.5664
2026-03-17 02:00:00+00:00,4627.154,4796.0454,3741.3962,5850.6943
2026-03-17 03:00:00+00:00,4627.154,4587.7354,3533.0864,5642.3843
2026-03-17 04:00:00+00:00,4627.154,4802.506,3747.857,5857.155
2026-03-17 05:00:00+00:00,4627.154,3665.3433,2610.6943,4719.992
2026-03-17 06:00:00+00:00,4627.154,3428.1995,2373.5505,4482.8486
2026-03-17 07:00:00+00:00,4627.154,3914.1292,2859.4802,4968.7783
2026-03-17 08:00:00+00:00,4627.154,4224.3433,3169.694,5278.992
2026-03-17 09:00:00+00:00,4627.154,4632.245,3577.596,5686.894
2026-03-17 10:00:00+00:00,4627.154,2848.1375,1793.4886,3902.7864
2026-03-17 11:00:00+00:00,4627.154,3203.4915,2148.8425,4258.1406
2026-03-17 12:00:00+00:00,4627.154,3086.9805,2032.3317,4141.6294
2026-03-17 13:00:00+00:00,4627.154,2946.7725,1892.1237,4001.4216
2026-03-17 14:00:00+00:00,4627.154,2434.0996,1379.4508,3488.7488
2026-03-17 15:00:00+00:00,4627.154,2862.8333,1808.1844,3917.4824
2026-03-17 16:00:00+00:00,4627.154,3637.4956,2582.8464,4692.1445
2026-03-17 17:00:00+00:00,4627.154,4459.3643,3404.7153,5514.013
2026-03-17 18:00:00+00:00,4627.154,3936.7812,2882.132,4991.43
2026-03-17 19:00:00+00:00,4627.154,5069.9175,4015.2688,6124.5664
2026-03-17 20:00:00+00:00,4627.154,6508.4956,5453.8467,7563.1445
2026-03-17 21:00:00+00:00,4627.154,7394.7803,6340.1313,8449.43
2026-03-17 22:00:00+00:00,4627.154,7600.0415,6545.3926,8654.69
2026-03-17 23:00:00+00:00,4627.154,7895.288,6840.639,8949.9375
2026-03-18 00:00:00+00:00,4627.154,6948.7466,5894.0977,8003.3955
2026-03-18 01:00:00+00:00,4627.154,6582.074,5527.426,7636.7236
2026-03-18 02:00:00+00:00,4627.154,7821.4336,6766.7847,8876.082
2026-03-18 03:00:00+00:00,4627.154,7722.8813,6668.232,8777.53
2026-03-18 04:00:00+00:00,4627.154,8801.535,7746.886,9856.185
2026-03-18 05:00:00+00:00,4627.154,9066.473,8011.8237,10121.121
2026-03-18 06:00:00+00:00,4627.154,7851.404,6796.755,8906.053
2026-03-18 07:00:00+00:00,4627.154,6064.33,5009.681,7118.979
2026-03-18 08:00:00+00:00,4627.154,6277.4033,5222.7544,7332.052
2026-03-18 09:00:00+00:00,4627.154,4034.149,2979.4998,5088.798
2026-03-18 10:00:00+00:00,4627.154,3546.701,2492.052,4601.3496
2026-03-18 11:00:00+00:00,4627.154,3434.4102,2379.7612,4489.059
2026-03-18 12:00:00+00:00,4627.154,1747.2987,692.64996,2801.9475
2026-03-18 13:00:00+00:00,4627.154,2142.67,1088.0216,3197.3188
2026-03-18 14:00:00+00:00,4627.154,1028.2145,-26.434969,2082.863
2026-03-18 15:00:00+00:00,4627.154,760.7515,-293.89688,1815.4008
2026-03-18 16:00:00+00:00,4627.154,1418.4039,363.75497,2473.0527
2026-03-18 17:00:00+00:00,4627.154,1138.7072,84.05771,2193.356
2026-03-18 18:00:00+00:00,4627.154,1750.1771,695.5279,2804.826
2026-03-18 19:00:00+00:00,4627.154,2686.1555,1631.5067,3740.8044
2026-03-18 20:00:00+00:00,4627.154,3140.7505,2086.1016,4195.3994
2026-03-18 21:00:00+00:00,4627.154,3643.8474,2589.1985,4698.4966
2026-03-18 22:00:00+00:00,4627.154,4319.3955,3264.7463,5374.0444
2026-03-18 23:00:00+00:00,4627.154,5520.7446,4466.0957,6575.3936
2026-03-19 00:00:00+00:00,4627.154,4468.1777,3413.5286,5522.8267
2026-03-19 01:00:00+00:00,4627.154,2981.6335,1926.9847,4036.2825
2026-03-19 02:00:00+00:00,4627.154,2728.9485,1674.2997,3783.5974
2026-03-19 03:00:00+00:00,4627.154,3157.4,2102.751,4212.049
2026-03-19 04:00:00+00:00,4627.154,2960.6846,1906.0358,4015.3335
2026-03-19 05:00:00+00:00,4627.154,2060.9822,1006.33307,3115.631
2026-03-19 06:00:00+00:00,4627.154,1243.2208,188.57187,2297.8694
2026-03-19 07:00:00+00:00,4627.154,427.93124,-626.7177,1482.5802
2026-03-19 08:00:00+00:00,4627.154,-294.75772,-1349.4066,759.8907
2026-03-19 09:00:00+00:00,4627.154,-0.48770326,-1055.1361,1054.1613
2026-03-19 10:00:00+00:00,4627.154,307.30234,-747.3466,1361.9513
2026-03-19 11:00:00+00:00,4627.154,317.71835,-736.9306,1372.3673
2026-03-19 12:00:00+00:00,4627.154,478.43222,-576.21674,1533.0814
2026-03-19 13:00:00+00:00,4627.154,742.0694,-312.5795,1796.7181
2026-03-19 14:00:00+00:00,4627.154,757.38727,-297.26212,1812.0363
2026-03-19 15:00:00+00:00,4627.154,1205.6027,150.9537,2260.2515
2026-03-19 16:00:00+00:00,4627.154,1338.7479,284.09872,2393.3967
2026-03-19 17:00:00+00:00,4627.154,1967.5865,912.9371,3022.2354
2026-03-19 18:00:00+00:00,4627.154,1772.028,717.37897,2826.6768
2026-03-19 19:00:00+00:00,4627.154,2201.755,1147.1061,3256.4038
2026-03-19 20:00:00+00:00,4627.154,2825.658,1771.0092,3880.307
2026-03-19 21:00:00+00:00,4627.154,4654.0615,3599.4128,5708.7104
2026-03-19 22:00:00+00:00,4627.154,3393.9624,2339.3132,4448.6113
2026-03-19 23:00:00+00:00,4627.154,4340.506,3285.8567,5395.155
2026-03-20 00:00:00+00:00,4627.154,3988.2522,2933.6033,5042.9014
2026-03-20 01:00:00+00:00,4627.154,3567.434,2512.785,4622.083
2026-03-20 02:00:00+00:00,4627.154,3052.9524,1998.3036,4107.6016
2026-03-20 03:00:00+00:00,4627.154,3123.2537,2068.6045,4177.9023
2026-03-20 04:00:00+00:00,4627.154,2782.2375,1727.5887,3836.8865
2026-03-20 05:00:00+00:00,4627.154,2928.9475,1874.2987,3983.5964
2026-03-20 06:00:00+00:00,4627.154,2208.234,1153.5851,3262.8828
2026-03-20 07:00:00+00:00,4627.154,950.3985,-104.2504,2005.0472
2026-03-20 08:00:00+00:00,4627.154,393.82822,-660.82074,1448.4774
2026-03-20 09:00:00+00:00,4627.154,158.33456,-896.3149,1212.9835
2026-03-20 10:00:00+00:00,4627.154,98.31601,-956.33344,1152.965
2026-03-20 11:00:00+00:00,4627.154,784.7647,-269.8842,1839.414
2026-03-20 12:00:00+00:00,4627.154,790.48737,-264.16153,1845.1366
2026-03-20 13:00:00+00:00,4627.154,926.7681,-127.88077,1981.4174
2026-03-20 14:00:00+00:00,4627.154,1034.4489,-20.200106,2089.098
2026-03-20 15:00:00+00:00,4627.154,1298.9261,244.27744,2353.575
2026-03-20 16:00:00+00:00,4627.154,1820.3229,765.6739,2874.9717
2026-03-20 17:00:00+00:00,4627.154,1531.9791,477.33017,2586.628
2026-03-20 18:00:00+00:00,4627.154,2304.497,1249.848,3359.146
2026-03-20 19:00:00+00:00,4627.154,1703.2743,648.62555,2757.923
2026-03-20 20:00:00+00:00,4627.154,2423.5193,1368.8705,3478.1682
2026-03-20 21:00:00+00:00,4627.154,1931.515,876.8663,2986.164
2026-03-20 22:00:00+00:00,4627.154,1508.4044,453.75546,2563.0532
2026-03-20 23:00:00+00:00,4627.154,773.9776,-280.67178,1828.6266
2026-03-21 00:00:00+00:00,4627.154,579.4659,-475.183,1634.1151
2026-03-21 01:00:00+00:00,4627.154,587.8741,-466.7748,1642.5231
2026-03-21 02:00:00+00:00,4627.154,1100.2169,45.567963,2154.8657
2026-03-21 03:00:00+00:00,4627.154,2018.3009,963.6519,3072.9497
2026-03-21 04:00:00+00:00,4627.154,1808.349,753.69977,2862.9978
2026-03-21 05:00:00+00:00,4627.154,957.7359,-96.912994,2012.3851
2026-03-21 06:00:00+00:00,4627.154,556.4244,-498.22403,1611.0736
2026-03-21 07:00:00+00:00,4627.154,847.7442,-206.9047,1902.3934
2026-03-21 08:00:00+00:00,4627.154,622.7974,-431.85196,1677.4462
2026-03-21 09:00:00+00:00,4627.154,992.3936,-62.25528,2047.0426
2026-03-21 10:00:00+00:00,4627.154,518.9195,-535.72943,1573.5685
2026-03-21 11:00:00+00:00,4627.154,855.58746,-199.06143,1910.2365
2026-03-21 12:00:00+00:00,4627.154,882.2989,-172.35,1936.9479
2026-03-21 13:00:00+00:00,4627.154,677.856,-376.79337,1732.505
2026-03-21 14:00:00+00:00,4627.154,913.15826,-141.49063,1967.8073
2026-03-21 15:00:00+00:00,4627.154,876.6539,-177.99551,1931.3026
2026-03-21 16:00:00+00:00,4627.154,1061.3517,6.7032146,2116.0007
2026-03-21 17:00:00+00:00,4627.154,2658.0093,1603.3605,3712.6582
2026-03-21 18:00:00+00:00,4627.154,2988.6365,1933.9877,4043.2854
2026-03-21 19:00:00+00:00,4627.154,3615.3628,2560.7139,4670.0117
2026-03-21 20:00:00+00:00,4627.154,4609.1987,3554.5496,5663.8477
2026-03-21 21:00:00+00:00,4627.154,5608.4087,4553.76,6663.0576
2026-03-21 22:00:00+00:00,4627.154,6327.799,5273.15,7382.4478
2026-03-21 23:00:00+00:00,4627.154,7085.9224,6031.2734,8140.5713
